source,sheet,row,person_candidate_group,person_group_rows,entity,phone_count,alternative_contact_present,program_present,owner_alias_suggestion,ctv_roster_name_suggestion,historical_tuition_positive_numeric_unverified,decision,flags
ne2026,NE 2026,4,G00001,1,NE_HISTORY,1,False,True,,,True,REVIEW_STRUCTURE,MISSING_OWNER|PAYMENT_VERIFICATION_PENDING
ne2026,NE 2026,5,G00408,3,NE_HISTORY,1,False,False,,,False,REVIEW_STRUCTURE,MISSING_PROGRAM|MISSING_OWNER|PAYMENT_VERIFICATION_PENDING
ne2026,NE 2026,6,G00002,1,NE_HISTORY,1,False,True,Trinh,,True,MAPPING_OR_PAYMENT_APPROVAL_PENDING,OWNER_APPROVAL_PENDING|PAYMENT_VERIFICATION_PENDING
ne2026,NE 2026,7,G00003,1,NE_HISTORY,2,False,True,Trinh,,True,MAPPING_OR_PAYMENT_APPROVAL_PENDING,OWNER_APPROVAL_PENDING|PAYMENT_VERIFICATION_PENDING
ne2026,NE 2026,8,G01584,2,NE_HISTORY,1,False,True,Trinh,,True,MAPPING_OR_PAYMENT_APPROVAL_PENDING,OWNER_APPROVAL_PENDING|PAYMENT_VERIFICATION_PENDING
ne2026,NE 2026,9,G00004,1,NE_HISTORY,1,False,True,Bình,,True,MAPPING_OR_PAYMENT_APPROVAL_PENDING,OWNER_APPROVAL_PENDING|PAYMENT_VERIFICATION_PENDING
ne2026,NE 2026,10,G00005,1,NE_HISTORY,1,False,True,Thư,,True,MAPPING_OR_PAYMENT_APPROVAL_PENDING,OWNER_APPROVAL_PENDING|PAYMENT_VERIFICATION_PENDING
ne2026,NE 2026,11,G00006,1,NE_HISTORY,1,False,True,Trinh,,True,MAPPING_OR_PAYMENT_APPROVAL_PENDING,OWNER_APPROVAL_PENDING|PAYMENT_VERIFICATION_PENDING
ne2026,NE 2026,12,G00007,1,NE_HISTORY,1,False,True,,,True,MAPPING_OR_PAYMENT_APPROVAL_PENDING,OWNER_APPROVAL_PENDING|PAYMENT_VERIFICATION_PENDING
ne2026,NE 2026,13,G00008,1,NE_HISTORY,1,False,True,,,True,MAPPING_OR_PAYMENT_APPROVAL_PENDING,OWNER_APPROVAL_PENDING|PAYMENT_VERIFICATION_PENDING
ne2026,NE 2026,14,G00009,1,NE_HISTORY,1,False,True,Dương,,True,MAPPING_OR_PAYMENT_APPROVAL_PENDING,OWNER_APPROVAL_PENDING|PAYMENT_VERIFICATION_PENDING
ne2026,NE 2026,15,G00010,1,NE_HISTORY,1,False,True,,,True,REVIEW_STRUCTURE,MISSING_OWNER|PAYMENT_VERIFICATION_PENDING
ne2026,NE 2026,16,G00011,1,NE_HISTORY,1,False,True,Trinh,,True,MAPPING_OR_PAYMENT_APPROVAL_PENDING,OWNER_APPROVAL_PENDING|PAYMENT_VERIFICATION_PENDING
ne2026,NE 2026,17,G00012,1,NE_HISTORY,1,False,True,Thư,,True,MAPPING_OR_PAYMENT_APPROVAL_PENDING,OWNER_APPROVAL_PENDING|PAYMENT_VERIFICATION_PENDING
ne2026,NE 2026,18,G00013,1,NE_HISTORY,1,False,True,,,True,REVIEW_STRUCTURE,MISSING_OWNER|PAYMENT_VERIFICATION_PENDING
ne2026,NE 2026,19,G01586,2,NE_HISTORY,1,False,True,Trinh,,True,MAPPING_OR_PAYMENT_APPROVAL_PENDING,OWNER_APPROVAL_PENDING|PAYMENT_VERIFICATION_PENDING
ne2026,NE 2026,20,G00014,1,NE_HISTORY,1,False,True,Trinh,,True,MAPPING_OR_PAYMENT_APPROVAL_PENDING,OWNER_APPROVAL_PENDING|PAYMENT_VERIFICATION_PENDING
ne2026,NE 2026,21,G00015,1,NE_HISTORY,1,False,True,Bình,,True,MAPPING_OR_PAYMENT_APPROVAL_PENDING,OWNER_APPROVAL_PENDING|PAYMENT_VERIFICATION_PENDING
ne2026,NE 2026,22,G00016,1,NE_HISTORY,1,False,True,Bình,,True,MAPPING_OR_PAYMENT_APPROVAL_PENDING,OWNER_APPROVAL_PENDING|PAYMENT_VERIFICATION_PENDING
ne2026,NE 2026,23,G00502,2,NE_HISTORY,1,False,True,Thư,,True,MAPPING_OR_PAYMENT_APPROVAL_PENDING,OWNER_APPROVAL_PENDING|PAYMENT_VERIFICATION_PENDING
ne2026,NE 2026,24,G00017,1,NE_HISTORY,1,False,True,,,True,REVIEW_STRUCTURE,MISSING_OWNER|PAYMENT_VERIFICATION_PENDING
ne2026,NE 2026,25,G00018,1,NE_HISTORY,1,False,True,Trinh,,True,MAPPING_OR_PAYMENT_APPROVAL_PENDING,OWNER_APPROVAL_PENDING|PAYMENT_VERIFICATION_PENDING
ne2026,NE 2026,26,G00019,1,NE_HISTORY,1,False,True,Trinh,,True,MAPPING_OR_PAYMENT_APPROVAL_PENDING,OWNER_APPROVAL_PENDING|PAYMENT_VERIFICATION_PENDING
ne2026,NE 2026,27,G00020,1,NE_HISTORY,1,False,True,Bình,,True,MAPPING_OR_PAYMENT_APPROVAL_PENDING,OWNER_APPROVAL_PENDING|PAYMENT_VERIFICATION_PENDING
ne2026,NE 2026,28,G00021,1,NE_HISTORY,1,False,True,Bình,,True,MAPPING_OR_PAYMENT_APPROVAL_PENDING,OWNER_APPROVAL_PENDING|PAYMENT_VERIFICATION_PENDING
ne2026,NE 2026,29,G00022,1,NE_HISTORY,1,False,True,Thư,,True,MAPPING_OR_PAYMENT_APPROVAL_PENDING,OWNER_APPROVAL_PENDING|PAYMENT_VERIFICATION_PENDING
ne2026,NE 2026,30,G00023,1,NE_HISTORY,1,False,True,Thư,,True,MAPPING_OR_PAYMENT_APPROVAL_PENDING,OWNER_APPROVAL_PENDING|PAYMENT_VERIFICATION_PENDING
ne2026,NE 2026,31,G00024,1,NE_HISTORY,1,False,True,Thư,,True,MAPPING_OR_PAYMENT_APPROVAL_PENDING,OWNER_APPROVAL_PENDING|PAYMENT_VERIFICATION_PENDING
ne2026,NE 2026,32,G00025,1,NE_HISTORY,1,False,True,Thư,,True,MAPPING_OR_PAYMENT_APPROVAL_PENDING,OWNER_APPROVAL_PENDING|PAYMENT_VERIFICATION_PENDING
ne2026,NE 2026,33,G00026,1,NE_HISTORY,1,False,True,Thư,,True,MAPPING_OR_PAYMENT_APPROVAL_PENDING,OWNER_APPROVAL_PENDING|PAYMENT_VERIFICATION_PENDING
ne2026,NE 2026,34,G00027,1,NE_HISTORY,1,False,True,Thư,,True,MAPPING_OR_PAYMENT_APPROVAL_PENDING,OWNER_APPROVAL_PENDING|PAYMENT_VERIFICATION_PENDING
ne2026,NE 2026,35,G00474,2,NE_HISTORY,1,False,True,Thư,,True,MAPPING_OR_PAYMENT_APPROVAL_PENDING,OWNER_APPROVAL_PENDING|PAYMENT_VERIFICATION_PENDING
ne2026,NE 2026,36,G00028,1,NE_HISTORY,1,False,True,Thư,,True,MAPPING_OR_PAYMENT_APPROVAL_PENDING,OWNER_APPROVAL_PENDING|PAYMENT_VERIFICATION_PENDING
ne2026,NE 2026,37,G01589,2,NE_HISTORY,1,False,True,,,False,REVIEW_STRUCTURE,MISSING_OWNER|PAYMENT_VERIFICATION_PENDING
ne2026,NE 2026,38,G00029,1,NE_HISTORY,1,False,True,,,True,REVIEW_STRUCTURE,MISSING_OWNER|PAYMENT_VERIFICATION_PENDING
ne2026,NE 2026,39,G00030,1,NE_HISTORY,1,False,True,,,True,REVIEW_STRUCTURE,MISSING_OWNER|PAYMENT_VERIFICATION_PENDING
ne2026,NE 2026,40,G00031,1,NE_HISTORY,1,False,True,Bình,,True,MAPPING_OR_PAYMENT_APPROVAL_PENDING,OWNER_APPROVAL_PENDING|PAYMENT_VERIFICATION_PENDING
ne2026,NE 2026,41,G00032,1,NE_HISTORY,1,False,True,Bình,,True,MAPPING_OR_PAYMENT_APPROVAL_PENDING,OWNER_APPROVAL_PENDING|PAYMENT_VERIFICATION_PENDING
ne2026,NE 2026,42,G00033,1,NE_HISTORY,1,False,True,,,True,REVIEW_STRUCTURE,MISSING_OWNER|PAYMENT_VERIFICATION_PENDING
ne2026,NE 2026,43,G00034,1,NE_HISTORY,1,False,True,Thư,,True,MAPPING_OR_PAYMENT_APPROVAL_PENDING,OWNER_APPROVAL_PENDING|PAYMENT_VERIFICATION_PENDING
ne2026,NE 2026,44,G01347,2,NE_HISTORY,1,False,True,Thư,,True,MAPPING_OR_PAYMENT_APPROVAL_PENDING,OWNER_APPROVAL_PENDING|PAYMENT_VERIFICATION_PENDING
ne2026,NE 2026,45,G00035,1,NE_HISTORY,1,False,True,,,True,REVIEW_STRUCTURE,MISSING_OWNER|PAYMENT_VERIFICATION_PENDING
ne2026,NE 2026,46,G00036,1,NE_HISTORY,1,False,True,,,True,REVIEW_STRUCTURE,MISSING_OWNER|PAYMENT_VERIFICATION_PENDING
ne2026,NE 2026,47,G00507,2,NE_HISTORY,1,False,True,Thư,,True,MAPPING_OR_PAYMENT_APPROVAL_PENDING,OWNER_APPROVAL_PENDING|PAYMENT_VERIFICATION_PENDING
ne2026,NE 2026,48,G00037,1,NE_HISTORY,1,False,True,Bình,,True,MAPPING_OR_PAYMENT_APPROVAL_PENDING,OWNER_APPROVAL_PENDING|PAYMENT_VERIFICATION_PENDING
ne2026,NE 2026,49,G00038,1,NE_HISTORY,1,False,True,,,True,REVIEW_STRUCTURE,MISSING_OWNER|PAYMENT_VERIFICATION_PENDING
ne2026,NE 2026,50,G00039,1,NE_HISTORY,1,False,True,,,True,REVIEW_STRUCTURE,MISSING_OWNER|PAYMENT_VERIFICATION_PENDING
ne2026,NE 2026,51,G00511,2,NE_HISTORY,1,False,True,Thư,,True,MAPPING_OR_PAYMENT_APPROVAL_PENDING,OWNER_APPROVAL_PENDING|PAYMENT_VERIFICATION_PENDING
ne2026,NE 2026,52,G00504,2,NE_HISTORY,1,False,True,Thư,,True,MAPPING_OR_PAYMENT_APPROVAL_PENDING,OWNER_APPROVAL_PENDING|PAYMENT_VERIFICATION_PENDING
ne2026,NE 2026,53,G00040,1,NE_HISTORY,1,False,True,,,True,REVIEW_STRUCTURE,MISSING_OWNER|PAYMENT_VERIFICATION_PENDING
ne2026,NE 2026,54,G00505,2,NE_HISTORY,1,False,True,Bình,,True,MAPPING_OR_PAYMENT_APPROVAL_PENDING,OWNER_APPROVAL_PENDING|PAYMENT_VERIFICATION_PENDING
ne2026,NE 2026,55,G00041,1,NE_HISTORY,0,False,True,Thư,,True,REVIEW_STRUCTURE,NO_VALID_CONTACT|OWNER_APPROVAL_PENDING|PAYMENT_VERIFICATION_PENDING
ne2026,NE 2026,56,G00042,1,NE_HISTORY,1,False,True,,,True,REVIEW_STRUCTURE,MISSING_OWNER|PAYMENT_VERIFICATION_PENDING
ne2026,NE 2026,57,G00043,1,NE_HISTORY,1,False,True,,,True,REVIEW_STRUCTURE,MISSING_OWNER|PAYMENT_VERIFICATION_PENDING
ne2026,NE 2026,58,G00509,2,NE_HISTORY,1,False,True,Bình,,True,MAPPING_OR_PAYMENT_APPROVAL_PENDING,OWNER_APPROVAL_PENDING|PAYMENT_VERIFICATION_PENDING
ne2026,NE 2026,59,G00044,1,NE_HISTORY,1,False,True,,,True,REVIEW_STRUCTURE,MISSING_OWNER|PAYMENT_VERIFICATION_PENDING
ne2026,NE 2026,60,G00045,1,NE_HISTORY,1,False,True,,,True,REVIEW_STRUCTURE,MISSING_OWNER|PAYMENT_VERIFICATION_PENDING
ne2026,NE 2026,61,G00046,1,NE_HISTORY,1,False,True,Bình,,True,MAPPING_OR_PAYMENT_APPROVAL_PENDING,OWNER_APPROVAL_PENDING|PAYMENT_VERIFICATION_PENDING
ne2026,NE 2026,62,G00506,2,NE_HISTORY,1,False,True,Thư,,True,MAPPING_OR_PAYMENT_APPROVAL_PENDING,OWNER_APPROVAL_PENDING|PAYMENT_VERIFICATION_PENDING
ne2026,NE 2026,63,G00047,1,NE_HISTORY,1,False,True,Thư,,True,MAPPING_OR_PAYMENT_APPROVAL_PENDING,OWNER_APPROVAL_PENDING|PAYMENT_VERIFICATION_PENDING
ne2026,NE 2026,64,G00048,1,NE_HISTORY,1,False,True,Thư,,True,MAPPING_OR_PAYMENT_APPROVAL_PENDING,OWNER_APPROVAL_PENDING|PAYMENT_VERIFICATION_PENDING
ne2026,NE 2026,65,G00518,2,NE_HISTORY,1,False,True,Bình,,True,MAPPING_OR_PAYMENT_APPROVAL_PENDING,OWNER_APPROVAL_PENDING|PAYMENT_VERIFICATION_PENDING
ne2026,NE 2026,66,G00516,2,NE_HISTORY,1,False,True,,,True,MAPPING_OR_PAYMENT_APPROVAL_PENDING,OWNER_APPROVAL_PENDING|PAYMENT_VERIFICATION_PENDING
ne2026,NE 2026,67,G00519,2,NE_HISTORY,1,False,True,,,True,MAPPING_OR_PAYMENT_APPROVAL_PENDING,OWNER_APPROVAL_PENDING|PAYMENT_VERIFICATION_PENDING
ne2026,NE 2026,68,G00049,1,NE_HISTORY,1,False,True,,,True,MAPPING_OR_PAYMENT_APPROVAL_PENDING,OWNER_APPROVAL_PENDING|PAYMENT_VERIFICATION_PENDING
ne2026,NE 2026,69,G00050,1,NE_HISTORY,1,False,True,Bình,,True,MAPPING_OR_PAYMENT_APPROVAL_PENDING,OWNER_APPROVAL_PENDING|PAYMENT_VERIFICATION_PENDING
ne2026,NE 2026,70,G00051,1,NE_HISTORY,1,False,True,Bình,,True,MAPPING_OR_PAYMENT_APPROVAL_PENDING,OWNER_APPROVAL_PENDING|PAYMENT_VERIFICATION_PENDING
ne2026,NE 2026,71,G00517,2,NE_HISTORY,1,False,True,Thư,,True,MAPPING_OR_PAYMENT_APPROVAL_PENDING,OWNER_APPROVAL_PENDING|PAYMENT_VERIFICATION_PENDING
ne2026,NE 2026,72,G00523,2,NE_HISTORY,1,False,True,Thư,,True,MAPPING_OR_PAYMENT_APPROVAL_PENDING,OWNER_APPROVAL_PENDING|PAYMENT_VERIFICATION_PENDING
ne2026,NE 2026,73,G00479,2,NE_HISTORY,1,False,True,Thư,,True,MAPPING_OR_PAYMENT_APPROVAL_PENDING,OWNER_APPROVAL_PENDING|PAYMENT_VERIFICATION_PENDING
ne2026,NE 2026,74,G00052,1,NE_HISTORY,1,False,True,Bình,,True,MAPPING_OR_PAYMENT_APPROVAL_PENDING,OWNER_APPROVAL_PENDING|PAYMENT_VERIFICATION_PENDING
ne2026,NE 2026,75,G00522,2,NE_HISTORY,1,False,True,Thư,,True,MAPPING_OR_PAYMENT_APPROVAL_PENDING,OWNER_APPROVAL_PENDING|PAYMENT_VERIFICATION_PENDING
ne2026,NE 2026,76,G00521,2,NE_HISTORY,1,False,True,Thư,,True,MAPPING_OR_PAYMENT_APPROVAL_PENDING,OWNER_APPROVAL_PENDING|PAYMENT_VERIFICATION_PENDING
ne2026,NE 2026,77,G00053,1,NE_HISTORY,1,False,True,,,True,MAPPING_OR_PAYMENT_APPROVAL_PENDING,OWNER_APPROVAL_PENDING|PAYMENT_VERIFICATION_PENDING
ne2026,NE 2026,78,G00054,1,NE_HISTORY,1,False,True,Bình,,True,MAPPING_OR_PAYMENT_APPROVAL_PENDING,OWNER_APPROVAL_PENDING|PAYMENT_VERIFICATION_PENDING
ne2026,NE 2026,79,G00525,2,NE_HISTORY,1,False,True,Thư,,True,MAPPING_OR_PAYMENT_APPROVAL_PENDING,OWNER_APPROVAL_PENDING|PAYMENT_VERIFICATION_PENDING
ne2026,NE 2026,80,G00512,2,NE_HISTORY,1,False,True,Trinh,,True,MAPPING_OR_PAYMENT_APPROVAL_PENDING,OWNER_APPROVAL_PENDING|PAYMENT_VERIFICATION_PENDING
ne2026,NE 2026,81,G00515,2,NE_HISTORY,1,False,True,Thư,,True,MAPPING_OR_PAYMENT_APPROVAL_PENDING,OWNER_APPROVAL_PENDING|PAYMENT_VERIFICATION_PENDING
ne2026,NE 2026,82,G00524,3,NE_HISTORY,1,False,True,Thư,,True,MAPPING_OR_PAYMENT_APPROVAL_PENDING,OWNER_APPROVAL_PENDING|PAYMENT_VERIFICATION_PENDING
ne2026,NE 2026,83,G00055,1,NE_HISTORY,1,False,True,Thư,,True,MAPPING_OR_PAYMENT_APPROVAL_PENDING,OWNER_APPROVAL_PENDING|PAYMENT_VERIFICATION_PENDING
ne2026,NE 2026,84,G00056,1,NE_HISTORY,1,False,True,Thư,,True,MAPPING_OR_PAYMENT_APPROVAL_PENDING,OWNER_APPROVAL_PENDING|PAYMENT_VERIFICATION_PENDING
ne2026,NE 2026,85,G00057,1,NE_HISTORY,1,False,True,Thư,,True,MAPPING_OR_PAYMENT_APPROVAL_PENDING,OWNER_APPROVAL_PENDING|PAYMENT_VERIFICATION_PENDING
ne2026,NE 2026,86,G00058,1,NE_HISTORY,1,False,True,Thư,,True,MAPPING_OR_PAYMENT_APPROVAL_PENDING,OWNER_APPROVAL_PENDING|PAYMENT_VERIFICATION_PENDING
ne2026,NE 2026,87,G01230,2,NE_HISTORY,1,False,True,Thư,,True,MAPPING_OR_PAYMENT_APPROVAL_PENDING,OWNER_APPROVAL_PENDING|PAYMENT_VERIFICATION_PENDING
ne2026,NE 2026,88,G00059,1,NE_HISTORY,1,False,True,,,True,MAPPING_OR_PAYMENT_APPROVAL_PENDING,OWNER_APPROVAL_PENDING|PAYMENT_VERIFICATION_PENDING
ne2026,NE 2026,89,G00060,1,NE_HISTORY,1,False,True,Trinh,,True,MAPPING_OR_PAYMENT_APPROVAL_PENDING,OWNER_APPROVAL_PENDING|PAYMENT_VERIFICATION_PENDING
ne2026,NE 2026,90,G00061,1,NE_HISTORY,1,False,True,Thư,,True,MAPPING_OR_PAYMENT_APPROVAL_PENDING,OWNER_APPROVAL_PENDING|PAYMENT_VERIFICATION_PENDING
ne2026,NE 2026,91,G00529,2,NE_HISTORY,1,False,True,Bình,,True,MAPPING_OR_PAYMENT_APPROVAL_PENDING,OWNER_APPROVAL_PENDING|PAYMENT_VERIFICATION_PENDING
ne2026,NE 2026,92,G00531,2,NE_HISTORY,1,False,True,Bình,,True,MAPPING_OR_PAYMENT_APPROVAL_PENDING,OWNER_APPROVAL_PENDING|PAYMENT_VERIFICATION_PENDING
ne2026,NE 2026,93,G00532,2,NE_HISTORY,1,False,True,Thư,,True,MAPPING_OR_PAYMENT_APPROVAL_PENDING,OWNER_APPROVAL_PENDING|PAYMENT_VERIFICATION_PENDING
ne2026,NE 2026,94,G00062,1,NE_HISTORY,1,False,True,,,True,MAPPING_OR_PAYMENT_APPROVAL_PENDING,OWNER_APPROVAL_PENDING|PAYMENT_VERIFICATION_PENDING
ne2026,NE 2026,95,G00063,1,NE_HISTORY,1,False,True,Thư,,True,MAPPING_OR_PAYMENT_APPROVAL_PENDING,OWNER_APPROVAL_PENDING|PAYMENT_VERIFICATION_PENDING
ne2026,NE 2026,96,G00538,3,NE_HISTORY,1,False,True,Bình,,True,MAPPING_OR_PAYMENT_APPROVAL_PENDING,OWNER_APPROVAL_PENDING|PAYMENT_VERIFICATION_PENDING
ne2026,NE 2026,97,G00539,3,NE_HISTORY,1,False,True,Thư,,True,MAPPING_OR_PAYMENT_APPROVAL_PENDING,OWNER_APPROVAL_PENDING|PAYMENT_VERIFICATION_PENDING
ne2026,NE 2026,98,G00536,2,NE_HISTORY,1,False,True,Bình,,True,MAPPING_OR_PAYMENT_APPROVAL_PENDING,OWNER_APPROVAL_PENDING|PAYMENT_VERIFICATION_PENDING
ne2026,NE 2026,99,G00575,2,NE_HISTORY,1,False,True,Thư,,True,MAPPING_OR_PAYMENT_APPROVAL_PENDING,OWNER_APPROVAL_PENDING|PAYMENT_VERIFICATION_PENDING
ne2026,NE 2026,100,G00541,2,NE_HISTORY,1,False,True,Thư,,True,MAPPING_OR_PAYMENT_APPROVAL_PENDING,OWNER_APPROVAL_PENDING|PAYMENT_VERIFICATION_PENDING
ne2026,NE 2026,101,G00064,1,NE_HISTORY,1,False,True,Bình,,True,MAPPING_OR_PAYMENT_APPROVAL_PENDING,OWNER_APPROVAL_PENDING|PAYMENT_VERIFICATION_PENDING
ne2026,NE 2026,102,G00065,1,NE_HISTORY,1,False,True,Dương,,True,MAPPING_OR_PAYMENT_APPROVAL_PENDING,OWNER_APPROVAL_PENDING|PAYMENT_VERIFICATION_PENDING
ne2026,NE 2026,103,G00540,2,NE_HISTORY,1,False,True,Bình,,True,MAPPING_OR_PAYMENT_APPROVAL_PENDING,OWNER_APPROVAL_PENDING|PAYMENT_VERIFICATION_PENDING
ne2026,NE 2026,104,G01572,2,NE_HISTORY,1,False,True,Thư,,True,MAPPING_OR_PAYMENT_APPROVAL_PENDING,OWNER_APPROVAL_PENDING|PAYMENT_VERIFICATION_PENDING
ne2026,NE 2026,105,G00543,2,NE_HISTORY,1,False,True,Bình,,True,MAPPING_OR_PAYMENT_APPROVAL_PENDING,OWNER_APPROVAL_PENDING|PAYMENT_VERIFICATION_PENDING
ne2026,NE 2026,106,G00535,2,NE_HISTORY,1,False,True,Thư,,True,MAPPING_OR_PAYMENT_APPROVAL_PENDING,OWNER_APPROVAL_PENDING|PAYMENT_VERIFICATION_PENDING
ne2026,NE 2026,107,G00527,2,NE_HISTORY,1,False,True,Thư,,True,MAPPING_OR_PAYMENT_APPROVAL_PENDING,OWNER_APPROVAL_PENDING|PAYMENT_VERIFICATION_PENDING
ne2026,NE 2026,108,G00066,1,NE_HISTORY,1,False,True,Dương,,True,MAPPING_OR_PAYMENT_APPROVAL_PENDING,OWNER_APPROVAL_PENDING|PAYMENT_VERIFICATION_PENDING
ne2026,NE 2026,109,G00067,1,NE_HISTORY,1,False,True,Trinh,,True,MAPPING_OR_PAYMENT_APPROVAL_PENDING,OWNER_APPROVAL_PENDING|PAYMENT_VERIFICATION_PENDING
ne2026,NE 2026,110,G00068,1,NE_HISTORY,1,False,True,Dương,,True,MAPPING_OR_PAYMENT_APPROVAL_PENDING,OWNER_APPROVAL_PENDING|PAYMENT_VERIFICATION_PENDING
ne2026,NE 2026,111,G00069,1,NE_HISTORY,1,False,True,Thư,,True,MAPPING_OR_PAYMENT_APPROVAL_PENDING,OWNER_APPROVAL_PENDING|PAYMENT_VERIFICATION_PENDING
ne2026,NE 2026,112,G00070,1,NE_HISTORY,1,False,True,Bình,,True,MAPPING_OR_PAYMENT_APPROVAL_PENDING,OWNER_APPROVAL_PENDING|PAYMENT_VERIFICATION_PENDING
ne2026,NE 2026,113,G00547,3,NE_HISTORY,1,False,True,Dương,,True,MAPPING_OR_PAYMENT_APPROVAL_PENDING,OWNER_APPROVAL_PENDING|PAYMENT_VERIFICATION_PENDING
ne2026,NE 2026,114,G00546,3,NE_HISTORY,1,False,True,Dương,,True,MAPPING_OR_PAYMENT_APPROVAL_PENDING,OWNER_APPROVAL_PENDING|PAYMENT_VERIFICATION_PENDING
ne2026,NE 2026,115,G00537,2,NE_HISTORY,1,False,True,Bình,,True,MAPPING_OR_PAYMENT_APPROVAL_PENDING,OWNER_APPROVAL_PENDING|PAYMENT_VERIFICATION_PENDING
ne2026,NE 2026,116,G00548,2,NE_HISTORY,1,False,True,Bình,,True,MAPPING_OR_PAYMENT_APPROVAL_PENDING,OWNER_APPROVAL_PENDING|PAYMENT_VERIFICATION_PENDING
ne2026,NE 2026,117,G00549,2,NE_HISTORY,1,False,True,Tính,,True,MAPPING_OR_PAYMENT_APPROVAL_PENDING,OWNER_APPROVAL_PENDING|PAYMENT_VERIFICATION_PENDING
ne2026,NE 2026,118,G00071,1,NE_HISTORY,1,False,True,Bình,,True,MAPPING_OR_PAYMENT_APPROVAL_PENDING,OWNER_APPROVAL_PENDING|PAYMENT_VERIFICATION_PENDING
ne2026,NE 2026,119,G00576,3,NE_HISTORY,1,False,True,Dương,,True,MAPPING_OR_PAYMENT_APPROVAL_PENDING,OWNER_APPROVAL_PENDING|PAYMENT_VERIFICATION_PENDING
ne2026,NE 2026,120,G00577,3,NE_HISTORY,1,False,True,Dương,,True,MAPPING_OR_PAYMENT_APPROVAL_PENDING,OWNER_APPROVAL_PENDING|PAYMENT_VERIFICATION_PENDING
ne2026,NE 2026,121,G00514,2,NE_HISTORY,1,False,True,Thư,,True,MAPPING_OR_PAYMENT_APPROVAL_PENDING,OWNER_APPROVAL_PENDING|PAYMENT_VERIFICATION_PENDING
ne2026,NE 2026,122,G00578,2,NE_HISTORY,1,False,True,Thư,,True,MAPPING_OR_PAYMENT_APPROVAL_PENDING,OWNER_APPROVAL_PENDING|PAYMENT_VERIFICATION_PENDING
ne2026,NE 2026,123,G00508,2,NE_HISTORY,1,False,True,Bình,,True,MAPPING_OR_PAYMENT_APPROVAL_PENDING,OWNER_APPROVAL_PENDING|PAYMENT_VERIFICATION_PENDING
ne2026,NE 2026,124,G00072,1,NE_HISTORY,1,False,True,Dương,,True,MAPPING_OR_PAYMENT_APPROVAL_PENDING,OWNER_APPROVAL_PENDING|PAYMENT_VERIFICATION_PENDING
ne2026,NE 2026,125,G00073,1,NE_HISTORY,1,False,True,Dương,,True,MAPPING_OR_PAYMENT_APPROVAL_PENDING,OWNER_APPROVAL_PENDING|PAYMENT_VERIFICATION_PENDING
ne2026,NE 2026,126,G00565,2,NE_HISTORY,1,False,True,Trinh,,True,MAPPING_OR_PAYMENT_APPROVAL_PENDING,OWNER_APPROVAL_PENDING|PAYMENT_VERIFICATION_PENDING
ne2026,NE 2026,127,G00566,2,NE_HISTORY,2,False,True,Trinh,,True,MAPPING_OR_PAYMENT_APPROVAL_PENDING,OWNER_APPROVAL_PENDING|PAYMENT_VERIFICATION_PENDING
ne2026,NE 2026,128,G00074,1,NE_HISTORY,1,False,True,Thư,,True,MAPPING_OR_PAYMENT_APPROVAL_PENDING,OWNER_APPROVAL_PENDING|PAYMENT_VERIFICATION_PENDING
ne2026,NE 2026,129,G00552,2,NE_HISTORY,1,False,True,Bình,,True,MAPPING_OR_PAYMENT_APPROVAL_PENDING,OWNER_APPROVAL_PENDING|PAYMENT_VERIFICATION_PENDING
ne2026,NE 2026,130,G00553,2,NE_HISTORY,1,False,True,Tính,,True,MAPPING_OR_PAYMENT_APPROVAL_PENDING,OWNER_APPROVAL_PENDING|PAYMENT_VERIFICATION_PENDING
ne2026,NE 2026,131,G00554,2,NE_HISTORY,1,False,True,Thư,,True,MAPPING_OR_PAYMENT_APPROVAL_PENDING,OWNER_APPROVAL_PENDING|PAYMENT_VERIFICATION_PENDING
ne2026,NE 2026,132,G00562,2,NE_HISTORY,1,False,True,Tính,,True,MAPPING_OR_PAYMENT_APPROVAL_PENDING,OWNER_APPROVAL_PENDING|PAYMENT_VERIFICATION_PENDING
ne2026,NE 2026,133,G00075,1,NE_HISTORY,1,False,True,Dương,,True,MAPPING_OR_PAYMENT_APPROVAL_PENDING,OWNER_APPROVAL_PENDING|PAYMENT_VERIFICATION_PENDING
ne2026,NE 2026,134,G00076,1,NE_HISTORY,1,False,True,Dương,,True,MAPPING_OR_PAYMENT_APPROVAL_PENDING,OWNER_APPROVAL_PENDING|PAYMENT_VERIFICATION_PENDING
ne2026,NE 2026,135,G00555,2,NE_HISTORY,2,False,True,Thư,,True,MAPPING_OR_PAYMENT_APPROVAL_PENDING,OWNER_APPROVAL_PENDING|PAYMENT_VERIFICATION_PENDING
ne2026,NE 2026,136,G00077,1,NE_HISTORY,1,False,True,Bình,,True,MAPPING_OR_PAYMENT_APPROVAL_PENDING,OWNER_APPROVAL_PENDING|PAYMENT_VERIFICATION_PENDING
ne2026,NE 2026,137,G00550,2,NE_HISTORY,1,False,True,Bình,,True,MAPPING_OR_PAYMENT_APPROVAL_PENDING,OWNER_APPROVAL_PENDING|PAYMENT_VERIFICATION_PENDING
ne2026,NE 2026,138,G00078,1,NE_HISTORY,1,False,True,Thư,,True,MAPPING_OR_PAYMENT_APPROVAL_PENDING,OWNER_APPROVAL_PENDING|PAYMENT_VERIFICATION_PENDING
ne2026,NE 2026,139,G00923,2,NE_HISTORY,1,False,True,Thư,,True,MAPPING_OR_PAYMENT_APPROVAL_PENDING,OWNER_APPROVAL_PENDING|PAYMENT_VERIFICATION_PENDING
ne2026,NE 2026,140,G00079,1,NE_HISTORY,1,False,True,Dương,,True,MAPPING_OR_PAYMENT_APPROVAL_PENDING,OWNER_APPROVAL_PENDING|PAYMENT_VERIFICATION_PENDING
ne2026,NE 2026,141,G00080,1,NE_HISTORY,1,False,True,Thư,,True,MAPPING_OR_PAYMENT_APPROVAL_PENDING,OWNER_APPROVAL_PENDING|PAYMENT_VERIFICATION_PENDING
ne2026,NE 2026,142,G00579,2,NE_HISTORY,1,False,True,Bình,,True,MAPPING_OR_PAYMENT_APPROVAL_PENDING,OWNER_APPROVAL_PENDING|PAYMENT_VERIFICATION_PENDING
ne2026,NE 2026,143,G01080,2,NE_HISTORY,1,False,True,Thư,,True,MAPPING_OR_PAYMENT_APPROVAL_PENDING,OWNER_APPROVAL_PENDING|PAYMENT_VERIFICATION_PENDING
ne2026,NE 2026,144,G00580,3,NE_HISTORY,1,False,True,Dương,,True,MAPPING_OR_PAYMENT_APPROVAL_PENDING,OWNER_APPROVAL_PENDING|PAYMENT_VERIFICATION_PENDING
ne2026,NE 2026,145,G00081,1,NE_HISTORY,1,False,True,Thư,,True,MAPPING_OR_PAYMENT_APPROVAL_PENDING,OWNER_APPROVAL_PENDING|PAYMENT_VERIFICATION_PENDING
ne2026,NE 2026,146,G00545,3,NE_HISTORY,1,False,True,Thư,,True,MAPPING_OR_PAYMENT_APPROVAL_PENDING,OWNER_APPROVAL_PENDING|PAYMENT_VERIFICATION_PENDING
ne2026,NE 2026,147,G00082,1,NE_HISTORY,1,False,True,Tính,,True,MAPPING_OR_PAYMENT_APPROVAL_PENDING,OWNER_APPROVAL_PENDING|PAYMENT_VERIFICATION_PENDING
ne2026,NE 2026,148,G00083,1,NE_HISTORY,1,False,True,Tính,,True,MAPPING_OR_PAYMENT_APPROVAL_PENDING,OWNER_APPROVAL_PENDING|PAYMENT_VERIFICATION_PENDING
ne2026,NE 2026,149,G00084,1,NE_HISTORY,1,False,True,Tính,,True,MAPPING_OR_PAYMENT_APPROVAL_PENDING,OWNER_APPROVAL_PENDING|PAYMENT_VERIFICATION_PENDING
ne2026,NE 2026,150,G00085,1,NE_HISTORY,1,False,True,Bình,,True,MAPPING_OR_PAYMENT_APPROVAL_PENDING,OWNER_APPROVAL_PENDING|PAYMENT_VERIFICATION_PENDING
ne2026,NE 2026,151,G00594,2,NE_HISTORY,1,False,True,Dương,,True,MAPPING_OR_PAYMENT_APPROVAL_PENDING,OWNER_APPROVAL_PENDING|PAYMENT_VERIFICATION_PENDING
ne2026,NE 2026,152,G00086,1,NE_HISTORY,1,False,True,Bình,,True,MAPPING_OR_PAYMENT_APPROVAL_PENDING,OWNER_APPROVAL_PENDING|PAYMENT_VERIFICATION_PENDING
ne2026,NE 2026,153,G00087,1,NE_HISTORY,1,False,True,,,True,MAPPING_OR_PAYMENT_APPROVAL_PENDING,OWNER_APPROVAL_PENDING|PAYMENT_VERIFICATION_PENDING
ne2026,NE 2026,154,G00561,2,NE_HISTORY,1,False,True,Bình,,True,MAPPING_OR_PAYMENT_APPROVAL_PENDING,OWNER_APPROVAL_PENDING|PAYMENT_VERIFICATION_PENDING
ne2026,NE 2026,155,G00564,3,NE_HISTORY,1,False,True,Bình,,True,MAPPING_OR_PAYMENT_APPROVAL_PENDING,OWNER_APPROVAL_PENDING|PAYMENT_VERIFICATION_PENDING
ne2026,NE 2026,156,G00088,1,NE_HISTORY,1,False,True,Dương,,True,MAPPING_OR_PAYMENT_APPROVAL_PENDING,OWNER_APPROVAL_PENDING|PAYMENT_VERIFICATION_PENDING
ne2026,NE 2026,157,G00572,2,NE_HISTORY,1,False,True,Tính,,True,MAPPING_OR_PAYMENT_APPROVAL_PENDING,OWNER_APPROVAL_PENDING|PAYMENT_VERIFICATION_PENDING
ne2026,NE 2026,158,G00089,1,NE_HISTORY,1,False,True,Thư,,True,MAPPING_OR_PAYMENT_APPROVAL_PENDING,OWNER_APPROVAL_PENDING|PAYMENT_VERIFICATION_PENDING
ne2026,NE 2026,159,G00563,2,NE_HISTORY,1,False,True,Thư,,True,MAPPING_OR_PAYMENT_APPROVAL_PENDING,OWNER_APPROVAL_PENDING|PAYMENT_VERIFICATION_PENDING
ne2026,NE 2026,160,G00595,2,NE_HISTORY,1,False,True,Dương,,True,MAPPING_OR_PAYMENT_APPROVAL_PENDING,OWNER_APPROVAL_PENDING|PAYMENT_VERIFICATION_PENDING
ne2026,NE 2026,161,G00090,1,NE_HISTORY,1,False,True,Dương,,False,MAPPING_OR_PAYMENT_APPROVAL_PENDING,OWNER_APPROVAL_PENDING|PAYMENT_VERIFICATION_PENDING
ne2026,NE 2026,162,G00551,2,NE_HISTORY,1,False,True,Thư,,True,MAPPING_OR_PAYMENT_APPROVAL_PENDING,OWNER_APPROVAL_PENDING|PAYMENT_VERIFICATION_PENDING
ne2026,NE 2026,163,G00608,2,NE_HISTORY,1,False,True,Thư,,True,MAPPING_OR_PAYMENT_APPROVAL_PENDING,OWNER_APPROVAL_PENDING|PAYMENT_VERIFICATION_PENDING
ne2026,NE 2026,164,G00091,1,NE_HISTORY,1,False,True,Bình,,True,MAPPING_OR_PAYMENT_APPROVAL_PENDING,OWNER_APPROVAL_PENDING|PAYMENT_VERIFICATION_PENDING
ne2026,NE 2026,165,G00092,1,NE_HISTORY,1,False,True,Bình,,True,MAPPING_OR_PAYMENT_APPROVAL_PENDING,OWNER_APPROVAL_PENDING|PAYMENT_VERIFICATION_PENDING
ne2026,NE 2026,166,G00569,2,NE_HISTORY,1,False,True,Tính,,True,MAPPING_OR_PAYMENT_APPROVAL_PENDING,OWNER_APPROVAL_PENDING|PAYMENT_VERIFICATION_PENDING
ne2026,NE 2026,167,G00093,1,NE_HISTORY,1,False,True,Thư,,True,MAPPING_OR_PAYMENT_APPROVAL_PENDING,OWNER_APPROVAL_PENDING|PAYMENT_VERIFICATION_PENDING
ne2026,NE 2026,168,G00094,1,NE_HISTORY,1,False,True,Bình,,True,MAPPING_OR_PAYMENT_APPROVAL_PENDING,OWNER_APPROVAL_PENDING|PAYMENT_VERIFICATION_PENDING
ne2026,NE 2026,169,G00567,2,NE_HISTORY,1,False,True,Bình,,True,MAPPING_OR_PAYMENT_APPROVAL_PENDING,OWNER_APPROVAL_PENDING|PAYMENT_VERIFICATION_PENDING
ne2026,NE 2026,170,G00095,1,NE_HISTORY,1,False,True,Thư,,True,MAPPING_OR_PAYMENT_APPROVAL_PENDING,OWNER_APPROVAL_PENDING|PAYMENT_VERIFICATION_PENDING
ne2026,NE 2026,171,G00096,1,NE_HISTORY,1,False,True,Thư,,True,MAPPING_OR_PAYMENT_APPROVAL_PENDING,OWNER_APPROVAL_PENDING|PAYMENT_VERIFICATION_PENDING
ne2026,NE 2026,172,G00097,1,NE_HISTORY,1,False,True,Bình,,True,MAPPING_OR_PAYMENT_APPROVAL_PENDING,OWNER_APPROVAL_PENDING|PAYMENT_VERIFICATION_PENDING
ne2026,NE 2026,173,G00098,1,NE_HISTORY,1,False,True,Thư,,True,MAPPING_OR_PAYMENT_APPROVAL_PENDING,OWNER_APPROVAL_PENDING|PAYMENT_VERIFICATION_PENDING
ne2026,NE 2026,174,G00568,2,NE_HISTORY,1,False,True,Thư,,True,MAPPING_OR_PAYMENT_APPROVAL_PENDING,OWNER_APPROVAL_PENDING|PAYMENT_VERIFICATION_PENDING
ne2026,NE 2026,175,G00596,2,NE_HISTORY,1,False,True,Dương,,True,MAPPING_OR_PAYMENT_APPROVAL_PENDING,OWNER_APPROVAL_PENDING|PAYMENT_VERIFICATION_PENDING
ne2026,NE 2026,176,G00099,1,NE_HISTORY,1,False,True,Dương,,True,MAPPING_OR_PAYMENT_APPROVAL_PENDING,OWNER_APPROVAL_PENDING|PAYMENT_VERIFICATION_PENDING
ne2026,NE 2026,177,G00100,1,NE_HISTORY,1,False,True,Dương,,True,MAPPING_OR_PAYMENT_APPROVAL_PENDING,OWNER_APPROVAL_PENDING|PAYMENT_VERIFICATION_PENDING
ne2026,NE 2026,178,G00101,1,NE_HISTORY,1,False,True,Dương,,True,MAPPING_OR_PAYMENT_APPROVAL_PENDING,OWNER_APPROVAL_PENDING|PAYMENT_VERIFICATION_PENDING
ne2026,NE 2026,179,G00102,1,NE_HISTORY,1,False,True,Dương,,True,MAPPING_OR_PAYMENT_APPROVAL_PENDING,OWNER_APPROVAL_PENDING|PAYMENT_VERIFICATION_PENDING
ne2026,NE 2026,180,G00597,2,NE_HISTORY,1,False,True,Dương,,True,MAPPING_OR_PAYMENT_APPROVAL_PENDING,OWNER_APPROVAL_PENDING|PAYMENT_VERIFICATION_PENDING
ne2026,NE 2026,181,G00103,1,NE_HISTORY,1,False,True,Dương,,True,MAPPING_OR_PAYMENT_APPROVAL_PENDING,OWNER_APPROVAL_PENDING|PAYMENT_VERIFICATION_PENDING
ne2026,NE 2026,182,G00104,1,NE_HISTORY,1,False,True,Trinh,,True,MAPPING_OR_PAYMENT_APPROVAL_PENDING,OWNER_APPROVAL_PENDING|PAYMENT_VERIFICATION_PENDING
ne2026,NE 2026,183,G00581,2,NE_HISTORY,1,False,True,Thư,,True,MAPPING_OR_PAYMENT_APPROVAL_PENDING,OWNER_APPROVAL_PENDING|PAYMENT_VERIFICATION_PENDING
ne2026,NE 2026,184,G00583,2,NE_HISTORY,1,False,True,Bình,,True,MAPPING_OR_PAYMENT_APPROVAL_PENDING,OWNER_APPROVAL_PENDING|PAYMENT_VERIFICATION_PENDING
ne2026,NE 2026,185,G00105,1,NE_HISTORY,1,False,True,Thư,,True,MAPPING_OR_PAYMENT_APPROVAL_PENDING,OWNER_APPROVAL_PENDING|PAYMENT_VERIFICATION_PENDING
ne2026,NE 2026,186,G00106,1,NE_HISTORY,1,False,True,Dương,,True,MAPPING_OR_PAYMENT_APPROVAL_PENDING,OWNER_APPROVAL_PENDING|PAYMENT_VERIFICATION_PENDING
ne2026,NE 2026,187,G00107,1,NE_HISTORY,1,False,True,Dương,,True,MAPPING_OR_PAYMENT_APPROVAL_PENDING,OWNER_APPROVAL_PENDING|PAYMENT_VERIFICATION_PENDING
ne2026,NE 2026,188,G00607,2,NE_HISTORY,1,False,True,Bình,,True,MAPPING_OR_PAYMENT_APPROVAL_PENDING,OWNER_APPROVAL_PENDING|PAYMENT_VERIFICATION_PENDING
ne2026,NE 2026,189,G00584,2,NE_HISTORY,1,False,True,Thư,,True,MAPPING_OR_PAYMENT_APPROVAL_PENDING,OWNER_APPROVAL_PENDING|PAYMENT_VERIFICATION_PENDING
ne2026,NE 2026,190,G00108,1,NE_HISTORY,1,False,True,Dương,,True,MAPPING_OR_PAYMENT_APPROVAL_PENDING,OWNER_APPROVAL_PENDING|PAYMENT_VERIFICATION_PENDING
ne2026,NE 2026,191,G00598,2,NE_HISTORY,1,False,True,Dương,,True,MAPPING_OR_PAYMENT_APPROVAL_PENDING,OWNER_APPROVAL_PENDING|PAYMENT_VERIFICATION_PENDING
ne2026,NE 2026,192,G00109,1,NE_HISTORY,1,False,True,Thư,,True,MAPPING_OR_PAYMENT_APPROVAL_PENDING,OWNER_APPROVAL_PENDING|PAYMENT_VERIFICATION_PENDING
ne2026,NE 2026,193,G00574,2,NE_HISTORY,1,False,True,Trinh,,True,MAPPING_OR_PAYMENT_APPROVAL_PENDING,OWNER_APPROVAL_PENDING|PAYMENT_VERIFICATION_PENDING
ne2026,NE 2026,194,G00571,2,NE_HISTORY,1,False,True,Tính,,True,MAPPING_OR_PAYMENT_APPROVAL_PENDING,OWNER_APPROVAL_PENDING|PAYMENT_VERIFICATION_PENDING
ne2026,NE 2026,195,G00110,1,NE_HISTORY,1,False,True,Dương,,True,MAPPING_OR_PAYMENT_APPROVAL_PENDING,OWNER_APPROVAL_PENDING|PAYMENT_VERIFICATION_PENDING
ne2026,NE 2026,196,G00111,1,NE_HISTORY,1,False,True,Tính,,True,MAPPING_OR_PAYMENT_APPROVAL_PENDING,OWNER_APPROVAL_PENDING|PAYMENT_VERIFICATION_PENDING
ne2026,NE 2026,197,G00112,1,NE_HISTORY,1,False,True,Dương,,True,MAPPING_OR_PAYMENT_APPROVAL_PENDING,OWNER_APPROVAL_PENDING|PAYMENT_VERIFICATION_PENDING
ne2026,NE 2026,198,G00582,2,NE_HISTORY,1,False,True,Bình,,True,MAPPING_OR_PAYMENT_APPROVAL_PENDING,OWNER_APPROVAL_PENDING|PAYMENT_VERIFICATION_PENDING
ne2026,NE 2026,199,G00113,1,NE_HISTORY,1,False,True,Thư,,True,MAPPING_OR_PAYMENT_APPROVAL_PENDING,OWNER_APPROVAL_PENDING|PAYMENT_VERIFICATION_PENDING
ne2026,NE 2026,200,G00114,1,NE_HISTORY,1,False,True,Bình,,True,MAPPING_OR_PAYMENT_APPROVAL_PENDING,OWNER_APPROVAL_PENDING|PAYMENT_VERIFICATION_PENDING
ne2026,NE 2026,201,G00573,3,NE_HISTORY,1,False,True,Thư,,True,MAPPING_OR_PAYMENT_APPROVAL_PENDING,OWNER_APPROVAL_PENDING|PAYMENT_VERIFICATION_PENDING
ne2026,NE 2026,202,G00115,1,NE_HISTORY,1,False,True,Dương,,True,MAPPING_OR_PAYMENT_APPROVAL_PENDING,OWNER_APPROVAL_PENDING|PAYMENT_VERIFICATION_PENDING
ne2026,NE 2026,203,G00116,1,NE_HISTORY,1,False,True,Dương,,True,MAPPING_OR_PAYMENT_APPROVAL_PENDING,OWNER_APPROVAL_PENDING|PAYMENT_VERIFICATION_PENDING
ne2026,NE 2026,204,G00606,2,NE_HISTORY,1,False,True,Bình,,True,MAPPING_OR_PAYMENT_APPROVAL_PENDING,OWNER_APPROVAL_PENDING|PAYMENT_VERIFICATION_PENDING
ne2026,NE 2026,205,G00570,2,NE_HISTORY,1,False,True,Bình,,True,MAPPING_OR_PAYMENT_APPROVAL_PENDING,OWNER_APPROVAL_PENDING|PAYMENT_VERIFICATION_PENDING
ne2026,NE 2026,206,G00117,1,NE_HISTORY,1,False,True,Thư,,True,MAPPING_OR_PAYMENT_APPROVAL_PENDING,OWNER_APPROVAL_PENDING|PAYMENT_VERIFICATION_PENDING
ne2026,NE 2026,207,G00605,2,NE_HISTORY,1,False,True,Bình,,True,MAPPING_OR_PAYMENT_APPROVAL_PENDING,OWNER_APPROVAL_PENDING|PAYMENT_VERIFICATION_PENDING
ne2026,NE 2026,208,G00599,2,NE_HISTORY,1,False,True,Thư,,True,MAPPING_OR_PAYMENT_APPROVAL_PENDING,OWNER_APPROVAL_PENDING|PAYMENT_VERIFICATION_PENDING
ne2026,NE 2026,209,G00470,4,NE_HISTORY,1,False,True,Dương,,True,MAPPING_OR_PAYMENT_APPROVAL_PENDING,OWNER_APPROVAL_PENDING|PAYMENT_VERIFICATION_PENDING
ne2026,NE 2026,210,G00118,1,NE_HISTORY,1,False,True,Bình,,True,MAPPING_OR_PAYMENT_APPROVAL_PENDING,OWNER_APPROVAL_PENDING|PAYMENT_VERIFICATION_PENDING
ne2026,NE 2026,211,G00119,1,NE_HISTORY,1,False,True,Thư,,True,MAPPING_OR_PAYMENT_APPROVAL_PENDING,OWNER_APPROVAL_PENDING|PAYMENT_VERIFICATION_PENDING
ne2026,NE 2026,212,G00120,1,NE_HISTORY,1,False,True,Bình,,True,MAPPING_OR_PAYMENT_APPROVAL_PENDING,OWNER_APPROVAL_PENDING|PAYMENT_VERIFICATION_PENDING
ne2026,NE 2026,213,G00585,2,NE_HISTORY,1,False,True,Tính,,True,MAPPING_OR_PAYMENT_APPROVAL_PENDING,OWNER_APPROVAL_PENDING|PAYMENT_VERIFICATION_PENDING
ne2026,NE 2026,214,G00121,1,NE_HISTORY,1,False,True,Dương,,True,MAPPING_OR_PAYMENT_APPROVAL_PENDING,OWNER_APPROVAL_PENDING|PAYMENT_VERIFICATION_PENDING
ne2026,NE 2026,215,G00609,2,NE_HISTORY,1,False,True,Thư,,True,MAPPING_OR_PAYMENT_APPROVAL_PENDING,OWNER_APPROVAL_PENDING|PAYMENT_VERIFICATION_PENDING
ne2026,NE 2026,216,G00122,1,NE_HISTORY,1,False,True,Bình,,True,MAPPING_OR_PAYMENT_APPROVAL_PENDING,OWNER_APPROVAL_PENDING|PAYMENT_VERIFICATION_PENDING
ne2026,NE 2026,217,G00123,1,NE_HISTORY,1,False,True,Thư,,True,MAPPING_OR_PAYMENT_APPROVAL_PENDING,OWNER_APPROVAL_PENDING|PAYMENT_VERIFICATION_PENDING
ne2026,NE 2026,218,G00604,2,NE_HISTORY,1,False,True,Bình,,True,MAPPING_OR_PAYMENT_APPROVAL_PENDING,OWNER_APPROVAL_PENDING|PAYMENT_VERIFICATION_PENDING
ne2026,NE 2026,219,G00619,2,NE_HISTORY,1,False,True,Dương,,True,MAPPING_OR_PAYMENT_APPROVAL_PENDING,OWNER_APPROVAL_PENDING|PAYMENT_VERIFICATION_PENDING
ne2026,NE 2026,220,G00124,1,NE_HISTORY,1,False,True,Thư,,True,MAPPING_OR_PAYMENT_APPROVAL_PENDING,OWNER_APPROVAL_PENDING|PAYMENT_VERIFICATION_PENDING
ne2026,NE 2026,221,G00125,1,NE_HISTORY,1,False,True,Nga,,True,MAPPING_OR_PAYMENT_APPROVAL_PENDING,OWNER_APPROVAL_PENDING|PAYMENT_VERIFICATION_PENDING
ne2026,NE 2026,222,G00587,2,NE_HISTORY,1,False,True,Tính,,True,MAPPING_OR_PAYMENT_APPROVAL_PENDING,OWNER_APPROVAL_PENDING|PAYMENT_VERIFICATION_PENDING
ne2026,NE 2026,223,G00126,1,NE_HISTORY,1,False,True,Dương,,True,MAPPING_OR_PAYMENT_APPROVAL_PENDING,OWNER_APPROVAL_PENDING|PAYMENT_VERIFICATION_PENDING
ne2026,NE 2026,224,G00127,1,NE_HISTORY,1,False,True,Dương,,True,MAPPING_OR_PAYMENT_APPROVAL_PENDING,OWNER_APPROVAL_PENDING|PAYMENT_VERIFICATION_PENDING
ne2026,NE 2026,225,G00128,1,NE_HISTORY,1,False,True,Dương,,True,MAPPING_OR_PAYMENT_APPROVAL_PENDING,OWNER_APPROVAL_PENDING|PAYMENT_VERIFICATION_PENDING
ne2026,NE 2026,226,G00129,1,NE_HISTORY,1,False,True,Tính,,True,MAPPING_OR_PAYMENT_APPROVAL_PENDING,OWNER_APPROVAL_PENDING|PAYMENT_VERIFICATION_PENDING
ne2026,NE 2026,227,G00130,1,NE_HISTORY,1,False,True,Dương,,True,MAPPING_OR_PAYMENT_APPROVAL_PENDING,OWNER_APPROVAL_PENDING|PAYMENT_VERIFICATION_PENDING
ne2026,NE 2026,228,G00620,2,NE_HISTORY,1,False,True,Dương,,True,MAPPING_OR_PAYMENT_APPROVAL_PENDING,OWNER_APPROVAL_PENDING|PAYMENT_VERIFICATION_PENDING
ne2026,NE 2026,229,G00586,2,NE_HISTORY,1,False,True,Bình,,True,MAPPING_OR_PAYMENT_APPROVAL_PENDING,OWNER_APPROVAL_PENDING|PAYMENT_VERIFICATION_PENDING
ne2026,NE 2026,230,G00621,2,NE_HISTORY,1,False,True,Dương,,True,MAPPING_OR_PAYMENT_APPROVAL_PENDING,OWNER_APPROVAL_PENDING|PAYMENT_VERIFICATION_PENDING
ne2026,NE 2026,231,G00603,2,NE_HISTORY,1,False,True,Bình,,True,MAPPING_OR_PAYMENT_APPROVAL_PENDING,OWNER_APPROVAL_PENDING|PAYMENT_VERIFICATION_PENDING
ne2026,NE 2026,232,G00622,2,NE_HISTORY,1,False,True,Dương,,True,MAPPING_OR_PAYMENT_APPROVAL_PENDING,OWNER_APPROVAL_PENDING|PAYMENT_VERIFICATION_PENDING
ne2026,NE 2026,233,G00131,1,NE_HISTORY,1,False,True,Thư,,True,MAPPING_OR_PAYMENT_APPROVAL_PENDING,OWNER_APPROVAL_PENDING|PAYMENT_VERIFICATION_PENDING
ne2026,NE 2026,234,G00132,1,NE_HISTORY,1,False,True,Tính,,True,MAPPING_OR_PAYMENT_APPROVAL_PENDING,OWNER_APPROVAL_PENDING|PAYMENT_VERIFICATION_PENDING
ne2026,NE 2026,235,G00133,1,NE_HISTORY,1,False,True,Dương,,True,MAPPING_OR_PAYMENT_APPROVAL_PENDING,OWNER_APPROVAL_PENDING|PAYMENT_VERIFICATION_PENDING
ne2026,NE 2026,236,G00134,1,NE_HISTORY,1,False,True,Dương,,True,MAPPING_OR_PAYMENT_APPROVAL_PENDING,OWNER_APPROVAL_PENDING|PAYMENT_VERIFICATION_PENDING
ne2026,NE 2026,237,G00600,2,NE_HISTORY,1,False,True,Thư,,True,MAPPING_OR_PAYMENT_APPROVAL_PENDING,OWNER_APPROVAL_PENDING|PAYMENT_VERIFICATION_PENDING
ne2026,NE 2026,238,G00135,1,NE_HISTORY,1,False,True,Dương,,True,MAPPING_OR_PAYMENT_APPROVAL_PENDING,OWNER_APPROVAL_PENDING|PAYMENT_VERIFICATION_PENDING
ne2026,NE 2026,239,G00136,1,NE_HISTORY,1,False,True,Thư,,True,MAPPING_OR_PAYMENT_APPROVAL_PENDING,OWNER_APPROVAL_PENDING|PAYMENT_VERIFICATION_PENDING
ne2026,NE 2026,240,G00137,1,NE_HISTORY,1,False,True,Dương,,True,MAPPING_OR_PAYMENT_APPROVAL_PENDING,OWNER_APPROVAL_PENDING|PAYMENT_VERIFICATION_PENDING
ne2026,NE 2026,241,G01652,2,NE_HISTORY,1,False,True,Trinh,,True,MAPPING_OR_PAYMENT_APPROVAL_PENDING,OWNER_APPROVAL_PENDING|PAYMENT_VERIFICATION_PENDING
ne2026,NE 2026,242,G00623,2,NE_HISTORY,1,False,True,Dương,,True,MAPPING_OR_PAYMENT_APPROVAL_PENDING,OWNER_APPROVAL_PENDING|PAYMENT_VERIFICATION_PENDING
ne2026,NE 2026,243,G00610,2,NE_HISTORY,1,False,True,Thư,,True,MAPPING_OR_PAYMENT_APPROVAL_PENDING,OWNER_APPROVAL_PENDING|PAYMENT_VERIFICATION_PENDING
ne2026,NE 2026,244,G00138,1,NE_HISTORY,1,False,True,Bình,,True,MAPPING_OR_PAYMENT_APPROVAL_PENDING,OWNER_APPROVAL_PENDING|PAYMENT_VERIFICATION_PENDING
ne2026,NE 2026,245,G00624,2,NE_HISTORY,1,False,True,Dương,,True,MAPPING_OR_PAYMENT_APPROVAL_PENDING,OWNER_APPROVAL_PENDING|PAYMENT_VERIFICATION_PENDING
ne2026,NE 2026,246,G00139,1,NE_HISTORY,1,False,True,Thư,,True,MAPPING_OR_PAYMENT_APPROVAL_PENDING,OWNER_APPROVAL_PENDING|PAYMENT_VERIFICATION_PENDING
ne2026,NE 2026,247,G00611,2,NE_HISTORY,1,False,True,Thư,,True,MAPPING_OR_PAYMENT_APPROVAL_PENDING,OWNER_APPROVAL_PENDING|PAYMENT_VERIFICATION_PENDING
ne2026,NE 2026,248,G00588,2,NE_HISTORY,1,False,True,Tính,,True,MAPPING_OR_PAYMENT_APPROVAL_PENDING,OWNER_APPROVAL_PENDING|PAYMENT_VERIFICATION_PENDING
ne2026,NE 2026,249,G00140,1,NE_HISTORY,1,False,True,Trinh,,True,MAPPING_OR_PAYMENT_APPROVAL_PENDING,OWNER_APPROVAL_PENDING|PAYMENT_VERIFICATION_PENDING
ne2026,NE 2026,250,G00141,1,NE_HISTORY,1,False,True,Thư,,True,MAPPING_OR_PAYMENT_APPROVAL_PENDING,OWNER_APPROVAL_PENDING|PAYMENT_VERIFICATION_PENDING
ne2026,NE 2026,251,G00142,1,NE_HISTORY,1,False,True,Dương,,True,MAPPING_OR_PAYMENT_APPROVAL_PENDING,OWNER_APPROVAL_PENDING|PAYMENT_VERIFICATION_PENDING
ne2026,NE 2026,252,G00143,1,NE_HISTORY,1,False,True,Bình,,True,MAPPING_OR_PAYMENT_APPROVAL_PENDING,OWNER_APPROVAL_PENDING|PAYMENT_VERIFICATION_PENDING
ne2026,NE 2026,253,G00144,1,NE_HISTORY,1,False,True,Tính,,True,MAPPING_OR_PAYMENT_APPROVAL_PENDING,OWNER_APPROVAL_PENDING|PAYMENT_VERIFICATION_PENDING
ne2026,NE 2026,254,G00145,1,NE_HISTORY,1,False,True,Bình,,True,MAPPING_OR_PAYMENT_APPROVAL_PENDING,OWNER_APPROVAL_PENDING|PAYMENT_VERIFICATION_PENDING
ne2026,NE 2026,255,G00146,1,NE_HISTORY,1,False,True,Bình,,True,MAPPING_OR_PAYMENT_APPROVAL_PENDING,OWNER_APPROVAL_PENDING|PAYMENT_VERIFICATION_PENDING
ne2026,NE 2026,256,G00625,2,NE_HISTORY,1,False,True,Dương,,True,MAPPING_OR_PAYMENT_APPROVAL_PENDING,OWNER_APPROVAL_PENDING|PAYMENT_VERIFICATION_PENDING
ne2026,NE 2026,257,G00147,1,NE_HISTORY,1,False,True,Thư,,True,MAPPING_OR_PAYMENT_APPROVAL_PENDING,OWNER_APPROVAL_PENDING|PAYMENT_VERIFICATION_PENDING
ne2026,NE 2026,258,G00148,1,NE_HISTORY,1,False,True,Dương,,True,MAPPING_OR_PAYMENT_APPROVAL_PENDING,OWNER_APPROVAL_PENDING|PAYMENT_VERIFICATION_PENDING
ne2026,NE 2026,259,G00149,1,NE_HISTORY,1,False,True,Dương,,True,MAPPING_OR_PAYMENT_APPROVAL_PENDING,OWNER_APPROVAL_PENDING|PAYMENT_VERIFICATION_PENDING
ne2026,NE 2026,260,G00150,1,NE_HISTORY,1,False,True,Bình,,True,MAPPING_OR_PAYMENT_APPROVAL_PENDING,OWNER_APPROVAL_PENDING|PAYMENT_VERIFICATION_PENDING
ne2026,NE 2026,261,G00602,2,NE_HISTORY,1,False,True,Bình,,True,MAPPING_OR_PAYMENT_APPROVAL_PENDING,OWNER_APPROVAL_PENDING|PAYMENT_VERIFICATION_PENDING
ne2026,NE 2026,262,G00601,2,NE_HISTORY,1,False,True,Thư,,True,MAPPING_OR_PAYMENT_APPROVAL_PENDING,OWNER_APPROVAL_PENDING|PAYMENT_VERIFICATION_PENDING
ne2026,NE 2026,263,G00151,1,NE_HISTORY,1,False,True,Dương,,True,MAPPING_OR_PAYMENT_APPROVAL_PENDING,OWNER_APPROVAL_PENDING|PAYMENT_VERIFICATION_PENDING
ne2026,NE 2026,264,G00152,1,NE_HISTORY,1,False,True,Nga,,True,MAPPING_OR_PAYMENT_APPROVAL_PENDING,OWNER_APPROVAL_PENDING|PAYMENT_VERIFICATION_PENDING
ne2026,NE 2026,265,G00626,2,NE_HISTORY,1,False,True,Dương,,True,MAPPING_OR_PAYMENT_APPROVAL_PENDING,OWNER_APPROVAL_PENDING|PAYMENT_VERIFICATION_PENDING
ne2026,NE 2026,266,G00153,1,NE_HISTORY,1,False,True,Thư,,True,MAPPING_OR_PAYMENT_APPROVAL_PENDING,OWNER_APPROVAL_PENDING|PAYMENT_VERIFICATION_PENDING
ne2026,NE 2026,267,G00154,1,NE_HISTORY,1,False,True,Dương,,True,MAPPING_OR_PAYMENT_APPROVAL_PENDING,OWNER_APPROVAL_PENDING|PAYMENT_VERIFICATION_PENDING
ne2026,NE 2026,268,G00155,1,NE_HISTORY,1,False,True,Bình,,True,MAPPING_OR_PAYMENT_APPROVAL_PENDING,OWNER_APPROVAL_PENDING|PAYMENT_VERIFICATION_PENDING
ne2026,NE 2026,269,G00156,1,NE_HISTORY,1,False,True,Thư,,True,MAPPING_OR_PAYMENT_APPROVAL_PENDING,OWNER_APPROVAL_PENDING|PAYMENT_VERIFICATION_PENDING
ne2026,NE 2026,270,G00157,1,NE_HISTORY,1,False,True,Dương,,True,MAPPING_OR_PAYMENT_APPROVAL_PENDING,OWNER_APPROVAL_PENDING|PAYMENT_VERIFICATION_PENDING
ne2026,NE 2026,271,G00591,2,NE_HISTORY,1,False,True,Tính,,True,MAPPING_OR_PAYMENT_APPROVAL_PENDING,OWNER_APPROVAL_PENDING|PAYMENT_VERIFICATION_PENDING
ne2026,NE 2026,272,G00158,1,NE_HISTORY,1,False,True,Bình,,True,MAPPING_OR_PAYMENT_APPROVAL_PENDING,OWNER_APPROVAL_PENDING|PAYMENT_VERIFICATION_PENDING
ne2026,NE 2026,273,G00159,1,NE_HISTORY,1,False,True,Dương,,True,MAPPING_OR_PAYMENT_APPROVAL_PENDING,OWNER_APPROVAL_PENDING|PAYMENT_VERIFICATION_PENDING
ne2026,NE 2026,274,G00160,1,NE_HISTORY,1,False,True,Dương,,True,MAPPING_OR_PAYMENT_APPROVAL_PENDING,OWNER_APPROVAL_PENDING|PAYMENT_VERIFICATION_PENDING
ne2026,NE 2026,275,G00627,2,NE_HISTORY,1,False,True,Dương,,True,MAPPING_OR_PAYMENT_APPROVAL_PENDING,OWNER_APPROVAL_PENDING|PAYMENT_VERIFICATION_PENDING
ne2026,NE 2026,276,G00161,1,NE_HISTORY,1,False,True,Dương,,True,MAPPING_OR_PAYMENT_APPROVAL_PENDING,OWNER_APPROVAL_PENDING|PAYMENT_VERIFICATION_PENDING
ne2026,NE 2026,277,G01150,2,NE_HISTORY,1,False,True,Dương,,True,MAPPING_OR_PAYMENT_APPROVAL_PENDING,OWNER_APPROVAL_PENDING|PAYMENT_VERIFICATION_PENDING
ne2026,NE 2026,278,G00162,1,NE_HISTORY,1,False,True,Thư,,True,MAPPING_OR_PAYMENT_APPROVAL_PENDING,OWNER_APPROVAL_PENDING|PAYMENT_VERIFICATION_PENDING
ne2026,NE 2026,279,G00163,1,NE_HISTORY,1,False,True,Dương,,True,MAPPING_OR_PAYMENT_APPROVAL_PENDING,OWNER_APPROVAL_PENDING|PAYMENT_VERIFICATION_PENDING
ne2026,NE 2026,280,G00164,1,NE_HISTORY,1,False,True,Thư,,True,MAPPING_OR_PAYMENT_APPROVAL_PENDING,OWNER_APPROVAL_PENDING|PAYMENT_VERIFICATION_PENDING
ne2026,NE 2026,281,G00592,2,NE_HISTORY,1,False,True,Trinh,,True,MAPPING_OR_PAYMENT_APPROVAL_PENDING,OWNER_APPROVAL_PENDING|PAYMENT_VERIFICATION_PENDING
ne2026,NE 2026,282,G00165,1,NE_HISTORY,1,False,True,Dương,,True,MAPPING_OR_PAYMENT_APPROVAL_PENDING,OWNER_APPROVAL_PENDING|PAYMENT_VERIFICATION_PENDING
ne2026,NE 2026,283,G00166,1,NE_HISTORY,1,False,True,Trinh,,True,MAPPING_OR_PAYMENT_APPROVAL_PENDING,OWNER_APPROVAL_PENDING|PAYMENT_VERIFICATION_PENDING
ne2026,NE 2026,284,G01669,2,NE_HISTORY,1,False,True,Nga,,True,MAPPING_OR_PAYMENT_APPROVAL_PENDING,OWNER_APPROVAL_PENDING|PAYMENT_VERIFICATION_PENDING
ne2026,NE 2026,285,G00167,1,NE_HISTORY,1,False,True,Dương,,True,MAPPING_OR_PAYMENT_APPROVAL_PENDING,OWNER_APPROVAL_PENDING|PAYMENT_VERIFICATION_PENDING
ne2026,NE 2026,286,G00168,1,NE_HISTORY,1,False,True,Dương,,True,MAPPING_OR_PAYMENT_APPROVAL_PENDING,OWNER_APPROVAL_PENDING|PAYMENT_VERIFICATION_PENDING
ne2026,NE 2026,287,G00169,1,NE_HISTORY,1,False,True,Thư,,True,MAPPING_OR_PAYMENT_APPROVAL_PENDING,OWNER_APPROVAL_PENDING|PAYMENT_VERIFICATION_PENDING
ne2026,NE 2026,288,G00590,2,NE_HISTORY,1,False,True,Trinh,,True,MAPPING_OR_PAYMENT_APPROVAL_PENDING,OWNER_APPROVAL_PENDING|PAYMENT_VERIFICATION_PENDING
ne2026,NE 2026,289,G00628,2,NE_HISTORY,1,False,True,Dương,,True,MAPPING_OR_PAYMENT_APPROVAL_PENDING,OWNER_APPROVAL_PENDING|PAYMENT_VERIFICATION_PENDING
ne2026,NE 2026,290,G00170,1,NE_HISTORY,1,False,True,Thư,,True,MAPPING_OR_PAYMENT_APPROVAL_PENDING,OWNER_APPROVAL_PENDING|PAYMENT_VERIFICATION_PENDING
ne2026,NE 2026,291,G00171,1,NE_HISTORY,1,False,True,Nga,,True,MAPPING_OR_PAYMENT_APPROVAL_PENDING,OWNER_APPROVAL_PENDING|PAYMENT_VERIFICATION_PENDING
ne2026,NE 2026,292,G00172,1,NE_HISTORY,1,False,True,Bình,,True,MAPPING_OR_PAYMENT_APPROVAL_PENDING,OWNER_APPROVAL_PENDING|PAYMENT_VERIFICATION_PENDING
ne2026,NE 2026,293,G00173,1,NE_HISTORY,1,False,True,Dương,,True,MAPPING_OR_PAYMENT_APPROVAL_PENDING,OWNER_APPROVAL_PENDING|PAYMENT_VERIFICATION_PENDING
ne2026,NE 2026,294,G01672,2,NE_HISTORY,1,False,True,Dương,,True,MAPPING_OR_PAYMENT_APPROVAL_PENDING,OWNER_APPROVAL_PENDING|PAYMENT_VERIFICATION_PENDING
ne2026,NE 2026,295,G00394,2,NE_HISTORY,1,False,True,Trinh,,True,MAPPING_OR_PAYMENT_APPROVAL_PENDING,OWNER_APPROVAL_PENDING|PAYMENT_VERIFICATION_PENDING
ne2026,NE 2026,296,G00174,1,NE_HISTORY,2,False,True,Thư,,True,MAPPING_OR_PAYMENT_APPROVAL_PENDING,OWNER_APPROVAL_PENDING|PAYMENT_VERIFICATION_PENDING
ne2026,NE 2026,297,G00175,1,NE_HISTORY,1,False,True,Bình,,True,MAPPING_OR_PAYMENT_APPROVAL_PENDING,OWNER_APPROVAL_PENDING|PAYMENT_VERIFICATION_PENDING
ne2026,NE 2026,298,G00176,1,NE_HISTORY,1,False,True,Dương,,True,MAPPING_OR_PAYMENT_APPROVAL_PENDING,OWNER_APPROVAL_PENDING|PAYMENT_VERIFICATION_PENDING
ne2026,NE 2026,299,G00177,1,NE_HISTORY,1,False,True,Dương,,True,MAPPING_OR_PAYMENT_APPROVAL_PENDING,OWNER_APPROVAL_PENDING|PAYMENT_VERIFICATION_PENDING
ne2026,NE 2026,300,G00178,1,NE_HISTORY,1,False,True,Dương,,True,MAPPING_OR_PAYMENT_APPROVAL_PENDING,OWNER_APPROVAL_PENDING|PAYMENT_VERIFICATION_PENDING
ne2026,NE 2026,301,G00179,1,NE_HISTORY,1,False,True,Bình,,True,MAPPING_OR_PAYMENT_APPROVAL_PENDING,OWNER_APPROVAL_PENDING|PAYMENT_VERIFICATION_PENDING
ne2026,NE 2026,302,G00180,1,NE_HISTORY,1,False,True,Dương,,True,MAPPING_OR_PAYMENT_APPROVAL_PENDING,OWNER_APPROVAL_PENDING|PAYMENT_VERIFICATION_PENDING
ne2026,NE 2026,303,G00181,1,NE_HISTORY,1,False,True,Dương,,True,MAPPING_OR_PAYMENT_APPROVAL_PENDING,OWNER_APPROVAL_PENDING|PAYMENT_VERIFICATION_PENDING
ne2026,NE 2026,304,G00182,1,NE_HISTORY,1,False,True,Dương,,True,MAPPING_OR_PAYMENT_APPROVAL_PENDING,OWNER_APPROVAL_PENDING|PAYMENT_VERIFICATION_PENDING
ne2026,NE 2026,305,G00183,1,NE_HISTORY,1,False,True,Nga,,True,MAPPING_OR_PAYMENT_APPROVAL_PENDING,OWNER_APPROVAL_PENDING|PAYMENT_VERIFICATION_PENDING
ne2026,NE 2026,306,G00184,1,NE_HISTORY,1,False,True,Thư,,True,MAPPING_OR_PAYMENT_APPROVAL_PENDING,OWNER_APPROVAL_PENDING|PAYMENT_VERIFICATION_PENDING
ne2026,NE 2026,307,G00185,1,NE_HISTORY,1,False,True,Thư,,True,MAPPING_OR_PAYMENT_APPROVAL_PENDING,OWNER_APPROVAL_PENDING|PAYMENT_VERIFICATION_PENDING
ne2026,NE 2026,308,G00186,1,NE_HISTORY,1,False,True,Thư,,True,MAPPING_OR_PAYMENT_APPROVAL_PENDING,OWNER_APPROVAL_PENDING|PAYMENT_VERIFICATION_PENDING
ne2026,NE 2026,309,G00187,1,NE_HISTORY,1,False,True,Dương,,True,MAPPING_OR_PAYMENT_APPROVAL_PENDING,OWNER_APPROVAL_PENDING|PAYMENT_VERIFICATION_PENDING
ne2026,NE 2026,310,G00188,1,NE_HISTORY,1,False,True,Dương,,True,MAPPING_OR_PAYMENT_APPROVAL_PENDING,OWNER_APPROVAL_PENDING|PAYMENT_VERIFICATION_PENDING
ne2026,NE 2026,311,G00189,1,NE_HISTORY,1,False,True,Dương,,True,MAPPING_OR_PAYMENT_APPROVAL_PENDING,OWNER_APPROVAL_PENDING|PAYMENT_VERIFICATION_PENDING
ne2026,NE 2026,312,G00190,1,NE_HISTORY,1,False,True,Bình,,True,MAPPING_OR_PAYMENT_APPROVAL_PENDING,OWNER_APPROVAL_PENDING|PAYMENT_VERIFICATION_PENDING
ne2026,NE 2026,313,G00191,1,NE_HISTORY,1,False,True,Bình,,True,MAPPING_OR_PAYMENT_APPROVAL_PENDING,OWNER_APPROVAL_PENDING|PAYMENT_VERIFICATION_PENDING
ne2026,NE 2026,314,G00192,1,NE_HISTORY,1,False,True,Trinh,,True,MAPPING_OR_PAYMENT_APPROVAL_PENDING,OWNER_APPROVAL_PENDING|PAYMENT_VERIFICATION_PENDING
ne2026,NE 2026,315,G00193,1,NE_HISTORY,2,False,True,Thư,,True,MAPPING_OR_PAYMENT_APPROVAL_PENDING,OWNER_APPROVAL_PENDING|PAYMENT_VERIFICATION_PENDING
ne2026,NE 2026,316,G00194,1,NE_HISTORY,1,False,True,Dương,,True,MAPPING_OR_PAYMENT_APPROVAL_PENDING,OWNER_APPROVAL_PENDING|PAYMENT_VERIFICATION_PENDING
ne2026,NE 2026,317,G00195,1,NE_HISTORY,1,False,True,Thư,,True,MAPPING_OR_PAYMENT_APPROVAL_PENDING,OWNER_APPROVAL_PENDING|PAYMENT_VERIFICATION_PENDING
ne2026,NE 2026,318,G00196,1,NE_HISTORY,1,False,True,Thư,,True,MAPPING_OR_PAYMENT_APPROVAL_PENDING,OWNER_APPROVAL_PENDING|PAYMENT_VERIFICATION_PENDING
ne2026,NE 2026,319,G00197,1,NE_HISTORY,1,False,True,Thư,,True,MAPPING_OR_PAYMENT_APPROVAL_PENDING,OWNER_APPROVAL_PENDING|PAYMENT_VERIFICATION_PENDING
ne2026,NE 2026,320,G00198,1,NE_HISTORY,1,False,True,Trinh,,True,MAPPING_OR_PAYMENT_APPROVAL_PENDING,OWNER_APPROVAL_PENDING|PAYMENT_VERIFICATION_PENDING
ne2026,NE 2026,321,G00199,1,NE_HISTORY,1,False,True,Dương,,True,MAPPING_OR_PAYMENT_APPROVAL_PENDING,OWNER_APPROVAL_PENDING|PAYMENT_VERIFICATION_PENDING
ne2026,NE 2026,322,G00200,1,NE_HISTORY,1,False,True,Thư,,True,MAPPING_OR_PAYMENT_APPROVAL_PENDING,OWNER_APPROVAL_PENDING|PAYMENT_VERIFICATION_PENDING
ne2026,NE 2026,323,G00201,1,NE_HISTORY,1,False,True,Thư,,True,MAPPING_OR_PAYMENT_APPROVAL_PENDING,OWNER_APPROVAL_PENDING|PAYMENT_VERIFICATION_PENDING
ne2026,NE 2026,324,G00202,1,NE_HISTORY,1,False,True,Bình,,True,MAPPING_OR_PAYMENT_APPROVAL_PENDING,OWNER_APPROVAL_PENDING|PAYMENT_VERIFICATION_PENDING
ne2026,NE 2026,325,G00203,1,NE_HISTORY,1,False,True,Dương,,True,MAPPING_OR_PAYMENT_APPROVAL_PENDING,OWNER_APPROVAL_PENDING|PAYMENT_VERIFICATION_PENDING
ne2026,NE 2026,326,G00204,1,NE_HISTORY,1,False,True,Dương,,False,MAPPING_OR_PAYMENT_APPROVAL_PENDING,OWNER_APPROVAL_PENDING|PAYMENT_VERIFICATION_PENDING
ne2026,NE 2026,327,G00629,2,NE_HISTORY,1,False,True,Trinh,,False,MAPPING_OR_PAYMENT_APPROVAL_PENDING,OWNER_APPROVAL_PENDING|PAYMENT_VERIFICATION_PENDING
ne2026,NE 2026,328,G00205,1,NE_HISTORY,1,False,True,Thư,,True,MAPPING_OR_PAYMENT_APPROVAL_PENDING,OWNER_APPROVAL_PENDING|PAYMENT_VERIFICATION_PENDING
ne2026,NE 2026,329,G00206,1,NE_HISTORY,1,False,True,Trinh,,True,MAPPING_OR_PAYMENT_APPROVAL_PENDING,OWNER_APPROVAL_PENDING|PAYMENT_VERIFICATION_PENDING
ne2026,NE 2026,330,G00207,1,NE_HISTORY,1,False,True,Trinh,,True,MAPPING_OR_PAYMENT_APPROVAL_PENDING,OWNER_APPROVAL_PENDING|PAYMENT_VERIFICATION_PENDING
ne2026,NE 2026,331,G00208,1,NE_HISTORY,1,False,True,Dương,,True,MAPPING_OR_PAYMENT_APPROVAL_PENDING,OWNER_APPROVAL_PENDING|PAYMENT_VERIFICATION_PENDING
ne2026,NE 2026,332,G00209,1,NE_HISTORY,1,False,True,Dương,,True,MAPPING_OR_PAYMENT_APPROVAL_PENDING,OWNER_APPROVAL_PENDING|PAYMENT_VERIFICATION_PENDING
ne2026,NE 2026,333,G00630,3,NE_HISTORY,1,False,True,Thư,,True,MAPPING_OR_PAYMENT_APPROVAL_PENDING,OWNER_APPROVAL_PENDING|PAYMENT_VERIFICATION_PENDING
ne2026,NE 2026,334,G00210,1,NE_HISTORY,1,False,True,Dương,,False,MAPPING_OR_PAYMENT_APPROVAL_PENDING,OWNER_APPROVAL_PENDING|PAYMENT_VERIFICATION_PENDING
ne2026,NE 2026,335,G00211,1,NE_HISTORY,1,False,True,Dương,,False,MAPPING_OR_PAYMENT_APPROVAL_PENDING,OWNER_APPROVAL_PENDING|PAYMENT_VERIFICATION_PENDING
ne2026,NE 2026,336,G00212,1,NE_HISTORY,1,False,True,Dương,,False,MAPPING_OR_PAYMENT_APPROVAL_PENDING,OWNER_APPROVAL_PENDING|PAYMENT_VERIFICATION_PENDING
ne2026,NE 2026,337,G00213,1,NE_HISTORY,1,False,True,Dương,,True,MAPPING_OR_PAYMENT_APPROVAL_PENDING,OWNER_APPROVAL_PENDING|PAYMENT_VERIFICATION_PENDING
ne2026,NE 2026,338,G00214,1,NE_HISTORY,1,False,True,Dương,,True,MAPPING_OR_PAYMENT_APPROVAL_PENDING,OWNER_APPROVAL_PENDING|PAYMENT_VERIFICATION_PENDING
ne2026,NE 2026,339,G00215,1,NE_HISTORY,1,False,True,Dương,,True,MAPPING_OR_PAYMENT_APPROVAL_PENDING,OWNER_APPROVAL_PENDING|PAYMENT_VERIFICATION_PENDING
ne2026,NE 2026,340,G00216,1,NE_HISTORY,1,False,True,Dương,,True,MAPPING_OR_PAYMENT_APPROVAL_PENDING,OWNER_APPROVAL_PENDING|PAYMENT_VERIFICATION_PENDING
ne2026,NE 2026,341,G00217,1,NE_HISTORY,1,False,True,Dương,,True,MAPPING_OR_PAYMENT_APPROVAL_PENDING,OWNER_APPROVAL_PENDING|PAYMENT_VERIFICATION_PENDING
ne2026,NE 2026,342,G00218,1,NE_HISTORY,1,False,True,Dương,,True,MAPPING_OR_PAYMENT_APPROVAL_PENDING,OWNER_APPROVAL_PENDING|PAYMENT_VERIFICATION_PENDING
ne2026,NE 2026,343,G00219,1,NE_HISTORY,1,False,True,Dương,,True,MAPPING_OR_PAYMENT_APPROVAL_PENDING,OWNER_APPROVAL_PENDING|PAYMENT_VERIFICATION_PENDING
ne2026,NE 2026,344,G00220,1,NE_HISTORY,1,False,True,Thư,,True,MAPPING_OR_PAYMENT_APPROVAL_PENDING,OWNER_APPROVAL_PENDING|PAYMENT_VERIFICATION_PENDING
ne2026,NE 2026,345,G00221,1,NE_HISTORY,1,False,True,Dương,,True,MAPPING_OR_PAYMENT_APPROVAL_PENDING,OWNER_APPROVAL_PENDING|PAYMENT_VERIFICATION_PENDING
ne2026,NE 2026,346,G00222,1,NE_HISTORY,1,False,True,Dương,,True,MAPPING_OR_PAYMENT_APPROVAL_PENDING,OWNER_APPROVAL_PENDING|PAYMENT_VERIFICATION_PENDING
ne2026,NE 2026,347,G00223,1,NE_HISTORY,1,False,True,Dương,,True,MAPPING_OR_PAYMENT_APPROVAL_PENDING,OWNER_APPROVAL_PENDING|PAYMENT_VERIFICATION_PENDING
ne2026,NE 2026,348,G00224,1,NE_HISTORY,1,False,True,Dương,,True,MAPPING_OR_PAYMENT_APPROVAL_PENDING,OWNER_APPROVAL_PENDING|PAYMENT_VERIFICATION_PENDING
ne2026,NE 2026,349,G00225,1,NE_HISTORY,1,False,True,Dương,,True,MAPPING_OR_PAYMENT_APPROVAL_PENDING,OWNER_APPROVAL_PENDING|PAYMENT_VERIFICATION_PENDING
ne2026,NE 2026,350,G00226,1,NE_HISTORY,1,False,True,Dương,,True,MAPPING_OR_PAYMENT_APPROVAL_PENDING,OWNER_APPROVAL_PENDING|PAYMENT_VERIFICATION_PENDING
ne2025,NE 2025,4,G01313,2,NE_HISTORY,1,False,True,,,True,MAPPING_OR_PAYMENT_APPROVAL_PENDING,HISTORICAL_OWNER_MAPPING_PENDING|PAYMENT_VERIFICATION_PENDING
ne2025,NE 2025,5,G00227,1,NE_HISTORY,1,False,True,,,True,MAPPING_OR_PAYMENT_APPROVAL_PENDING,HISTORICAL_OWNER_MAPPING_PENDING|PAYMENT_VERIFICATION_PENDING
ne2025,NE 2025,6,G00446,3,NE_HISTORY,1,False,True,,,True,MAPPING_OR_PAYMENT_APPROVAL_PENDING,HISTORICAL_OWNER_MAPPING_PENDING|PAYMENT_VERIFICATION_PENDING
ne2025,NE 2025,7,G00228,1,NE_HISTORY,1,False,True,,,True,MAPPING_OR_PAYMENT_APPROVAL_PENDING,HISTORICAL_OWNER_MAPPING_PENDING|PAYMENT_VERIFICATION_PENDING
ne2025,NE 2025,8,G00229,1,NE_HISTORY,1,False,True,,,True,MAPPING_OR_PAYMENT_APPROVAL_PENDING,HISTORICAL_OWNER_MAPPING_PENDING|PAYMENT_VERIFICATION_PENDING
ne2025,NE 2025,9,G01335,2,NE_HISTORY,1,False,True,,,True,MAPPING_OR_PAYMENT_APPROVAL_PENDING,HISTORICAL_OWNER_MAPPING_PENDING|PAYMENT_VERIFICATION_PENDING
ne2025,NE 2025,10,G00734,2,NE_HISTORY,1,False,True,,,True,MAPPING_OR_PAYMENT_APPROVAL_PENDING,HISTORICAL_OWNER_MAPPING_PENDING|PAYMENT_VERIFICATION_PENDING
ne2025,NE 2025,11,G01343,2,NE_HISTORY,1,False,True,,,True,MAPPING_OR_PAYMENT_APPROVAL_PENDING,HISTORICAL_OWNER_MAPPING_PENDING|PAYMENT_VERIFICATION_PENDING
ne2025,NE 2025,12,G00230,1,NE_HISTORY,1,False,True,,,True,MAPPING_OR_PAYMENT_APPROVAL_PENDING,HISTORICAL_OWNER_MAPPING_PENDING|PAYMENT_VERIFICATION_PENDING
ne2025,NE 2025,13,G01341,2,NE_HISTORY,1,False,True,,,True,MAPPING_OR_PAYMENT_APPROVAL_PENDING,HISTORICAL_OWNER_MAPPING_PENDING|PAYMENT_VERIFICATION_PENDING
ne2025,NE 2025,14,G00231,1,NE_HISTORY,1,False,True,,,True,MAPPING_OR_PAYMENT_APPROVAL_PENDING,HISTORICAL_OWNER_MAPPING_PENDING|PAYMENT_VERIFICATION_PENDING
ne2025,NE 2025,15,G00232,1,NE_HISTORY,1,False,True,,,True,MAPPING_OR_PAYMENT_APPROVAL_PENDING,HISTORICAL_OWNER_MAPPING_PENDING|PAYMENT_VERIFICATION_PENDING
ne2025,NE 2025,16,G00451,3,NE_HISTORY,1,False,True,,,True,MAPPING_OR_PAYMENT_APPROVAL_PENDING,HISTORICAL_OWNER_MAPPING_PENDING|PAYMENT_VERIFICATION_PENDING
ne2025,NE 2025,17,G01364,2,NE_HISTORY,1,False,True,,,True,MAPPING_OR_PAYMENT_APPROVAL_PENDING,HISTORICAL_OWNER_MAPPING_PENDING|PAYMENT_VERIFICATION_PENDING
ne2025,NE 2025,18,G01373,2,NE_HISTORY,1,False,True,,,True,MAPPING_OR_PAYMENT_APPROVAL_PENDING,HISTORICAL_OWNER_MAPPING_PENDING|PAYMENT_VERIFICATION_PENDING
ne2025,NE 2025,19,G01370,2,NE_HISTORY,1,False,True,,,True,MAPPING_OR_PAYMENT_APPROVAL_PENDING,HISTORICAL_OWNER_MAPPING_PENDING|PAYMENT_VERIFICATION_PENDING
ne2025,NE 2025,20,G00453,3,NE_HISTORY,1,False,True,,,True,MAPPING_OR_PAYMENT_APPROVAL_PENDING,HISTORICAL_OWNER_MAPPING_PENDING|PAYMENT_VERIFICATION_PENDING
ne2025,NE 2025,21,G00452,2,NE_HISTORY,1,False,True,,,True,MAPPING_OR_PAYMENT_APPROVAL_PENDING,HISTORICAL_OWNER_MAPPING_PENDING|PAYMENT_VERIFICATION_PENDING
ne2025,NE 2025,22,G00233,1,NE_HISTORY,1,False,True,,,True,MAPPING_OR_PAYMENT_APPROVAL_PENDING,HISTORICAL_OWNER_MAPPING_PENDING|PAYMENT_VERIFICATION_PENDING
ne2025,NE 2025,23,G00450,2,NE_HISTORY,1,False,True,,,True,MAPPING_OR_PAYMENT_APPROVAL_PENDING,HISTORICAL_OWNER_MAPPING_PENDING|PAYMENT_VERIFICATION_PENDING
ne2025,NE 2025,24,G01224,2,NE_HISTORY,1,False,True,,,True,MAPPING_OR_PAYMENT_APPROVAL_PENDING,HISTORICAL_OWNER_MAPPING_PENDING|PAYMENT_VERIFICATION_PENDING
ne2025,NE 2025,25,G01389,2,NE_HISTORY,1,False,True,,,True,MAPPING_OR_PAYMENT_APPROVAL_PENDING,HISTORICAL_OWNER_MAPPING_PENDING|PAYMENT_VERIFICATION_PENDING
ne2025,NE 2025,26,G01388,2,NE_HISTORY,1,False,True,,,True,MAPPING_OR_PAYMENT_APPROVAL_PENDING,HISTORICAL_OWNER_MAPPING_PENDING|PAYMENT_VERIFICATION_PENDING
ne2025,NE 2025,27,G00234,1,NE_HISTORY,1,False,True,,,True,MAPPING_OR_PAYMENT_APPROVAL_PENDING,HISTORICAL_OWNER_MAPPING_PENDING|PAYMENT_VERIFICATION_PENDING
ne2025,NE 2025,28,G00770,3,NE_HISTORY,1,False,True,,,True,MAPPING_OR_PAYMENT_APPROVAL_PENDING,HISTORICAL_OWNER_MAPPING_PENDING|PAYMENT_VERIFICATION_PENDING
ne2025,NE 2025,29,G00343,3,NE_HISTORY,1,False,True,,,True,MAPPING_OR_PAYMENT_APPROVAL_PENDING,HISTORICAL_OWNER_MAPPING_PENDING|PAYMENT_VERIFICATION_PENDING
ne2025,NE 2025,30,G01391,2,NE_HISTORY,1,False,True,,,True,MAPPING_OR_PAYMENT_APPROVAL_PENDING,HISTORICAL_OWNER_MAPPING_PENDING|PAYMENT_VERIFICATION_PENDING
ne2025,NE 2025,31,G00235,1,NE_HISTORY,1,False,True,,,True,MAPPING_OR_PAYMENT_APPROVAL_PENDING,HISTORICAL_OWNER_MAPPING_PENDING|PAYMENT_VERIFICATION_PENDING
ne2025,NE 2025,32,G00236,1,NE_HISTORY,1,False,True,,,True,MAPPING_OR_PAYMENT_APPROVAL_PENDING,HISTORICAL_OWNER_MAPPING_PENDING|PAYMENT_VERIFICATION_PENDING
ne2025,NE 2025,33,G00237,1,NE_HISTORY,1,False,True,,,True,MAPPING_OR_PAYMENT_APPROVAL_PENDING,HISTORICAL_OWNER_MAPPING_PENDING|PAYMENT_VERIFICATION_PENDING
ne2025,NE 2025,34,G01228,2,NE_HISTORY,1,False,True,,,True,MAPPING_OR_PAYMENT_APPROVAL_PENDING,HISTORICAL_OWNER_MAPPING_PENDING|PAYMENT_VERIFICATION_PENDING
ne2025,NE 2025,35,G00238,1,NE_HISTORY,1,False,True,,,True,MAPPING_OR_PAYMENT_APPROVAL_PENDING,HISTORICAL_OWNER_MAPPING_PENDING|PAYMENT_VERIFICATION_PENDING
ne2025,NE 2025,36,G01374,2,NE_HISTORY,1,False,True,,,True,MAPPING_OR_PAYMENT_APPROVAL_PENDING,HISTORICAL_OWNER_MAPPING_PENDING|PAYMENT_VERIFICATION_PENDING
ne2025,NE 2025,37,G01415,2,NE_HISTORY,1,False,True,,,True,MAPPING_OR_PAYMENT_APPROVAL_PENDING,HISTORICAL_OWNER_MAPPING_PENDING|PAYMENT_VERIFICATION_PENDING
ne2025,NE 2025,38,G01404,2,NE_HISTORY,1,False,True,,,True,MAPPING_OR_PAYMENT_APPROVAL_PENDING,HISTORICAL_OWNER_MAPPING_PENDING|PAYMENT_VERIFICATION_PENDING
ne2025,NE 2025,39,G00239,1,NE_HISTORY,1,False,True,,,True,MAPPING_OR_PAYMENT_APPROVAL_PENDING,HISTORICAL_OWNER_MAPPING_PENDING|PAYMENT_VERIFICATION_PENDING
ne2025,NE 2025,40,G01425,2,NE_HISTORY,1,False,True,,,True,MAPPING_OR_PAYMENT_APPROVAL_PENDING,HISTORICAL_OWNER_MAPPING_PENDING|PAYMENT_VERIFICATION_PENDING
ne2025,NE 2025,41,G00240,1,NE_HISTORY,1,False,True,,,True,MAPPING_OR_PAYMENT_APPROVAL_PENDING,HISTORICAL_OWNER_MAPPING_PENDING|PAYMENT_VERIFICATION_PENDING
ne2025,NE 2025,42,G00241,1,NE_HISTORY,1,False,True,,,True,MAPPING_OR_PAYMENT_APPROVAL_PENDING,HISTORICAL_OWNER_MAPPING_PENDING|PAYMENT_VERIFICATION_PENDING
ne2025,NE 2025,43,G00459,3,NE_HISTORY,1,False,True,,,True,MAPPING_OR_PAYMENT_APPROVAL_PENDING,HISTORICAL_OWNER_MAPPING_PENDING|PAYMENT_VERIFICATION_PENDING
ne2025,NE 2025,44,G00242,1,NE_HISTORY,1,False,True,,,True,MAPPING_OR_PAYMENT_APPROVAL_PENDING,HISTORICAL_OWNER_MAPPING_PENDING|PAYMENT_VERIFICATION_PENDING
ne2025,NE 2025,45,G00243,1,NE_HISTORY,1,False,True,,,True,MAPPING_OR_PAYMENT_APPROVAL_PENDING,HISTORICAL_OWNER_MAPPING_PENDING|PAYMENT_VERIFICATION_PENDING
ne2025,NE 2025,46,G00244,1,NE_HISTORY,1,False,True,,,True,MAPPING_OR_PAYMENT_APPROVAL_PENDING,HISTORICAL_OWNER_MAPPING_PENDING|PAYMENT_VERIFICATION_PENDING
ne2025,NE 2025,47,G00245,1,NE_HISTORY,1,False,True,,,True,MAPPING_OR_PAYMENT_APPROVAL_PENDING,HISTORICAL_OWNER_MAPPING_PENDING|PAYMENT_VERIFICATION_PENDING
ne2025,NE 2025,48,G00246,1,NE_HISTORY,1,False,True,,,True,MAPPING_OR_PAYMENT_APPROVAL_PENDING,HISTORICAL_OWNER_MAPPING_PENDING|PAYMENT_VERIFICATION_PENDING
ne2025,NE 2025,49,G00460,2,NE_HISTORY,1,False,True,,,True,MAPPING_OR_PAYMENT_APPROVAL_PENDING,HISTORICAL_OWNER_MAPPING_PENDING|PAYMENT_VERIFICATION_PENDING
ne2025,NE 2025,50,G00247,1,NE_HISTORY,1,False,True,,,True,MAPPING_OR_PAYMENT_APPROVAL_PENDING,HISTORICAL_OWNER_MAPPING_PENDING|PAYMENT_VERIFICATION_PENDING
ne2025,NE 2025,51,G00462,3,NE_HISTORY,1,False,True,,,True,MAPPING_OR_PAYMENT_APPROVAL_PENDING,HISTORICAL_OWNER_MAPPING_PENDING|PAYMENT_VERIFICATION_PENDING
ne2025,NE 2025,52,G00248,1,NE_HISTORY,1,False,True,,,True,MAPPING_OR_PAYMENT_APPROVAL_PENDING,HISTORICAL_OWNER_MAPPING_PENDING|PAYMENT_VERIFICATION_PENDING
ne2025,NE 2025,53,G01464,2,NE_HISTORY,1,False,True,,,True,MAPPING_OR_PAYMENT_APPROVAL_PENDING,HISTORICAL_OWNER_MAPPING_PENDING|PAYMENT_VERIFICATION_PENDING
ne2025,NE 2025,54,G00249,1,NE_HISTORY,1,False,True,,,True,MAPPING_OR_PAYMENT_APPROVAL_PENDING,HISTORICAL_OWNER_MAPPING_PENDING|PAYMENT_VERIFICATION_PENDING
ne2025,NE 2025,55,G01459,2,NE_HISTORY,1,False,True,,,True,MAPPING_OR_PAYMENT_APPROVAL_PENDING,HISTORICAL_OWNER_MAPPING_PENDING|PAYMENT_VERIFICATION_PENDING
ne2025,NE 2025,56,G01420,2,NE_HISTORY,1,False,True,,,True,MAPPING_OR_PAYMENT_APPROVAL_PENDING,HISTORICAL_OWNER_MAPPING_PENDING|PAYMENT_VERIFICATION_PENDING
ne2025,NE 2025,57,G01451,2,NE_HISTORY,1,False,True,,,True,MAPPING_OR_PAYMENT_APPROVAL_PENDING,HISTORICAL_OWNER_MAPPING_PENDING|PAYMENT_VERIFICATION_PENDING
ne2025,NE 2025,58,G00250,1,NE_HISTORY,1,False,True,,,True,MAPPING_OR_PAYMENT_APPROVAL_PENDING,HISTORICAL_OWNER_MAPPING_PENDING|PAYMENT_VERIFICATION_PENDING
ne2025,NE 2025,59,G01466,2,NE_HISTORY,1,False,True,,,True,MAPPING_OR_PAYMENT_APPROVAL_PENDING,HISTORICAL_OWNER_MAPPING_PENDING|PAYMENT_VERIFICATION_PENDING
ne2025,NE 2025,60,G01470,2,NE_HISTORY,1,False,True,,,True,MAPPING_OR_PAYMENT_APPROVAL_PENDING,HISTORICAL_OWNER_MAPPING_PENDING|PAYMENT_VERIFICATION_PENDING
ne2025,NE 2025,61,G00789,2,NE_HISTORY,1,False,True,,,True,MAPPING_OR_PAYMENT_APPROVAL_PENDING,HISTORICAL_OWNER_MAPPING_PENDING|PAYMENT_VERIFICATION_PENDING
ne2025,NE 2025,62,G00251,1,NE_HISTORY,1,False,True,,,True,MAPPING_OR_PAYMENT_APPROVAL_PENDING,HISTORICAL_OWNER_MAPPING_PENDING|PAYMENT_VERIFICATION_PENDING
ne2025,NE 2025,63,G00458,3,NE_HISTORY,1,False,True,,,True,MAPPING_OR_PAYMENT_APPROVAL_PENDING,HISTORICAL_OWNER_MAPPING_PENDING|PAYMENT_VERIFICATION_PENDING
ne2025,NE 2025,64,G00252,1,NE_HISTORY,1,False,True,,,True,MAPPING_OR_PAYMENT_APPROVAL_PENDING,HISTORICAL_OWNER_MAPPING_PENDING|PAYMENT_VERIFICATION_PENDING
ne2025,NE 2025,65,G00253,1,NE_HISTORY,1,False,True,,,True,MAPPING_OR_PAYMENT_APPROVAL_PENDING,HISTORICAL_OWNER_MAPPING_PENDING|PAYMENT_VERIFICATION_PENDING
ne2025,NE 2025,66,G00254,1,NE_HISTORY,1,False,True,,,True,MAPPING_OR_PAYMENT_APPROVAL_PENDING,HISTORICAL_OWNER_MAPPING_PENDING|PAYMENT_VERIFICATION_PENDING
ne2025,NE 2025,67,G00255,1,NE_HISTORY,1,False,True,,,True,MAPPING_OR_PAYMENT_APPROVAL_PENDING,HISTORICAL_OWNER_MAPPING_PENDING|PAYMENT_VERIFICATION_PENDING
ne2025,NE 2025,68,G01476,2,NE_HISTORY,1,False,True,,,True,MAPPING_OR_PAYMENT_APPROVAL_PENDING,HISTORICAL_OWNER_MAPPING_PENDING|PAYMENT_VERIFICATION_PENDING
ne2025,NE 2025,69,G00468,2,NE_HISTORY,1,False,True,,,True,MAPPING_OR_PAYMENT_APPROVAL_PENDING,HISTORICAL_OWNER_MAPPING_PENDING|PAYMENT_VERIFICATION_PENDING
ne2025,NE 2025,70,G01487,2,NE_HISTORY,1,False,True,,,True,MAPPING_OR_PAYMENT_APPROVAL_PENDING,HISTORICAL_OWNER_MAPPING_PENDING|PAYMENT_VERIFICATION_PENDING
ne2025,NE 2025,71,G01494,2,NE_HISTORY,1,False,True,,,True,MAPPING_OR_PAYMENT_APPROVAL_PENDING,HISTORICAL_OWNER_MAPPING_PENDING|PAYMENT_VERIFICATION_PENDING
ne2025,NE 2025,72,G01490,2,NE_HISTORY,1,False,True,,,True,MAPPING_OR_PAYMENT_APPROVAL_PENDING,HISTORICAL_OWNER_MAPPING_PENDING|PAYMENT_VERIFICATION_PENDING
ne2025,NE 2025,73,G00804,2,NE_HISTORY,1,False,True,,,True,MAPPING_OR_PAYMENT_APPROVAL_PENDING,HISTORICAL_OWNER_MAPPING_PENDING|PAYMENT_VERIFICATION_PENDING
ne2025,NE 2025,74,G01497,2,NE_HISTORY,1,False,True,,,True,MAPPING_OR_PAYMENT_APPROVAL_PENDING,HISTORICAL_OWNER_MAPPING_PENDING|PAYMENT_VERIFICATION_PENDING
ne2025,NE 2025,75,G00256,1,NE_HISTORY,1,False,True,,,True,MAPPING_OR_PAYMENT_APPROVAL_PENDING,HISTORICAL_OWNER_MAPPING_PENDING|PAYMENT_VERIFICATION_PENDING
ne2025,NE 2025,76,G00472,2,NE_HISTORY,1,False,True,,,True,MAPPING_OR_PAYMENT_APPROVAL_PENDING,HISTORICAL_OWNER_MAPPING_PENDING|PAYMENT_VERIFICATION_PENDING
ne2025,NE 2025,77,G00257,1,NE_HISTORY,1,False,True,,,True,MAPPING_OR_PAYMENT_APPROVAL_PENDING,HISTORICAL_OWNER_MAPPING_PENDING|PAYMENT_VERIFICATION_PENDING
ne2025,NE 2025,78,G01366,2,NE_HISTORY,1,False,True,,,True,MAPPING_OR_PAYMENT_APPROVAL_PENDING,HISTORICAL_OWNER_MAPPING_PENDING|PAYMENT_VERIFICATION_PENDING
ne2025,NE 2025,79,G00809,2,NE_HISTORY,1,False,True,,,True,MAPPING_OR_PAYMENT_APPROVAL_PENDING,HISTORICAL_OWNER_MAPPING_PENDING|PAYMENT_VERIFICATION_PENDING
ne2025,NE 2025,80,G00258,1,NE_HISTORY,1,False,True,,,True,MAPPING_OR_PAYMENT_APPROVAL_PENDING,HISTORICAL_OWNER_MAPPING_PENDING|PAYMENT_VERIFICATION_PENDING
ne2025,NE 2025,81,G01507,2,NE_HISTORY,1,False,True,,,True,MAPPING_OR_PAYMENT_APPROVAL_PENDING,HISTORICAL_OWNER_MAPPING_PENDING|PAYMENT_VERIFICATION_PENDING
ne2025,NE 2025,82,G00259,1,NE_HISTORY,1,False,True,,,True,MAPPING_OR_PAYMENT_APPROVAL_PENDING,HISTORICAL_OWNER_MAPPING_PENDING|PAYMENT_VERIFICATION_PENDING
ne2025,NE 2025,83,G00260,1,NE_HISTORY,1,False,True,,,True,MAPPING_OR_PAYMENT_APPROVAL_PENDING,HISTORICAL_OWNER_MAPPING_PENDING|PAYMENT_VERIFICATION_PENDING
ne2025,NE 2025,84,G00261,1,NE_HISTORY,1,False,True,,,True,MAPPING_OR_PAYMENT_APPROVAL_PENDING,HISTORICAL_OWNER_MAPPING_PENDING|PAYMENT_VERIFICATION_PENDING
ne2025,NE 2025,85,G00262,1,NE_HISTORY,1,False,True,,,True,MAPPING_OR_PAYMENT_APPROVAL_PENDING,HISTORICAL_OWNER_MAPPING_PENDING|PAYMENT_VERIFICATION_PENDING
ne2025,NE 2025,86,G00263,1,NE_HISTORY,1,False,True,,,True,MAPPING_OR_PAYMENT_APPROVAL_PENDING,HISTORICAL_OWNER_MAPPING_PENDING|PAYMENT_VERIFICATION_PENDING
ne2025,NE 2025,87,G00264,1,NE_HISTORY,1,False,True,,,True,MAPPING_OR_PAYMENT_APPROVAL_PENDING,HISTORICAL_OWNER_MAPPING_PENDING|PAYMENT_VERIFICATION_PENDING
ne2025,NE 2025,88,G00265,1,NE_HISTORY,1,False,True,,,True,MAPPING_OR_PAYMENT_APPROVAL_PENDING,HISTORICAL_OWNER_MAPPING_PENDING|PAYMENT_VERIFICATION_PENDING
ne2025,NE 2025,89,G00266,1,NE_HISTORY,1,False,True,,,True,MAPPING_OR_PAYMENT_APPROVAL_PENDING,HISTORICAL_OWNER_MAPPING_PENDING|PAYMENT_VERIFICATION_PENDING
ne2025,NE 2025,90,G00267,1,NE_HISTORY,1,False,True,,,True,MAPPING_OR_PAYMENT_APPROVAL_PENDING,HISTORICAL_OWNER_MAPPING_PENDING|PAYMENT_VERIFICATION_PENDING
ne2025,NE 2025,91,G00268,1,NE_HISTORY,1,False,True,,,True,MAPPING_OR_PAYMENT_APPROVAL_PENDING,HISTORICAL_OWNER_MAPPING_PENDING|PAYMENT_VERIFICATION_PENDING
ne2025,NE 2025,92,G00269,1,NE_HISTORY,1,False,True,,,True,MAPPING_OR_PAYMENT_APPROVAL_PENDING,HISTORICAL_OWNER_MAPPING_PENDING|PAYMENT_VERIFICATION_PENDING
ne2025,NE 2025,93,G00270,1,NE_HISTORY,1,False,True,,,True,MAPPING_OR_PAYMENT_APPROVAL_PENDING,HISTORICAL_OWNER_MAPPING_PENDING|PAYMENT_VERIFICATION_PENDING
ne2025,NE 2025,94,G01495,2,NE_HISTORY,1,False,True,,,True,MAPPING_OR_PAYMENT_APPROVAL_PENDING,HISTORICAL_OWNER_MAPPING_PENDING|PAYMENT_VERIFICATION_PENDING
ne2025,NE 2025,95,G00271,1,NE_HISTORY,1,False,True,,,True,MAPPING_OR_PAYMENT_APPROVAL_PENDING,HISTORICAL_OWNER_MAPPING_PENDING|PAYMENT_VERIFICATION_PENDING
ne2025,NE 2025,96,G00272,1,NE_HISTORY,1,False,True,,,True,MAPPING_OR_PAYMENT_APPROVAL_PENDING,HISTORICAL_OWNER_MAPPING_PENDING|PAYMENT_VERIFICATION_PENDING
ne2025,NE 2025,97,G00273,1,NE_HISTORY,1,False,True,,,True,MAPPING_OR_PAYMENT_APPROVAL_PENDING,HISTORICAL_OWNER_MAPPING_PENDING|PAYMENT_VERIFICATION_PENDING
ne2025,NE 2025,98,G00274,1,NE_HISTORY,1,False,True,,,True,MAPPING_OR_PAYMENT_APPROVAL_PENDING,HISTORICAL_OWNER_MAPPING_PENDING|PAYMENT_VERIFICATION_PENDING
ne2025,NE 2025,99,G00275,1,NE_HISTORY,1,False,True,,,True,MAPPING_OR_PAYMENT_APPROVAL_PENDING,HISTORICAL_OWNER_MAPPING_PENDING|PAYMENT_VERIFICATION_PENDING
ne2025,NE 2025,100,G00814,2,NE_HISTORY,1,False,True,,,True,MAPPING_OR_PAYMENT_APPROVAL_PENDING,HISTORICAL_OWNER_MAPPING_PENDING|PAYMENT_VERIFICATION_PENDING
ne2025,NE 2025,101,G00276,1,NE_HISTORY,1,False,True,,,True,MAPPING_OR_PAYMENT_APPROVAL_PENDING,HISTORICAL_OWNER_MAPPING_PENDING|PAYMENT_VERIFICATION_PENDING
ne2025,NE 2025,102,G00277,1,NE_HISTORY,1,False,True,,,True,MAPPING_OR_PAYMENT_APPROVAL_PENDING,HISTORICAL_OWNER_MAPPING_PENDING|PAYMENT_VERIFICATION_PENDING
ne2025,NE 2025,103,G00278,1,NE_HISTORY,1,False,True,,,True,MAPPING_OR_PAYMENT_APPROVAL_PENDING,HISTORICAL_OWNER_MAPPING_PENDING|PAYMENT_VERIFICATION_PENDING
ne2025,NE 2025,104,G00826,2,NE_HISTORY,1,False,True,,,True,MAPPING_OR_PAYMENT_APPROVAL_PENDING,HISTORICAL_OWNER_MAPPING_PENDING|PAYMENT_VERIFICATION_PENDING
ne2025,NE 2025,105,G00279,1,NE_HISTORY,1,False,True,,,True,MAPPING_OR_PAYMENT_APPROVAL_PENDING,HISTORICAL_OWNER_MAPPING_PENDING|PAYMENT_VERIFICATION_PENDING
ne2025,NE 2025,106,G00280,1,NE_HISTORY,1,False,True,,,True,MAPPING_OR_PAYMENT_APPROVAL_PENDING,HISTORICAL_OWNER_MAPPING_PENDING|PAYMENT_VERIFICATION_PENDING
ne2025,NE 2025,107,G00471,2,NE_HISTORY,1,False,True,,,True,MAPPING_OR_PAYMENT_APPROVAL_PENDING,HISTORICAL_OWNER_MAPPING_PENDING|PAYMENT_VERIFICATION_PENDING
ne2025,NE 2025,108,G00281,1,NE_HISTORY,1,False,True,,,True,MAPPING_OR_PAYMENT_APPROVAL_PENDING,HISTORICAL_OWNER_MAPPING_PENDING|PAYMENT_VERIFICATION_PENDING
ne2025,NE 2025,109,G00282,1,NE_HISTORY,1,False,True,,,True,MAPPING_OR_PAYMENT_APPROVAL_PENDING,HISTORICAL_OWNER_MAPPING_PENDING|PAYMENT_VERIFICATION_PENDING
ne2025,NE 2025,110,G00283,1,NE_HISTORY,1,False,True,,,True,MAPPING_OR_PAYMENT_APPROVAL_PENDING,HISTORICAL_OWNER_MAPPING_PENDING|PAYMENT_VERIFICATION_PENDING
ne2025,NE 2025,111,G00284,1,NE_HISTORY,1,False,False,,,False,REVIEW_STRUCTURE,MISSING_PROGRAM|HISTORICAL_OWNER_MAPPING_PENDING|PAYMENT_VERIFICATION_PENDING
ne2025,NE 2025,112,G00285,1,NE_HISTORY,1,False,True,,,True,MAPPING_OR_PAYMENT_APPROVAL_PENDING,HISTORICAL_OWNER_MAPPING_PENDING|PAYMENT_VERIFICATION_PENDING
ne2025,NE 2025,113,G01526,2,NE_HISTORY,1,False,True,,,True,MAPPING_OR_PAYMENT_APPROVAL_PENDING,HISTORICAL_OWNER_MAPPING_PENDING|PAYMENT_VERIFICATION_PENDING
ne2025,NE 2025,114,G00286,1,NE_HISTORY,1,False,True,,,True,MAPPING_OR_PAYMENT_APPROVAL_PENDING,HISTORICAL_OWNER_MAPPING_PENDING|PAYMENT_VERIFICATION_PENDING
ne2025,NE 2025,115,G00287,1,NE_HISTORY,1,False,True,,,True,MAPPING_OR_PAYMENT_APPROVAL_PENDING,HISTORICAL_OWNER_MAPPING_PENDING|PAYMENT_VERIFICATION_PENDING
ne2025,NE 2025,116,G00288,1,NE_HISTORY,1,False,True,,,True,MAPPING_OR_PAYMENT_APPROVAL_PENDING,HISTORICAL_OWNER_MAPPING_PENDING|PAYMENT_VERIFICATION_PENDING
ne2025,NE 2025,117,G00289,1,NE_HISTORY,1,False,True,,,True,MAPPING_OR_PAYMENT_APPROVAL_PENDING,HISTORICAL_OWNER_MAPPING_PENDING|PAYMENT_VERIFICATION_PENDING
ne2025,NE 2025,118,G00827,2,NE_HISTORY,1,False,True,,,True,MAPPING_OR_PAYMENT_APPROVAL_PENDING,HISTORICAL_OWNER_MAPPING_PENDING|PAYMENT_VERIFICATION_PENDING
ne2025,NE 2025,119,G00477,2,NE_HISTORY,1,False,True,,,True,MAPPING_OR_PAYMENT_APPROVAL_PENDING,HISTORICAL_OWNER_MAPPING_PENDING|PAYMENT_VERIFICATION_PENDING
ne2025,NE 2025,120,G00290,1,NE_HISTORY,1,False,True,,,True,MAPPING_OR_PAYMENT_APPROVAL_PENDING,HISTORICAL_OWNER_MAPPING_PENDING|PAYMENT_VERIFICATION_PENDING
ne2025,NE 2025,121,G00291,1,NE_HISTORY,1,False,True,,,True,MAPPING_OR_PAYMENT_APPROVAL_PENDING,HISTORICAL_OWNER_MAPPING_PENDING|PAYMENT_VERIFICATION_PENDING
ne2025,NE 2025,122,G00478,2,NE_HISTORY,1,False,True,,,True,MAPPING_OR_PAYMENT_APPROVAL_PENDING,HISTORICAL_OWNER_MAPPING_PENDING|PAYMENT_VERIFICATION_PENDING
ne2025,NE 2025,123,G00292,1,NE_HISTORY,1,False,True,,,True,MAPPING_OR_PAYMENT_APPROVAL_PENDING,HISTORICAL_OWNER_MAPPING_PENDING|PAYMENT_VERIFICATION_PENDING
ne2025,NE 2025,124,G00845,2,NE_HISTORY,1,False,True,,,True,MAPPING_OR_PAYMENT_APPROVAL_PENDING,HISTORICAL_OWNER_MAPPING_PENDING|PAYMENT_VERIFICATION_PENDING
ne2025,NE 2025,125,G00293,1,NE_HISTORY,1,False,True,,,True,MAPPING_OR_PAYMENT_APPROVAL_PENDING,HISTORICAL_OWNER_MAPPING_PENDING|PAYMENT_VERIFICATION_PENDING
ne2025,NE 2025,126,G00294,1,NE_HISTORY,2,False,True,,,True,MAPPING_OR_PAYMENT_APPROVAL_PENDING,HISTORICAL_OWNER_MAPPING_PENDING|PAYMENT_VERIFICATION_PENDING
ne2025,NE 2025,127,G00461,3,NE_HISTORY,1,False,True,,,True,MAPPING_OR_PAYMENT_APPROVAL_PENDING,HISTORICAL_OWNER_MAPPING_PENDING|PAYMENT_VERIFICATION_PENDING
ne2025,NE 2025,128,G00295,1,NE_HISTORY,1,False,True,,,True,MAPPING_OR_PAYMENT_APPROVAL_PENDING,HISTORICAL_OWNER_MAPPING_PENDING|PAYMENT_VERIFICATION_PENDING
ne2025,NE 2025,129,G00825,2,NE_HISTORY,1,False,True,,,True,MAPPING_OR_PAYMENT_APPROVAL_PENDING,HISTORICAL_OWNER_MAPPING_PENDING|PAYMENT_VERIFICATION_PENDING
ne2025,NE 2025,130,G00296,1,NE_HISTORY,1,False,True,,,True,MAPPING_OR_PAYMENT_APPROVAL_PENDING,HISTORICAL_OWNER_MAPPING_PENDING|PAYMENT_VERIFICATION_PENDING
ne2025,NE 2025,131,G00297,1,NE_HISTORY,1,False,True,,,True,MAPPING_OR_PAYMENT_APPROVAL_PENDING,HISTORICAL_OWNER_MAPPING_PENDING|PAYMENT_VERIFICATION_PENDING
ne2025,NE 2025,132,G00481,2,NE_HISTORY,1,False,True,,,True,MAPPING_OR_PAYMENT_APPROVAL_PENDING,HISTORICAL_OWNER_MAPPING_PENDING|PAYMENT_VERIFICATION_PENDING
ne2025,NE 2025,133,G00476,2,NE_HISTORY,1,False,True,,,True,MAPPING_OR_PAYMENT_APPROVAL_PENDING,HISTORICAL_OWNER_MAPPING_PENDING|PAYMENT_VERIFICATION_PENDING
ne2025,NE 2025,134,G00298,1,NE_HISTORY,1,False,True,,,True,MAPPING_OR_PAYMENT_APPROVAL_PENDING,HISTORICAL_OWNER_MAPPING_PENDING|PAYMENT_VERIFICATION_PENDING
ne2025,NE 2025,135,G00299,1,NE_HISTORY,1,False,True,,,True,MAPPING_OR_PAYMENT_APPROVAL_PENDING,HISTORICAL_OWNER_MAPPING_PENDING|PAYMENT_VERIFICATION_PENDING
ne2025,NE 2025,136,G00300,1,NE_HISTORY,1,False,True,,,True,MAPPING_OR_PAYMENT_APPROVAL_PENDING,HISTORICAL_OWNER_MAPPING_PENDING|PAYMENT_VERIFICATION_PENDING
ne2025,NE 2025,137,G01552,2,NE_HISTORY,1,False,True,,,True,MAPPING_OR_PAYMENT_APPROVAL_PENDING,HISTORICAL_OWNER_MAPPING_PENDING|PAYMENT_VERIFICATION_PENDING
ne2025,NE 2025,138,G00301,1,NE_HISTORY,1,False,True,,,True,MAPPING_OR_PAYMENT_APPROVAL_PENDING,HISTORICAL_OWNER_MAPPING_PENDING|PAYMENT_VERIFICATION_PENDING
ne2025,NE 2025,139,G00302,1,NE_HISTORY,1,False,True,,,True,MAPPING_OR_PAYMENT_APPROVAL_PENDING,HISTORICAL_OWNER_MAPPING_PENDING|PAYMENT_VERIFICATION_PENDING
ne2025,NE 2025,140,G00303,1,NE_HISTORY,1,False,True,,,True,MAPPING_OR_PAYMENT_APPROVAL_PENDING,HISTORICAL_OWNER_MAPPING_PENDING|PAYMENT_VERIFICATION_PENDING
ne2025,NE 2025,141,G00304,1,NE_HISTORY,1,False,True,,,True,MAPPING_OR_PAYMENT_APPROVAL_PENDING,HISTORICAL_OWNER_MAPPING_PENDING|PAYMENT_VERIFICATION_PENDING
ne2025,NE 2025,142,G00305,1,NE_HISTORY,1,False,True,,,True,MAPPING_OR_PAYMENT_APPROVAL_PENDING,HISTORICAL_OWNER_MAPPING_PENDING|PAYMENT_VERIFICATION_PENDING
ne2025,NE 2025,143,G00306,1,NE_HISTORY,1,False,True,,,True,MAPPING_OR_PAYMENT_APPROVAL_PENDING,HISTORICAL_OWNER_MAPPING_PENDING|PAYMENT_VERIFICATION_PENDING
ne2025,NE 2025,144,G00858,2,NE_HISTORY,1,False,True,,,True,MAPPING_OR_PAYMENT_APPROVAL_PENDING,HISTORICAL_OWNER_MAPPING_PENDING|PAYMENT_VERIFICATION_PENDING
ne2025,NE 2025,145,G00307,1,NE_HISTORY,1,False,True,,,True,MAPPING_OR_PAYMENT_APPROVAL_PENDING,HISTORICAL_OWNER_MAPPING_PENDING|PAYMENT_VERIFICATION_PENDING
ne2025,NE 2025,146,G00483,2,NE_HISTORY,1,False,True,,,True,MAPPING_OR_PAYMENT_APPROVAL_PENDING,HISTORICAL_OWNER_MAPPING_PENDING|PAYMENT_VERIFICATION_PENDING
ne2025,NE 2025,147,G00480,2,NE_HISTORY,1,False,True,,,True,MAPPING_OR_PAYMENT_APPROVAL_PENDING,HISTORICAL_OWNER_MAPPING_PENDING|PAYMENT_VERIFICATION_PENDING
ne2025,NE 2025,148,G00308,1,NE_HISTORY,1,False,True,,,True,MAPPING_OR_PAYMENT_APPROVAL_PENDING,HISTORICAL_OWNER_MAPPING_PENDING|PAYMENT_VERIFICATION_PENDING
ne2025,NE 2025,149,G00309,1,NE_HISTORY,1,False,True,,,True,MAPPING_OR_PAYMENT_APPROVAL_PENDING,HISTORICAL_OWNER_MAPPING_PENDING|PAYMENT_VERIFICATION_PENDING
ne2025,NE 2025,150,G00310,1,NE_HISTORY,1,False,True,,,True,MAPPING_OR_PAYMENT_APPROVAL_PENDING,HISTORICAL_OWNER_MAPPING_PENDING|PAYMENT_VERIFICATION_PENDING
ne2025,NE 2025,151,G00485,2,NE_HISTORY,1,False,True,,,True,MAPPING_OR_PAYMENT_APPROVAL_PENDING,HISTORICAL_OWNER_MAPPING_PENDING|PAYMENT_VERIFICATION_PENDING
ne2025,NE 2025,152,G00311,1,NE_HISTORY,1,False,True,,,True,MAPPING_OR_PAYMENT_APPROVAL_PENDING,HISTORICAL_OWNER_MAPPING_PENDING|PAYMENT_VERIFICATION_PENDING
ne2025,NE 2025,153,G00484,2,NE_HISTORY,1,False,True,,,True,MAPPING_OR_PAYMENT_APPROVAL_PENDING,HISTORICAL_OWNER_MAPPING_PENDING|PAYMENT_VERIFICATION_PENDING
ne2025,NE 2025,154,G01557,2,NE_HISTORY,1,False,True,,,True,MAPPING_OR_PAYMENT_APPROVAL_PENDING,HISTORICAL_OWNER_MAPPING_PENDING|PAYMENT_VERIFICATION_PENDING
ne2025,NE 2025,155,G00312,1,NE_HISTORY,1,False,True,,,True,MAPPING_OR_PAYMENT_APPROVAL_PENDING,HISTORICAL_OWNER_MAPPING_PENDING|PAYMENT_VERIFICATION_PENDING
ne2025,NE 2025,156,G00313,1,NE_HISTORY,1,False,True,,,True,MAPPING_OR_PAYMENT_APPROVAL_PENDING,HISTORICAL_OWNER_MAPPING_PENDING|PAYMENT_VERIFICATION_PENDING
ne2025,NE 2025,157,G00314,1,NE_HISTORY,1,False,True,,,True,MAPPING_OR_PAYMENT_APPROVAL_PENDING,HISTORICAL_OWNER_MAPPING_PENDING|PAYMENT_VERIFICATION_PENDING
ne2025,NE 2025,158,G00482,2,NE_HISTORY,1,False,True,,,True,MAPPING_OR_PAYMENT_APPROVAL_PENDING,HISTORICAL_OWNER_MAPPING_PENDING|PAYMENT_VERIFICATION_PENDING
ne2025,NE 2025,159,G00315,1,NE_HISTORY,2,False,True,,,True,MAPPING_OR_PAYMENT_APPROVAL_PENDING,HISTORICAL_OWNER_MAPPING_PENDING|PAYMENT_VERIFICATION_PENDING
ne2025,NE 2025,160,G00316,1,NE_HISTORY,1,False,True,,,True,MAPPING_OR_PAYMENT_APPROVAL_PENDING,HISTORICAL_OWNER_MAPPING_PENDING|PAYMENT_VERIFICATION_PENDING
ne2025,NE 2025,161,G00317,1,NE_HISTORY,1,False,True,,,True,MAPPING_OR_PAYMENT_APPROVAL_PENDING,HISTORICAL_OWNER_MAPPING_PENDING|PAYMENT_VERIFICATION_PENDING
ne2025,NE 2025,162,G00486,2,NE_HISTORY,1,False,True,,,True,MAPPING_OR_PAYMENT_APPROVAL_PENDING,HISTORICAL_OWNER_MAPPING_PENDING|PAYMENT_VERIFICATION_PENDING
ne2025,NE 2025,163,G00318,1,NE_HISTORY,1,False,True,,,True,MAPPING_OR_PAYMENT_APPROVAL_PENDING,HISTORICAL_OWNER_MAPPING_PENDING|PAYMENT_VERIFICATION_PENDING
ne2025,NE 2025,164,G00319,1,NE_HISTORY,1,False,True,,,True,MAPPING_OR_PAYMENT_APPROVAL_PENDING,HISTORICAL_OWNER_MAPPING_PENDING|PAYMENT_VERIFICATION_PENDING
ne2025,NE 2025,165,G00320,1,NE_HISTORY,2,False,True,,,True,MAPPING_OR_PAYMENT_APPROVAL_PENDING,HISTORICAL_OWNER_MAPPING_PENDING|PAYMENT_VERIFICATION_PENDING
ne2025,NE 2025,166,G00321,1,NE_HISTORY,1,False,True,,,True,MAPPING_OR_PAYMENT_APPROVAL_PENDING,HISTORICAL_OWNER_MAPPING_PENDING|PAYMENT_VERIFICATION_PENDING
ne2025,NE 2025,167,G00322,1,NE_HISTORY,1,False,True,,,True,MAPPING_OR_PAYMENT_APPROVAL_PENDING,HISTORICAL_OWNER_MAPPING_PENDING|PAYMENT_VERIFICATION_PENDING
ne2025,NE 2025,168,G00323,1,NE_HISTORY,1,False,True,,,True,MAPPING_OR_PAYMENT_APPROVAL_PENDING,HISTORICAL_OWNER_MAPPING_PENDING|PAYMENT_VERIFICATION_PENDING
ne2025,NE 2025,169,G00888,2,NE_HISTORY,1,False,True,,,True,MAPPING_OR_PAYMENT_APPROVAL_PENDING,HISTORICAL_OWNER_MAPPING_PENDING|PAYMENT_VERIFICATION_PENDING
ne2025,NE 2025,170,G00895,2,NE_HISTORY,1,False,True,,,True,MAPPING_OR_PAYMENT_APPROVAL_PENDING,HISTORICAL_OWNER_MAPPING_PENDING|PAYMENT_VERIFICATION_PENDING
ne2025,NE 2025,171,G00324,1,NE_HISTORY,1,False,True,,,True,MAPPING_OR_PAYMENT_APPROVAL_PENDING,HISTORICAL_OWNER_MAPPING_PENDING|PAYMENT_VERIFICATION_PENDING
ne2025,NE 2025,172,G00325,1,NE_HISTORY,1,False,True,,,True,MAPPING_OR_PAYMENT_APPROVAL_PENDING,HISTORICAL_OWNER_MAPPING_PENDING|PAYMENT_VERIFICATION_PENDING
ne2025,NE 2025,173,G00326,1,NE_HISTORY,1,False,True,,,True,MAPPING_OR_PAYMENT_APPROVAL_PENDING,HISTORICAL_OWNER_MAPPING_PENDING|PAYMENT_VERIFICATION_PENDING
ne2025,NE 2025,174,G00327,1,NE_HISTORY,1,False,True,,,True,MAPPING_OR_PAYMENT_APPROVAL_PENDING,HISTORICAL_OWNER_MAPPING_PENDING|PAYMENT_VERIFICATION_PENDING
ne2025,NE 2025,175,G00328,1,NE_HISTORY,1,False,True,,,True,MAPPING_OR_PAYMENT_APPROVAL_PENDING,HISTORICAL_OWNER_MAPPING_PENDING|PAYMENT_VERIFICATION_PENDING
ne2025,NE 2025,176,G00329,1,NE_HISTORY,1,False,True,,,True,MAPPING_OR_PAYMENT_APPROVAL_PENDING,HISTORICAL_OWNER_MAPPING_PENDING|PAYMENT_VERIFICATION_PENDING
ne2025,NE 2025,177,G01571,2,NE_HISTORY,1,False,True,,,True,MAPPING_OR_PAYMENT_APPROVAL_PENDING,HISTORICAL_OWNER_MAPPING_PENDING|PAYMENT_VERIFICATION_PENDING
ne2025,NE 2025,178,G00489,2,NE_HISTORY,1,False,True,,,True,MAPPING_OR_PAYMENT_APPROVAL_PENDING,HISTORICAL_OWNER_MAPPING_PENDING|PAYMENT_VERIFICATION_PENDING
ne2025,NE 2025,179,G00330,1,NE_HISTORY,1,False,True,,,True,MAPPING_OR_PAYMENT_APPROVAL_PENDING,HISTORICAL_OWNER_MAPPING_PENDING|PAYMENT_VERIFICATION_PENDING
ne2025,NE 2025,180,G00331,1,NE_HISTORY,1,False,True,,,True,MAPPING_OR_PAYMENT_APPROVAL_PENDING,HISTORICAL_OWNER_MAPPING_PENDING|PAYMENT_VERIFICATION_PENDING
ne2025,NE 2025,181,G00332,1,NE_HISTORY,1,False,True,,,True,MAPPING_OR_PAYMENT_APPROVAL_PENDING,HISTORICAL_OWNER_MAPPING_PENDING|PAYMENT_VERIFICATION_PENDING
ne2025,NE 2025,182,G00333,1,NE_HISTORY,1,False,True,,,True,MAPPING_OR_PAYMENT_APPROVAL_PENDING,HISTORICAL_OWNER_MAPPING_PENDING|PAYMENT_VERIFICATION_PENDING
ne2025,NE 2025,183,G00334,1,NE_HISTORY,2,False,True,,,True,MAPPING_OR_PAYMENT_APPROVAL_PENDING,HISTORICAL_OWNER_MAPPING_PENDING|PAYMENT_VERIFICATION_PENDING
ne2025,NE 2025,184,G00335,1,NE_HISTORY,1,False,True,,,True,MAPPING_OR_PAYMENT_APPROVAL_PENDING,HISTORICAL_OWNER_MAPPING_PENDING|PAYMENT_VERIFICATION_PENDING
ne2025,NE 2025,185,G00336,1,NE_HISTORY,1,False,True,,,True,MAPPING_OR_PAYMENT_APPROVAL_PENDING,HISTORICAL_OWNER_MAPPING_PENDING|PAYMENT_VERIFICATION_PENDING
ne2025,NE 2025,186,G00487,2,NE_HISTORY,1,False,True,,,True,MAPPING_OR_PAYMENT_APPROVAL_PENDING,HISTORICAL_OWNER_MAPPING_PENDING|PAYMENT_VERIFICATION_PENDING
ne2025,NE 2025,187,G00926,2,NE_HISTORY,1,False,True,,,True,MAPPING_OR_PAYMENT_APPROVAL_PENDING,HISTORICAL_OWNER_MAPPING_PENDING|PAYMENT_VERIFICATION_PENDING
ne2025,NE 2025,188,G00337,1,NE_HISTORY,1,False,True,,,True,MAPPING_OR_PAYMENT_APPROVAL_PENDING,HISTORICAL_OWNER_MAPPING_PENDING|PAYMENT_VERIFICATION_PENDING
ne2025,NE 2025,189,G00491,2,NE_HISTORY,1,False,True,,,True,MAPPING_OR_PAYMENT_APPROVAL_PENDING,HISTORICAL_OWNER_MAPPING_PENDING|PAYMENT_VERIFICATION_PENDING
ne2025,NE 2025,190,G00338,1,NE_HISTORY,1,False,True,,,True,MAPPING_OR_PAYMENT_APPROVAL_PENDING,HISTORICAL_OWNER_MAPPING_PENDING|PAYMENT_VERIFICATION_PENDING
ne2025,NE 2025,191,G00492,3,NE_HISTORY,1,False,True,,,True,MAPPING_OR_PAYMENT_APPROVAL_PENDING,HISTORICAL_OWNER_MAPPING_PENDING|PAYMENT_VERIFICATION_PENDING
ne2025,NE 2025,192,G00339,1,NE_HISTORY,1,False,True,,,True,MAPPING_OR_PAYMENT_APPROVAL_PENDING,HISTORICAL_OWNER_MAPPING_PENDING|PAYMENT_VERIFICATION_PENDING
ne2025,NE 2025,193,G00340,1,NE_HISTORY,1,False,True,,,True,MAPPING_OR_PAYMENT_APPROVAL_PENDING,HISTORICAL_OWNER_MAPPING_PENDING|PAYMENT_VERIFICATION_PENDING
ne2025,NE 2025,194,G00341,1,NE_HISTORY,1,False,True,,,True,MAPPING_OR_PAYMENT_APPROVAL_PENDING,HISTORICAL_OWNER_MAPPING_PENDING|PAYMENT_VERIFICATION_PENDING
ne2025,NE 2025,195,G00342,1,NE_HISTORY,1,False,True,,,True,MAPPING_OR_PAYMENT_APPROVAL_PENDING,HISTORICAL_OWNER_MAPPING_PENDING|PAYMENT_VERIFICATION_PENDING
ne2025,NE 2025,196,G00343,3,NE_HISTORY,2,False,True,,,True,MAPPING_OR_PAYMENT_APPROVAL_PENDING,HISTORICAL_OWNER_MAPPING_PENDING|PAYMENT_VERIFICATION_PENDING
ne2025,NE 2025,197,G00488,2,NE_HISTORY,1,False,True,,,True,MAPPING_OR_PAYMENT_APPROVAL_PENDING,HISTORICAL_OWNER_MAPPING_PENDING|PAYMENT_VERIFICATION_PENDING
ne2025,NE 2025,198,G00344,1,NE_HISTORY,1,False,True,,,True,MAPPING_OR_PAYMENT_APPROVAL_PENDING,HISTORICAL_OWNER_MAPPING_PENDING|PAYMENT_VERIFICATION_PENDING
ne2025,NE 2025,199,G00493,2,NE_HISTORY,1,False,True,,,True,MAPPING_OR_PAYMENT_APPROVAL_PENDING,HISTORICAL_OWNER_MAPPING_PENDING|PAYMENT_VERIFICATION_PENDING
ne2025,NE 2025,200,G00345,1,NE_HISTORY,1,False,True,,,True,MAPPING_OR_PAYMENT_APPROVAL_PENDING,HISTORICAL_OWNER_MAPPING_PENDING|PAYMENT_VERIFICATION_PENDING
ne2025,NE 2025,201,G00494,3,NE_HISTORY,1,False,True,,,True,MAPPING_OR_PAYMENT_APPROVAL_PENDING,HISTORICAL_OWNER_MAPPING_PENDING|PAYMENT_VERIFICATION_PENDING
ne2025,NE 2025,202,G00490,2,NE_HISTORY,1,False,True,,,True,MAPPING_OR_PAYMENT_APPROVAL_PENDING,HISTORICAL_OWNER_MAPPING_PENDING|PAYMENT_VERIFICATION_PENDING
ne2025,NE 2025,203,G01372,2,NE_HISTORY,1,False,True,,,True,MAPPING_OR_PAYMENT_APPROVAL_PENDING,HISTORICAL_OWNER_MAPPING_PENDING|PAYMENT_VERIFICATION_PENDING
ne2025,NE 2025,204,G00346,1,NE_HISTORY,1,False,False,,,False,REVIEW_STRUCTURE,MISSING_PROGRAM|HISTORICAL_OWNER_MAPPING_PENDING|PAYMENT_VERIFICATION_PENDING
ne2025,NE 2025,205,G00347,1,NE_HISTORY,1,False,True,,,True,MAPPING_OR_PAYMENT_APPROVAL_PENDING,HISTORICAL_OWNER_MAPPING_PENDING|PAYMENT_VERIFICATION_PENDING
ne2025,NE 2025,206,G00348,1,NE_HISTORY,1,False,True,,,True,MAPPING_OR_PAYMENT_APPROVAL_PENDING,HISTORICAL_OWNER_MAPPING_PENDING|PAYMENT_VERIFICATION_PENDING
ne2025,NE 2025,207,G00349,1,NE_HISTORY,1,False,True,,,True,MAPPING_OR_PAYMENT_APPROVAL_PENDING,HISTORICAL_OWNER_MAPPING_PENDING|PAYMENT_VERIFICATION_PENDING
ne2025,NE 2025,208,G00350,1,NE_HISTORY,1,False,True,,,True,MAPPING_OR_PAYMENT_APPROVAL_PENDING,HISTORICAL_OWNER_MAPPING_PENDING|PAYMENT_VERIFICATION_PENDING
ne2025,NE 2025,209,G00351,1,NE_HISTORY,1,False,True,,,True,MAPPING_OR_PAYMENT_APPROVAL_PENDING,HISTORICAL_OWNER_MAPPING_PENDING|PAYMENT_VERIFICATION_PENDING
ne2025,NE 2025,210,G00352,1,NE_HISTORY,1,False,True,,,True,MAPPING_OR_PAYMENT_APPROVAL_PENDING,HISTORICAL_OWNER_MAPPING_PENDING|PAYMENT_VERIFICATION_PENDING
ne2025,NE 2025,211,G00353,1,NE_HISTORY,0,False,True,,,True,REVIEW_STRUCTURE,NO_VALID_CONTACT|HISTORICAL_OWNER_MAPPING_PENDING|PAYMENT_VERIFICATION_PENDING
ne2025,NE 2025,212,G00354,1,NE_HISTORY,1,False,True,,,True,MAPPING_OR_PAYMENT_APPROVAL_PENDING,HISTORICAL_OWNER_MAPPING_PENDING|PAYMENT_VERIFICATION_PENDING
ne2025,NE 2025,213,G00355,1,NE_HISTORY,1,False,True,,,True,MAPPING_OR_PAYMENT_APPROVAL_PENDING,HISTORICAL_OWNER_MAPPING_PENDING|PAYMENT_VERIFICATION_PENDING
ne2025,NE 2025,214,G00356,1,NE_HISTORY,1,False,True,,,True,MAPPING_OR_PAYMENT_APPROVAL_PENDING,HISTORICAL_OWNER_MAPPING_PENDING|PAYMENT_VERIFICATION_PENDING
ne2025,NE 2025,215,G00357,1,NE_HISTORY,1,False,True,,,True,MAPPING_OR_PAYMENT_APPROVAL_PENDING,HISTORICAL_OWNER_MAPPING_PENDING|PAYMENT_VERIFICATION_PENDING
ne2025,NE 2025,216,G00358,1,NE_HISTORY,1,False,True,,,True,MAPPING_OR_PAYMENT_APPROVAL_PENDING,HISTORICAL_OWNER_MAPPING_PENDING|PAYMENT_VERIFICATION_PENDING
ne2025,NE 2025,217,G00359,1,NE_HISTORY,1,False,True,,,True,MAPPING_OR_PAYMENT_APPROVAL_PENDING,HISTORICAL_OWNER_MAPPING_PENDING|PAYMENT_VERIFICATION_PENDING
ne2025,NE 2025,218,G00360,1,NE_HISTORY,1,False,True,,,True,MAPPING_OR_PAYMENT_APPROVAL_PENDING,HISTORICAL_OWNER_MAPPING_PENDING|PAYMENT_VERIFICATION_PENDING
ne2025,NE 2025,219,G00361,1,NE_HISTORY,1,False,True,,,True,MAPPING_OR_PAYMENT_APPROVAL_PENDING,HISTORICAL_OWNER_MAPPING_PENDING|PAYMENT_VERIFICATION_PENDING
ne2025,NE 2025,220,G00362,1,NE_HISTORY,1,False,True,,,True,MAPPING_OR_PAYMENT_APPROVAL_PENDING,HISTORICAL_OWNER_MAPPING_PENDING|PAYMENT_VERIFICATION_PENDING
ne2025,NE 2025,221,G00363,1,NE_HISTORY,1,False,True,,,True,MAPPING_OR_PAYMENT_APPROVAL_PENDING,HISTORICAL_OWNER_MAPPING_PENDING|PAYMENT_VERIFICATION_PENDING
ne2025,NE 2025,222,G00364,1,NE_HISTORY,1,False,True,,,True,MAPPING_OR_PAYMENT_APPROVAL_PENDING,HISTORICAL_OWNER_MAPPING_PENDING|PAYMENT_VERIFICATION_PENDING
ne2025,NE 2025,223,G00365,1,NE_HISTORY,1,False,True,,,True,MAPPING_OR_PAYMENT_APPROVAL_PENDING,HISTORICAL_OWNER_MAPPING_PENDING|PAYMENT_VERIFICATION_PENDING
ne2025,NE 2025,224,G00366,1,NE_HISTORY,1,False,True,,,True,MAPPING_OR_PAYMENT_APPROVAL_PENDING,HISTORICAL_OWNER_MAPPING_PENDING|PAYMENT_VERIFICATION_PENDING
ne2025,NE 2025,225,G00367,1,NE_HISTORY,1,False,True,,,True,MAPPING_OR_PAYMENT_APPROVAL_PENDING,HISTORICAL_OWNER_MAPPING_PENDING|PAYMENT_VERIFICATION_PENDING
ne2025,NE 2025,226,G00368,1,NE_HISTORY,1,False,True,,,True,MAPPING_OR_PAYMENT_APPROVAL_PENDING,HISTORICAL_OWNER_MAPPING_PENDING|PAYMENT_VERIFICATION_PENDING
ne2025,NE 2025,227,G00369,1,NE_HISTORY,1,False,True,,,True,MAPPING_OR_PAYMENT_APPROVAL_PENDING,HISTORICAL_OWNER_MAPPING_PENDING|PAYMENT_VERIFICATION_PENDING
ne2025,NE 2025,228,G00370,1,NE_HISTORY,1,False,True,,,True,MAPPING_OR_PAYMENT_APPROVAL_PENDING,HISTORICAL_OWNER_MAPPING_PENDING|PAYMENT_VERIFICATION_PENDING
ne2025,NE 2025,229,G00371,1,NE_HISTORY,1,False,True,,,True,MAPPING_OR_PAYMENT_APPROVAL_PENDING,HISTORICAL_OWNER_MAPPING_PENDING|PAYMENT_VERIFICATION_PENDING
ne2025,NE 2025,230,G00372,1,NE_HISTORY,1,False,True,,,True,MAPPING_OR_PAYMENT_APPROVAL_PENDING,HISTORICAL_OWNER_MAPPING_PENDING|PAYMENT_VERIFICATION_PENDING
ne2025,NE 2025,231,G00495,3,NE_HISTORY,1,False,True,,,True,MAPPING_OR_PAYMENT_APPROVAL_PENDING,HISTORICAL_OWNER_MAPPING_PENDING|PAYMENT_VERIFICATION_PENDING
ne2025,NE 2025,232,G00496,2,NE_HISTORY,1,False,True,,,True,MAPPING_OR_PAYMENT_APPROVAL_PENDING,HISTORICAL_OWNER_MAPPING_PENDING|PAYMENT_VERIFICATION_PENDING
ne2025,NE 2025,233,G00373,1,NE_HISTORY,1,False,True,,,True,MAPPING_OR_PAYMENT_APPROVAL_PENDING,HISTORICAL_OWNER_MAPPING_PENDING|PAYMENT_VERIFICATION_PENDING
ne2025,NE 2025,234,G00498,2,NE_HISTORY,1,False,True,,,True,MAPPING_OR_PAYMENT_APPROVAL_PENDING,HISTORICAL_OWNER_MAPPING_PENDING|PAYMENT_VERIFICATION_PENDING
ne2025,NE 2025,235,G00374,1,NE_HISTORY,1,False,True,,,True,MAPPING_OR_PAYMENT_APPROVAL_PENDING,HISTORICAL_OWNER_MAPPING_PENDING|PAYMENT_VERIFICATION_PENDING
ne2025,NE 2025,236,G00951,2,NE_HISTORY,1,False,True,,,True,MAPPING_OR_PAYMENT_APPROVAL_PENDING,HISTORICAL_OWNER_MAPPING_PENDING|PAYMENT_VERIFICATION_PENDING
ne2025,NE 2025,237,G00375,1,NE_HISTORY,1,False,True,,,True,MAPPING_OR_PAYMENT_APPROVAL_PENDING,HISTORICAL_OWNER_MAPPING_PENDING|PAYMENT_VERIFICATION_PENDING
ne2025,NE 2025,238,G00376,1,NE_HISTORY,1,False,True,,,True,MAPPING_OR_PAYMENT_APPROVAL_PENDING,HISTORICAL_OWNER_MAPPING_PENDING|PAYMENT_VERIFICATION_PENDING
ne2025,NE 2025,239,G00377,1,NE_HISTORY,1,False,True,,,True,MAPPING_OR_PAYMENT_APPROVAL_PENDING,HISTORICAL_OWNER_MAPPING_PENDING|PAYMENT_VERIFICATION_PENDING
ne2025,NE 2025,240,G00378,1,NE_HISTORY,1,False,True,,,True,MAPPING_OR_PAYMENT_APPROVAL_PENDING,HISTORICAL_OWNER_MAPPING_PENDING|PAYMENT_VERIFICATION_PENDING
ne2025,NE 2025,241,G00379,1,NE_HISTORY,1,False,True,,,True,MAPPING_OR_PAYMENT_APPROVAL_PENDING,HISTORICAL_OWNER_MAPPING_PENDING|PAYMENT_VERIFICATION_PENDING
ne2025,NE 2025,242,G00380,1,NE_HISTORY,1,False,True,,,True,MAPPING_OR_PAYMENT_APPROVAL_PENDING,HISTORICAL_OWNER_MAPPING_PENDING|PAYMENT_VERIFICATION_PENDING
ne2025,NE 2025,243,G00381,1,NE_HISTORY,1,False,True,,,True,MAPPING_OR_PAYMENT_APPROVAL_PENDING,HISTORICAL_OWNER_MAPPING_PENDING|PAYMENT_VERIFICATION_PENDING
ne2025,NE 2025,244,G00382,1,NE_HISTORY,1,False,True,,,True,MAPPING_OR_PAYMENT_APPROVAL_PENDING,HISTORICAL_OWNER_MAPPING_PENDING|PAYMENT_VERIFICATION_PENDING
ne2025,NE 2025,245,G00383,1,NE_HISTORY,1,False,True,,,True,MAPPING_OR_PAYMENT_APPROVAL_PENDING,HISTORICAL_OWNER_MAPPING_PENDING|PAYMENT_VERIFICATION_PENDING
ne2025,NE 2025,246,G00384,1,NE_HISTORY,1,False,True,,,True,MAPPING_OR_PAYMENT_APPROVAL_PENDING,HISTORICAL_OWNER_MAPPING_PENDING|PAYMENT_VERIFICATION_PENDING
ne2025,NE 2025,247,G00385,1,NE_HISTORY,1,False,True,,,True,MAPPING_OR_PAYMENT_APPROVAL_PENDING,HISTORICAL_OWNER_MAPPING_PENDING|PAYMENT_VERIFICATION_PENDING
ne2025,NE 2025,248,G00386,1,NE_HISTORY,1,False,True,,,True,MAPPING_OR_PAYMENT_APPROVAL_PENDING,HISTORICAL_OWNER_MAPPING_PENDING|PAYMENT_VERIFICATION_PENDING
ne2025,NE 2025,249,G00387,1,NE_HISTORY,1,False,True,,,True,MAPPING_OR_PAYMENT_APPROVAL_PENDING,HISTORICAL_OWNER_MAPPING_PENDING|PAYMENT_VERIFICATION_PENDING
ne2025,NE 2025,250,G00388,1,NE_HISTORY,1,False,True,,,True,MAPPING_OR_PAYMENT_APPROVAL_PENDING,HISTORICAL_OWNER_MAPPING_PENDING|PAYMENT_VERIFICATION_PENDING
ne2025,NE 2025,251,G00389,1,NE_HISTORY,1,False,True,,,True,MAPPING_OR_PAYMENT_APPROVAL_PENDING,HISTORICAL_OWNER_MAPPING_PENDING|PAYMENT_VERIFICATION_PENDING
ne2025,NE 2025,252,G00390,1,NE_HISTORY,1,False,True,,,True,MAPPING_OR_PAYMENT_APPROVAL_PENDING,HISTORICAL_OWNER_MAPPING_PENDING|PAYMENT_VERIFICATION_PENDING
ne2025,NE 2025,253,G00391,1,NE_HISTORY,1,False,True,,,True,MAPPING_OR_PAYMENT_APPROVAL_PENDING,HISTORICAL_OWNER_MAPPING_PENDING|PAYMENT_VERIFICATION_PENDING
ne2025,NE 2025,254,G00392,1,NE_HISTORY,1,False,True,,,True,MAPPING_OR_PAYMENT_APPROVAL_PENDING,HISTORICAL_OWNER_MAPPING_PENDING|PAYMENT_VERIFICATION_PENDING
ne2025,NE 2025,255,G00393,1,NE_HISTORY,1,False,True,,,True,MAPPING_OR_PAYMENT_APPROVAL_PENDING,HISTORICAL_OWNER_MAPPING_PENDING|PAYMENT_VERIFICATION_PENDING
ne2025,NE 2025,256,G00394,2,NE_HISTORY,1,False,True,,,True,MAPPING_OR_PAYMENT_APPROVAL_PENDING,HISTORICAL_OWNER_MAPPING_PENDING|PAYMENT_VERIFICATION_PENDING
ne2025,NE 2025,257,G00395,1,NE_HISTORY,1,False,True,,,True,MAPPING_OR_PAYMENT_APPROVAL_PENDING,HISTORICAL_OWNER_MAPPING_PENDING|PAYMENT_VERIFICATION_PENDING
ne2025,NE 2025,258,G00396,1,NE_HISTORY,1,False,True,,,True,MAPPING_OR_PAYMENT_APPROVAL_PENDING,HISTORICAL_OWNER_MAPPING_PENDING|PAYMENT_VERIFICATION_PENDING
ne2025,NE 2025,259,G00497,3,NE_HISTORY,1,False,True,,,True,MAPPING_OR_PAYMENT_APPROVAL_PENDING,HISTORICAL_OWNER_MAPPING_PENDING|PAYMENT_VERIFICATION_PENDING
ne2025,NE 2025,260,G00397,1,NE_HISTORY,1,False,True,,,True,MAPPING_OR_PAYMENT_APPROVAL_PENDING,HISTORICAL_OWNER_MAPPING_PENDING|PAYMENT_VERIFICATION_PENDING
ne2025,NE 2025,261,G00398,1,NE_HISTORY,1,False,True,,,True,MAPPING_OR_PAYMENT_APPROVAL_PENDING,HISTORICAL_OWNER_MAPPING_PENDING|PAYMENT_VERIFICATION_PENDING
ne2025,NE 2025,262,G00399,1,NE_HISTORY,1,False,True,,,True,MAPPING_OR_PAYMENT_APPROVAL_PENDING,HISTORICAL_OWNER_MAPPING_PENDING|PAYMENT_VERIFICATION_PENDING
ne2025,NE 2025,263,G00400,1,NE_HISTORY,1,False,True,,,True,MAPPING_OR_PAYMENT_APPROVAL_PENDING,HISTORICAL_OWNER_MAPPING_PENDING|PAYMENT_VERIFICATION_PENDING
ne2025,NE 2025,264,G00401,1,NE_HISTORY,1,False,True,,,True,MAPPING_OR_PAYMENT_APPROVAL_PENDING,HISTORICAL_OWNER_MAPPING_PENDING|PAYMENT_VERIFICATION_PENDING
ne2025,NE 2025,265,G00402,1,NE_HISTORY,1,False,True,,,True,MAPPING_OR_PAYMENT_APPROVAL_PENDING,HISTORICAL_OWNER_MAPPING_PENDING|PAYMENT_VERIFICATION_PENDING
ne2025,NE 2025,266,G00403,1,NE_HISTORY,1,False,True,,,True,MAPPING_OR_PAYMENT_APPROVAL_PENDING,HISTORICAL_OWNER_MAPPING_PENDING|PAYMENT_VERIFICATION_PENDING
ne2025,NE 2025,267,G00404,1,NE_HISTORY,1,False,True,,,True,MAPPING_OR_PAYMENT_APPROVAL_PENDING,HISTORICAL_OWNER_MAPPING_PENDING|PAYMENT_VERIFICATION_PENDING
ne2025,NE 2025,268,G00405,1,NE_HISTORY,1,False,True,,,True,MAPPING_OR_PAYMENT_APPROVAL_PENDING,HISTORICAL_OWNER_MAPPING_PENDING|PAYMENT_VERIFICATION_PENDING
ne2025,NE 2025,269,G00406,1,NE_HISTORY,1,False,True,,,True,MAPPING_OR_PAYMENT_APPROVAL_PENDING,HISTORICAL_OWNER_MAPPING_PENDING|PAYMENT_VERIFICATION_PENDING
ne2025,NE 2025,270,G00407,1,NE_HISTORY,1,False,True,,,True,MAPPING_OR_PAYMENT_APPROVAL_PENDING,HISTORICAL_OWNER_MAPPING_PENDING|PAYMENT_VERIFICATION_PENDING
ne2025,NE 2025,271,G00408,3,NE_HISTORY,1,False,True,,,True,MAPPING_OR_PAYMENT_APPROVAL_PENDING,HISTORICAL_OWNER_MAPPING_PENDING|PAYMENT_VERIFICATION_PENDING
ne2024,NE 2024 ,4,G00409,1,NE_HISTORY,0,False,True,,,True,REVIEW_STRUCTURE,NO_VALID_CONTACT|HISTORICAL_OWNER_MAPPING_PENDING|PAYMENT_VERIFICATION_PENDING
ne2024,NE 2024 ,5,G00410,1,NE_HISTORY,0,False,True,,,True,REVIEW_STRUCTURE,NO_VALID_CONTACT|HISTORICAL_OWNER_MAPPING_PENDING|PAYMENT_VERIFICATION_PENDING
ne2024,NE 2024 ,6,G00411,1,NE_HISTORY,0,False,True,,,True,REVIEW_STRUCTURE,NO_VALID_CONTACT|HISTORICAL_OWNER_MAPPING_PENDING|PAYMENT_VERIFICATION_PENDING
ne2024,NE 2024 ,7,G00412,1,NE_HISTORY,0,False,True,,,True,REVIEW_STRUCTURE,NO_VALID_CONTACT|HISTORICAL_OWNER_MAPPING_PENDING|PAYMENT_VERIFICATION_PENDING
ne2024,NE 2024 ,8,G00413,1,NE_HISTORY,0,False,True,,,True,REVIEW_STRUCTURE,NO_VALID_CONTACT|HISTORICAL_OWNER_MAPPING_PENDING|PAYMENT_VERIFICATION_PENDING
ne2024,NE 2024 ,9,G00414,1,NE_HISTORY,0,False,True,,,True,REVIEW_STRUCTURE,NO_VALID_CONTACT|HISTORICAL_OWNER_MAPPING_PENDING|PAYMENT_VERIFICATION_PENDING
ne2024,NE 2024 ,10,G00415,1,NE_HISTORY,0,False,True,,,True,REVIEW_STRUCTURE,NO_VALID_CONTACT|HISTORICAL_OWNER_MAPPING_PENDING|PAYMENT_VERIFICATION_PENDING
ne2024,NE 2024 ,11,G00416,1,NE_HISTORY,0,False,True,,,True,REVIEW_STRUCTURE,NO_VALID_CONTACT|HISTORICAL_OWNER_MAPPING_PENDING|PAYMENT_VERIFICATION_PENDING
ne2024,NE 2024 ,12,G00417,1,NE_HISTORY,0,False,True,,,True,REVIEW_STRUCTURE,NO_VALID_CONTACT|HISTORICAL_OWNER_MAPPING_PENDING|PAYMENT_VERIFICATION_PENDING
ne2024,NE 2024 ,13,G00418,1,NE_HISTORY,0,False,True,,,True,REVIEW_STRUCTURE,NO_VALID_CONTACT|HISTORICAL_OWNER_MAPPING_PENDING|PAYMENT_VERIFICATION_PENDING
ne2024,NE 2024 ,14,G00419,1,NE_HISTORY,0,False,True,,,True,REVIEW_STRUCTURE,NO_VALID_CONTACT|HISTORICAL_OWNER_MAPPING_PENDING|PAYMENT_VERIFICATION_PENDING
ne2024,NE 2024 ,15,G00420,1,NE_HISTORY,0,False,True,,,True,REVIEW_STRUCTURE,NO_VALID_CONTACT|HISTORICAL_OWNER_MAPPING_PENDING|PAYMENT_VERIFICATION_PENDING
ne2024,NE 2024 ,16,G00421,1,NE_HISTORY,0,False,True,,,True,REVIEW_STRUCTURE,NO_VALID_CONTACT|HISTORICAL_OWNER_MAPPING_PENDING|PAYMENT_VERIFICATION_PENDING
ne2024,NE 2024 ,17,G00422,1,NE_HISTORY,0,False,True,,,True,REVIEW_STRUCTURE,NO_VALID_CONTACT|HISTORICAL_OWNER_MAPPING_PENDING|PAYMENT_VERIFICATION_PENDING
ne2024,NE 2024 ,18,G00423,1,NE_HISTORY,0,False,True,,,True,REVIEW_STRUCTURE,NO_VALID_CONTACT|HISTORICAL_OWNER_MAPPING_PENDING|PAYMENT_VERIFICATION_PENDING
ne2024,NE 2024 ,19,G00424,1,NE_HISTORY,0,False,True,,,True,REVIEW_STRUCTURE,NO_VALID_CONTACT|HISTORICAL_OWNER_MAPPING_PENDING|PAYMENT_VERIFICATION_PENDING
ne2024,NE 2024 ,20,G00425,1,NE_HISTORY,0,False,True,,,True,REVIEW_STRUCTURE,NO_VALID_CONTACT|HISTORICAL_OWNER_MAPPING_PENDING|PAYMENT_VERIFICATION_PENDING
ne2024,NE 2024 ,21,G00426,1,NE_HISTORY,0,False,True,,,True,REVIEW_STRUCTURE,NO_VALID_CONTACT|HISTORICAL_OWNER_MAPPING_PENDING|PAYMENT_VERIFICATION_PENDING
ne2024,NE 2024 ,22,G00427,1,NE_HISTORY,0,False,True,,,True,REVIEW_STRUCTURE,NO_VALID_CONTACT|HISTORICAL_OWNER_MAPPING_PENDING|PAYMENT_VERIFICATION_PENDING
ne2024,NE 2024 ,23,G00428,1,NE_HISTORY,0,False,True,,,True,REVIEW_STRUCTURE,NO_VALID_CONTACT|HISTORICAL_OWNER_MAPPING_PENDING|PAYMENT_VERIFICATION_PENDING
ne2024,NE 2024 ,24,G00429,1,NE_HISTORY,0,False,True,,,True,REVIEW_STRUCTURE,NO_VALID_CONTACT|HISTORICAL_OWNER_MAPPING_PENDING|PAYMENT_VERIFICATION_PENDING
ne2024,NE 2024 ,25,G00430,1,NE_HISTORY,0,False,True,,,True,REVIEW_STRUCTURE,NO_VALID_CONTACT|HISTORICAL_OWNER_MAPPING_PENDING|PAYMENT_VERIFICATION_PENDING
ne2024,NE 2024 ,26,G00431,1,NE_HISTORY,0,False,True,,,True,REVIEW_STRUCTURE,NO_VALID_CONTACT|HISTORICAL_OWNER_MAPPING_PENDING|PAYMENT_VERIFICATION_PENDING
ne2024,NE 2024 ,27,G00432,1,NE_HISTORY,0,False,True,,,True,REVIEW_STRUCTURE,NO_VALID_CONTACT|HISTORICAL_OWNER_MAPPING_PENDING|PAYMENT_VERIFICATION_PENDING
ne2024,NE 2024 ,28,G00433,1,NE_HISTORY,0,False,True,,,True,REVIEW_STRUCTURE,NO_VALID_CONTACT|HISTORICAL_OWNER_MAPPING_PENDING|PAYMENT_VERIFICATION_PENDING
ne2024,NE 2024 ,29,G00434,1,NE_HISTORY,0,False,True,,,True,REVIEW_STRUCTURE,NO_VALID_CONTACT|HISTORICAL_OWNER_MAPPING_PENDING|PAYMENT_VERIFICATION_PENDING
ne2024,NE 2024 ,30,G00435,1,NE_HISTORY,0,False,True,,,True,REVIEW_STRUCTURE,NO_VALID_CONTACT|HISTORICAL_OWNER_MAPPING_PENDING|PAYMENT_VERIFICATION_PENDING
ne2024,NE 2024 ,31,G00436,1,NE_HISTORY,0,False,True,,,True,REVIEW_STRUCTURE,NO_VALID_CONTACT|HISTORICAL_OWNER_MAPPING_PENDING|PAYMENT_VERIFICATION_PENDING
ne2024,NE 2024 ,32,G00437,1,NE_HISTORY,0,False,True,,,True,REVIEW_STRUCTURE,NO_VALID_CONTACT|HISTORICAL_OWNER_MAPPING_PENDING|PAYMENT_VERIFICATION_PENDING
ne2024,NE 2024 ,33,G00438,1,NE_HISTORY,0,False,True,,,True,REVIEW_STRUCTURE,NO_VALID_CONTACT|HISTORICAL_OWNER_MAPPING_PENDING|PAYMENT_VERIFICATION_PENDING
ne2024,NE 2024 ,34,G00439,1,NE_HISTORY,0,False,True,,,True,REVIEW_STRUCTURE,NO_VALID_CONTACT|HISTORICAL_OWNER_MAPPING_PENDING|PAYMENT_VERIFICATION_PENDING
ne2024,NE 2024 ,35,G00440,1,NE_HISTORY,0,False,True,,,True,REVIEW_STRUCTURE,NO_VALID_CONTACT|HISTORICAL_OWNER_MAPPING_PENDING|PAYMENT_VERIFICATION_PENDING
ne2024,NE 2024 ,36,G00441,1,NE_HISTORY,0,False,True,,,True,REVIEW_STRUCTURE,NO_VALID_CONTACT|HISTORICAL_OWNER_MAPPING_PENDING|PAYMENT_VERIFICATION_PENDING
ne2024,NE 2024 ,37,G00442,1,NE_HISTORY,0,False,True,,,True,REVIEW_STRUCTURE,NO_VALID_CONTACT|HISTORICAL_OWNER_MAPPING_PENDING|PAYMENT_VERIFICATION_PENDING
ne2024,NE 2024 ,38,G00443,1,NE_HISTORY,0,False,True,,,True,REVIEW_STRUCTURE,NO_VALID_CONTACT|HISTORICAL_OWNER_MAPPING_PENDING|PAYMENT_VERIFICATION_PENDING
ne2024,NE 2024 ,39,G00444,1,NE_HISTORY,0,False,True,,,True,REVIEW_STRUCTURE,NO_VALID_CONTACT|HISTORICAL_OWNER_MAPPING_PENDING|PAYMENT_VERIFICATION_PENDING
data_ctv,Data CTV,2,G00445,1,LEAD,1,False,True,Trinh,,,MAPPING_OR_PAYMENT_APPROVAL_PENDING,OWNER_APPROVAL_PENDING|CTV_APPROVAL_PENDING
data_ctv,Data CTV,3,G00446,3,LEAD,1,False,True,Bình,,,MAPPING_OR_PAYMENT_APPROVAL_PENDING,OWNER_APPROVAL_PENDING|CTV_APPROVAL_PENDING
data_ctv,Data CTV,4,G00447,1,LEAD,1,False,True,Thư,,,MAPPING_OR_PAYMENT_APPROVAL_PENDING,OWNER_APPROVAL_PENDING|CTV_APPROVAL_PENDING
data_ctv,Data CTV,5,G00448,1,LEAD,1,False,True,Bình,,,MAPPING_OR_PAYMENT_APPROVAL_PENDING,OWNER_APPROVAL_PENDING|CTV_APPROVAL_PENDING
data_ctv,Data CTV,6,G01356,2,LEAD,1,False,True,Bình,,,MAPPING_OR_PAYMENT_APPROVAL_PENDING,OWNER_APPROVAL_PENDING|CTV_APPROVAL_PENDING
data_ctv,Data CTV,7,G00449,1,LEAD,1,False,True,Thư,,,MAPPING_OR_PAYMENT_APPROVAL_PENDING,OWNER_APPROVAL_PENDING|CTV_APPROVAL_PENDING
data_ctv,Data CTV,8,G00450,2,LEAD,1,False,True,Bình,,,MAPPING_OR_PAYMENT_APPROVAL_PENDING,OWNER_APPROVAL_PENDING|CTV_APPROVAL_PENDING
data_ctv,Data CTV,9,G00451,3,LEAD,1,False,True,Bình,,,MAPPING_OR_PAYMENT_APPROVAL_PENDING,OWNER_APPROVAL_PENDING|CTV_APPROVAL_PENDING
data_ctv,Data CTV,10,G00452,2,LEAD,1,False,True,Trinh,,,MAPPING_OR_PAYMENT_APPROVAL_PENDING,OWNER_APPROVAL_PENDING|CTV_APPROVAL_PENDING
data_ctv,Data CTV,11,G01363,2,LEAD,1,False,True,Trinh,,,MAPPING_OR_PAYMENT_APPROVAL_PENDING,OWNER_APPROVAL_PENDING|CTV_APPROVAL_PENDING
data_ctv,Data CTV,12,G00453,3,LEAD,1,False,True,Trinh,,,MAPPING_OR_PAYMENT_APPROVAL_PENDING,OWNER_APPROVAL_PENDING|CTV_APPROVAL_PENDING
data_ctv,Data CTV,13,G00454,1,LEAD,1,False,True,Thư,,,MAPPING_OR_PAYMENT_APPROVAL_PENDING,OWNER_APPROVAL_PENDING|CTV_APPROVAL_PENDING
data_ctv,Data CTV,14,G01407,2,LEAD,1,False,True,Trinh,,,MAPPING_OR_PAYMENT_APPROVAL_PENDING,OWNER_APPROVAL_PENDING|CTV_APPROVAL_PENDING
data_ctv,Data CTV,15,G01417,2,LEAD,1,False,True,Thư,,,MAPPING_OR_PAYMENT_APPROVAL_PENDING,OWNER_APPROVAL_PENDING|CTV_APPROVAL_PENDING
data_ctv,Data CTV,16,G00455,1,LEAD,1,False,True,Trinh,,,MAPPING_OR_PAYMENT_APPROVAL_PENDING,OWNER_APPROVAL_PENDING|CTV_APPROVAL_PENDING
data_ctv,Data CTV,17,G00456,1,LEAD,1,False,True,Trinh,,,MAPPING_OR_PAYMENT_APPROVAL_PENDING,OWNER_APPROVAL_PENDING|CTV_APPROVAL_PENDING
data_ctv,Data CTV,18,G00457,1,LEAD,1,False,True,Trinh,,,MAPPING_OR_PAYMENT_APPROVAL_PENDING,OWNER_APPROVAL_PENDING|CTV_APPROVAL_PENDING
data_ctv,Data CTV,19,G00458,3,LEAD,1,False,True,Bình,,,MAPPING_OR_PAYMENT_APPROVAL_PENDING,OWNER_APPROVAL_PENDING|CTV_APPROVAL_PENDING
data_ctv,Data CTV,20,G00459,3,LEAD,1,False,True,Trinh,,,MAPPING_OR_PAYMENT_APPROVAL_PENDING,OWNER_APPROVAL_PENDING|CTV_APPROVAL_PENDING
data_ctv,Data CTV,21,G00460,2,LEAD,1,False,True,Thư,,,MAPPING_OR_PAYMENT_APPROVAL_PENDING,OWNER_APPROVAL_PENDING|CTV_APPROVAL_PENDING
data_ctv,Data CTV,22,G01455,2,LEAD,1,False,True,Trinh,,,MAPPING_OR_PAYMENT_APPROVAL_PENDING,OWNER_APPROVAL_PENDING|CTV_APPROVAL_PENDING
data_ctv,Data CTV,23,G00461,3,LEAD,1,False,True,Trinh,,,MAPPING_OR_PAYMENT_APPROVAL_PENDING,OWNER_APPROVAL_PENDING|CTV_APPROVAL_PENDING
data_ctv,Data CTV,24,G01456,2,LEAD,1,False,True,Trinh,,,MAPPING_OR_PAYMENT_APPROVAL_PENDING,OWNER_APPROVAL_PENDING|CTV_APPROVAL_PENDING
data_ctv,Data CTV,25,G00462,3,LEAD,1,False,True,Trinh,,,MAPPING_OR_PAYMENT_APPROVAL_PENDING,OWNER_APPROVAL_PENDING|CTV_APPROVAL_PENDING
data_ctv,Data CTV,26,G00463,1,LEAD,1,False,False,Thư,,,MAPPING_OR_PAYMENT_APPROVAL_PENDING,OWNER_APPROVAL_PENDING|CTV_APPROVAL_PENDING
data_ctv,Data CTV,27,G00464,1,LEAD,1,False,False,Bình,,,MAPPING_OR_PAYMENT_APPROVAL_PENDING,OWNER_APPROVAL_PENDING|CTV_APPROVAL_PENDING
data_ctv,Data CTV,28,G00465,1,LEAD,1,False,False,Thư,,,MAPPING_OR_PAYMENT_APPROVAL_PENDING,OWNER_APPROVAL_PENDING|CTV_APPROVAL_PENDING
data_ctv,Data CTV,29,G00466,1,LEAD,0,False,True,Trinh,,,REVIEW_STRUCTURE,NO_VALID_CONTACT|OWNER_APPROVAL_PENDING|CTV_APPROVAL_PENDING
data_ctv,Data CTV,30,G00467,1,LEAD,1,False,False,Bình,,,MAPPING_OR_PAYMENT_APPROVAL_PENDING,OWNER_APPROVAL_PENDING|CTV_APPROVAL_PENDING
data_ctv,Data CTV,31,G00468,2,LEAD,1,False,True,Trinh,,,MAPPING_OR_PAYMENT_APPROVAL_PENDING,OWNER_APPROVAL_PENDING|CTV_APPROVAL_PENDING
data_ctv,Data CTV,32,G01488,2,LEAD,1,False,True,Bình,,,MAPPING_OR_PAYMENT_APPROVAL_PENDING,OWNER_APPROVAL_PENDING|CTV_APPROVAL_PENDING
data_ctv,Data CTV,33,G00469,1,LEAD,1,False,True,Thư,,,MAPPING_OR_PAYMENT_APPROVAL_PENDING,OWNER_APPROVAL_PENDING|CTV_APPROVAL_PENDING
data_ctv,Data CTV,34,G01501,2,LEAD,1,False,True,Thư,,,MAPPING_OR_PAYMENT_APPROVAL_PENDING,OWNER_APPROVAL_PENDING|CTV_APPROVAL_PENDING
data_ctv,Data CTV,35,G01503,2,LEAD,1,False,True,Thư,,,MAPPING_OR_PAYMENT_APPROVAL_PENDING,OWNER_APPROVAL_PENDING|CTV_APPROVAL_PENDING
data_ctv,Data CTV,36,G00470,4,LEAD,1,False,True,Trinh,,,MAPPING_OR_PAYMENT_APPROVAL_PENDING,OWNER_APPROVAL_PENDING|CTV_APPROVAL_PENDING
data_ctv,Data CTV,37,G00471,2,LEAD,1,False,True,Bình,,,MAPPING_OR_PAYMENT_APPROVAL_PENDING,OWNER_APPROVAL_PENDING|CTV_APPROVAL_PENDING
data_ctv,Data CTV,38,G00472,2,LEAD,1,False,True,Thư,,,MAPPING_OR_PAYMENT_APPROVAL_PENDING,OWNER_APPROVAL_PENDING|CTV_APPROVAL_PENDING
data_ctv,Data CTV,39,G01515,2,LEAD,1,False,True,Thư,,,MAPPING_OR_PAYMENT_APPROVAL_PENDING,OWNER_APPROVAL_PENDING|CTV_APPROVAL_PENDING
data_ctv,Data CTV,40,G00473,1,LEAD,1,False,True,Bình,,,MAPPING_OR_PAYMENT_APPROVAL_PENDING,OWNER_APPROVAL_PENDING|CTV_APPROVAL_PENDING
data_ctv,Data CTV,41,G00474,2,LEAD,1,False,True,Thư,,,MAPPING_OR_PAYMENT_APPROVAL_PENDING,OWNER_APPROVAL_PENDING|CTV_APPROVAL_PENDING
data_ctv,Data CTV,42,G00475,1,LEAD,1,False,True,Bình,,,MAPPING_OR_PAYMENT_APPROVAL_PENDING,OWNER_APPROVAL_PENDING|CTV_APPROVAL_PENDING
data_ctv,Data CTV,43,G01519,2,LEAD,1,False,True,Bình,,,MAPPING_OR_PAYMENT_APPROVAL_PENDING,OWNER_APPROVAL_PENDING|CTV_APPROVAL_PENDING
data_ctv,Data CTV,44,G01520,2,LEAD,1,False,True,Thư,,,MAPPING_OR_PAYMENT_APPROVAL_PENDING,OWNER_APPROVAL_PENDING|CTV_APPROVAL_PENDING
data_ctv,Data CTV,45,G01521,2,LEAD,1,False,True,Bình,,,MAPPING_OR_PAYMENT_APPROVAL_PENDING,OWNER_APPROVAL_PENDING|CTV_APPROVAL_PENDING
data_ctv,Data CTV,46,G01522,2,LEAD,1,False,True,Thư,,,MAPPING_OR_PAYMENT_APPROVAL_PENDING,OWNER_APPROVAL_PENDING|CTV_APPROVAL_PENDING
data_ctv,Data CTV,47,G00476,2,LEAD,1,False,True,Thư,,,MAPPING_OR_PAYMENT_APPROVAL_PENDING,OWNER_APPROVAL_PENDING|CTV_APPROVAL_PENDING
data_ctv,Data CTV,48,G00477,2,LEAD,1,False,True,Thư,,,MAPPING_OR_PAYMENT_APPROVAL_PENDING,OWNER_APPROVAL_PENDING|CTV_APPROVAL_PENDING
data_ctv,Data CTV,49,G00478,2,LEAD,1,False,True,Bình,,,MAPPING_OR_PAYMENT_APPROVAL_PENDING,OWNER_APPROVAL_PENDING|CTV_APPROVAL_PENDING
data_ctv,Data CTV,50,G00479,2,LEAD,1,False,True,Thư,,,REVIEW_STRUCTURE,MISSING_CTV|OWNER_APPROVAL_PENDING
data_ctv,Data CTV,51,G01543,2,LEAD,1,False,True,Trinh,,,MAPPING_OR_PAYMENT_APPROVAL_PENDING,OWNER_APPROVAL_PENDING|CTV_APPROVAL_PENDING
data_ctv,Data CTV,52,G00480,2,LEAD,1,False,True,Bình,,,MAPPING_OR_PAYMENT_APPROVAL_PENDING,OWNER_APPROVAL_PENDING|CTV_APPROVAL_PENDING
data_ctv,Data CTV,53,G00481,2,LEAD,1,False,True,Bình,,,MAPPING_OR_PAYMENT_APPROVAL_PENDING,OWNER_APPROVAL_PENDING|CTV_APPROVAL_PENDING
data_ctv,Data CTV,54,G01550,2,LEAD,1,False,True,Trinh,,,MAPPING_OR_PAYMENT_APPROVAL_PENDING,OWNER_APPROVAL_PENDING|CTV_APPROVAL_PENDING
data_ctv,Data CTV,55,G00482,2,LEAD,1,False,True,Bình,,,MAPPING_OR_PAYMENT_APPROVAL_PENDING,OWNER_APPROVAL_PENDING|CTV_APPROVAL_PENDING
data_ctv,Data CTV,56,G00483,2,LEAD,1,False,True,Trinh,,,MAPPING_OR_PAYMENT_APPROVAL_PENDING,OWNER_APPROVAL_PENDING|CTV_APPROVAL_PENDING
data_ctv,Data CTV,57,G00484,2,LEAD,1,False,True,Thư,,,MAPPING_OR_PAYMENT_APPROVAL_PENDING,OWNER_APPROVAL_PENDING|CTV_APPROVAL_PENDING
data_ctv,Data CTV,58,G00485,2,LEAD,1,False,True,Bình,,,MAPPING_OR_PAYMENT_APPROVAL_PENDING,OWNER_APPROVAL_PENDING|CTV_APPROVAL_PENDING
data_ctv,Data CTV,59,G00486,2,LEAD,1,False,True,Bình,,,MAPPING_OR_PAYMENT_APPROVAL_PENDING,OWNER_APPROVAL_PENDING|CTV_APPROVAL_PENDING
data_ctv,Data CTV,60,G00487,2,LEAD,1,False,True,Thư,,,MAPPING_OR_PAYMENT_APPROVAL_PENDING,OWNER_APPROVAL_PENDING|CTV_APPROVAL_PENDING
data_ctv,Data CTV,61,G00488,2,LEAD,1,False,True,Bình,,,MAPPING_OR_PAYMENT_APPROVAL_PENDING,OWNER_APPROVAL_PENDING|CTV_APPROVAL_PENDING
data_ctv,Data CTV,62,G01574,2,LEAD,1,False,False,Thư,,,MAPPING_OR_PAYMENT_APPROVAL_PENDING,OWNER_APPROVAL_PENDING|CTV_APPROVAL_PENDING
data_ctv,Data CTV,63,G00489,2,LEAD,1,False,False,Bình,,,MAPPING_OR_PAYMENT_APPROVAL_PENDING,OWNER_APPROVAL_PENDING|CTV_APPROVAL_PENDING
data_ctv,Data CTV,64,G01575,2,LEAD,1,False,False,Bình,,,MAPPING_OR_PAYMENT_APPROVAL_PENDING,OWNER_APPROVAL_PENDING|CTV_APPROVAL_PENDING
data_ctv,Data CTV,65,G00490,2,LEAD,1,False,True,Bình,,,MAPPING_OR_PAYMENT_APPROVAL_PENDING,OWNER_APPROVAL_PENDING|CTV_APPROVAL_PENDING
data_ctv,Data CTV,66,G01585,2,LEAD,1,False,False,Bình,,,MAPPING_OR_PAYMENT_APPROVAL_PENDING,OWNER_APPROVAL_PENDING|CTV_APPROVAL_PENDING
data_ctv,Data CTV,67,G01578,2,LEAD,1,False,False,Thư,,,MAPPING_OR_PAYMENT_APPROVAL_PENDING,OWNER_APPROVAL_PENDING|CTV_APPROVAL_PENDING
data_ctv,Data CTV,68,G01579,2,LEAD,1,False,False,Bình,,,MAPPING_OR_PAYMENT_APPROVAL_PENDING,OWNER_APPROVAL_PENDING|CTV_APPROVAL_PENDING
data_ctv,Data CTV,69,G01580,2,LEAD,1,False,False,Trinh,,,MAPPING_OR_PAYMENT_APPROVAL_PENDING,OWNER_APPROVAL_PENDING|CTV_APPROVAL_PENDING
data_ctv,Data CTV,70,G00491,2,LEAD,1,False,True,Thư,,,MAPPING_OR_PAYMENT_APPROVAL_PENDING,OWNER_APPROVAL_PENDING|CTV_APPROVAL_PENDING
data_ctv,Data CTV,71,G00492,3,LEAD,1,False,True,Trinh,,,MAPPING_OR_PAYMENT_APPROVAL_PENDING,OWNER_APPROVAL_PENDING|CTV_APPROVAL_PENDING
data_ctv,Data CTV,72,G00493,2,LEAD,1,False,True,Thư,,,MAPPING_OR_PAYMENT_APPROVAL_PENDING,OWNER_APPROVAL_PENDING|CTV_APPROVAL_PENDING
data_ctv,Data CTV,73,G01581,2,LEAD,1,False,False,Bình,,,MAPPING_OR_PAYMENT_APPROVAL_PENDING,OWNER_APPROVAL_PENDING|CTV_APPROVAL_PENDING
data_ctv,Data CTV,74,G00494,3,LEAD,1,False,True,Bình,,,MAPPING_OR_PAYMENT_APPROVAL_PENDING,OWNER_APPROVAL_PENDING|CTV_APPROVAL_PENDING
data_ctv,Data CTV,75,G00495,3,LEAD,1,False,True,Trinh,,,MAPPING_OR_PAYMENT_APPROVAL_PENDING,OWNER_APPROVAL_PENDING|CTV_APPROVAL_PENDING
data_ctv,Data CTV,76,G00496,2,LEAD,1,False,True,Bình,,,MAPPING_OR_PAYMENT_APPROVAL_PENDING,OWNER_APPROVAL_PENDING|CTV_APPROVAL_PENDING
data_ctv,Data CTV,77,G00497,3,LEAD,1,False,True,Thư,,,MAPPING_OR_PAYMENT_APPROVAL_PENDING,OWNER_APPROVAL_PENDING|CTV_APPROVAL_PENDING
data_ctv,Data CTV,78,G00498,2,LEAD,1,False,True,Bình,,,MAPPING_OR_PAYMENT_APPROVAL_PENDING,OWNER_APPROVAL_PENDING|CTV_APPROVAL_PENDING
data_ctv,Data CTV,79,G00499,1,LEAD,1,False,True,Thư,,,MAPPING_OR_PAYMENT_APPROVAL_PENDING,OWNER_APPROVAL_PENDING|CTV_APPROVAL_PENDING
data_ctv,Data CTV,80,G01587,2,LEAD,1,False,False,Trinh,,,MAPPING_OR_PAYMENT_APPROVAL_PENDING,OWNER_APPROVAL_PENDING|CTV_APPROVAL_PENDING
data_ctv,Data CTV,81,G00500,1,LEAD,1,False,True,Thư,,,MAPPING_OR_PAYMENT_APPROVAL_PENDING,OWNER_APPROVAL_PENDING|CTV_APPROVAL_PENDING
data_ctv,Data CTV,82,G00501,1,LEAD,1,False,True,Thư,,,MAPPING_OR_PAYMENT_APPROVAL_PENDING,OWNER_APPROVAL_PENDING|CTV_APPROVAL_PENDING
data_ctv,Data CTV,83,G00502,2,LEAD,1,False,True,Thư,,,MAPPING_OR_PAYMENT_APPROVAL_PENDING,OWNER_APPROVAL_PENDING|CTV_APPROVAL_PENDING
data_ctv,Data CTV,84,G00503,1,LEAD,1,False,True,Thư,,,MAPPING_OR_PAYMENT_APPROVAL_PENDING,OWNER_APPROVAL_PENDING|CTV_APPROVAL_PENDING
data_ctv,Data CTV,85,G00504,2,LEAD,1,False,True,Thư,,,REVIEW_STRUCTURE,MISSING_CTV|OWNER_APPROVAL_PENDING
data_ctv,Data CTV,86,G00505,2,LEAD,1,False,True,Bình,,,MAPPING_OR_PAYMENT_APPROVAL_PENDING,OWNER_APPROVAL_PENDING|CTV_APPROVAL_PENDING
data_ctv,Data CTV,87,G00506,2,LEAD,1,False,True,Thư,,,REVIEW_STRUCTURE,MISSING_CTV|OWNER_APPROVAL_PENDING
data_ctv,Data CTV,88,G00507,2,LEAD,1,False,True,Thư,,,MAPPING_OR_PAYMENT_APPROVAL_PENDING,OWNER_APPROVAL_PENDING|CTV_APPROVAL_PENDING
data_ctv,Data CTV,89,G00508,2,LEAD,1,False,True,Bình,,,MAPPING_OR_PAYMENT_APPROVAL_PENDING,OWNER_APPROVAL_PENDING|CTV_APPROVAL_PENDING
data_ctv,Data CTV,90,G00509,2,LEAD,1,False,True,Bình,,,MAPPING_OR_PAYMENT_APPROVAL_PENDING,OWNER_APPROVAL_PENDING|CTV_APPROVAL_PENDING
data_ctv,Data CTV,91,G00510,1,LEAD,1,False,True,Thư,,,MAPPING_OR_PAYMENT_APPROVAL_PENDING,OWNER_APPROVAL_PENDING|CTV_APPROVAL_PENDING
data_ctv,Data CTV,92,G00511,2,LEAD,1,False,True,Thư,,,REVIEW_STRUCTURE,MISSING_CTV|OWNER_APPROVAL_PENDING
data_ctv,Data CTV,93,G00512,2,LEAD,1,False,True,Trinh,,,MAPPING_OR_PAYMENT_APPROVAL_PENDING,OWNER_APPROVAL_PENDING|CTV_APPROVAL_PENDING
data_ctv,Data CTV,94,G00513,1,LEAD,1,False,True,Thư,Ngụy Kim Ngọc,,MAPPING_OR_PAYMENT_APPROVAL_PENDING,OWNER_APPROVAL_PENDING|CTV_APPROVAL_PENDING
data_ctv,Data CTV,95,G00514,2,LEAD,1,False,True,Thư,,,REVIEW_STRUCTURE,MISSING_CTV|OWNER_APPROVAL_PENDING
data_ctv,Data CTV,96,G00515,2,LEAD,1,False,True,Thư,,,REVIEW_STRUCTURE,MISSING_CTV|OWNER_APPROVAL_PENDING
data_ctv,Data CTV,97,G00516,2,LEAD,1,False,True,,,,REVIEW_STRUCTURE,MISSING_OWNER|CTV_APPROVAL_PENDING
data_ctv,Data CTV,98,G00517,2,LEAD,1,False,True,Thư,,,REVIEW_STRUCTURE,MISSING_CTV|OWNER_APPROVAL_PENDING
data_ctv,Data CTV,99,G00518,2,LEAD,1,False,True,Bình,,,MAPPING_OR_PAYMENT_APPROVAL_PENDING,OWNER_APPROVAL_PENDING|CTV_APPROVAL_PENDING
data_ctv,Data CTV,100,G00519,2,LEAD,1,False,True,Bình,,,MAPPING_OR_PAYMENT_APPROVAL_PENDING,OWNER_APPROVAL_PENDING|CTV_APPROVAL_PENDING
data_ctv,Data CTV,101,G00520,1,LEAD,1,False,True,Bình,,,MAPPING_OR_PAYMENT_APPROVAL_PENDING,OWNER_APPROVAL_PENDING|CTV_APPROVAL_PENDING
data_ctv,Data CTV,102,G00521,2,LEAD,1,False,True,Thư,,,MAPPING_OR_PAYMENT_APPROVAL_PENDING,OWNER_APPROVAL_PENDING|CTV_APPROVAL_PENDING
data_ctv,Data CTV,103,G00522,2,LEAD,1,False,True,Thư,,,REVIEW_STRUCTURE,MISSING_CTV|OWNER_APPROVAL_PENDING
data_ctv,Data CTV,104,G00523,2,LEAD,1,False,True,Thư,,,MAPPING_OR_PAYMENT_APPROVAL_PENDING,OWNER_APPROVAL_PENDING|CTV_APPROVAL_PENDING
data_ctv,Data CTV,105,G00524,3,LEAD,1,False,True,Thư,,,MAPPING_OR_PAYMENT_APPROVAL_PENDING,OWNER_APPROVAL_PENDING|CTV_APPROVAL_PENDING
data_ctv,Data CTV,106,G00525,2,LEAD,1,False,True,Thư,,,MAPPING_OR_PAYMENT_APPROVAL_PENDING,OWNER_APPROVAL_PENDING|CTV_APPROVAL_PENDING
data_ctv,Data CTV,107,G00526,1,LEAD,1,False,True,Thư,,,MAPPING_OR_PAYMENT_APPROVAL_PENDING,OWNER_APPROVAL_PENDING|CTV_APPROVAL_PENDING
data_ctv,Data CTV,108,G00527,2,LEAD,1,False,True,Thư,,,MAPPING_OR_PAYMENT_APPROVAL_PENDING,OWNER_APPROVAL_PENDING|CTV_APPROVAL_PENDING
data_ctv,Data CTV,109,G00528,1,LEAD,1,False,True,Bình,,,MAPPING_OR_PAYMENT_APPROVAL_PENDING,OWNER_APPROVAL_PENDING|CTV_APPROVAL_PENDING
data_ctv,Data CTV,110,G00529,2,LEAD,1,False,True,Bình,,,MAPPING_OR_PAYMENT_APPROVAL_PENDING,OWNER_APPROVAL_PENDING|CTV_APPROVAL_PENDING
data_ctv,Data CTV,111,G00530,1,LEAD,1,False,True,Thư,,,MAPPING_OR_PAYMENT_APPROVAL_PENDING,OWNER_APPROVAL_PENDING|CTV_APPROVAL_PENDING
data_ctv,Data CTV,112,G00531,2,LEAD,1,False,True,Bình,,,MAPPING_OR_PAYMENT_APPROVAL_PENDING,OWNER_APPROVAL_PENDING|CTV_APPROVAL_PENDING
data_ctv,Data CTV,113,G00532,2,LEAD,1,False,True,Thư,,,REVIEW_STRUCTURE,MISSING_CTV|OWNER_APPROVAL_PENDING
data_ctv,Data CTV,114,G00533,1,LEAD,1,False,True,Bình,,,MAPPING_OR_PAYMENT_APPROVAL_PENDING,OWNER_APPROVAL_PENDING|CTV_APPROVAL_PENDING
data_ctv,Data CTV,115,G00534,1,LEAD,1,False,True,Thư,,,MAPPING_OR_PAYMENT_APPROVAL_PENDING,OWNER_APPROVAL_PENDING|CTV_APPROVAL_PENDING
data_ctv,Data CTV,116,G00535,2,LEAD,1,False,True,Thư,,,MAPPING_OR_PAYMENT_APPROVAL_PENDING,OWNER_APPROVAL_PENDING|CTV_APPROVAL_PENDING
data_ctv,Data CTV,117,G00536,2,LEAD,1,False,True,Bình,,,MAPPING_OR_PAYMENT_APPROVAL_PENDING,OWNER_APPROVAL_PENDING|CTV_APPROVAL_PENDING
data_ctv,Data CTV,118,G00537,2,LEAD,1,False,True,Bình,,,MAPPING_OR_PAYMENT_APPROVAL_PENDING,OWNER_APPROVAL_PENDING|CTV_APPROVAL_PENDING
data_ctv,Data CTV,119,G00538,3,LEAD,1,False,True,Bình,,,MAPPING_OR_PAYMENT_APPROVAL_PENDING,OWNER_APPROVAL_PENDING|CTV_APPROVAL_PENDING
data_ctv,Data CTV,120,G00539,3,LEAD,1,False,True,Thư,,,MAPPING_OR_PAYMENT_APPROVAL_PENDING,OWNER_APPROVAL_PENDING|CTV_APPROVAL_PENDING
data_ctv,Data CTV,121,G00540,2,LEAD,1,False,True,Bình,,,MAPPING_OR_PAYMENT_APPROVAL_PENDING,OWNER_APPROVAL_PENDING|CTV_APPROVAL_PENDING
data_ctv,Data CTV,122,G00542,2,LEAD,1,False,True,Bình,,,MAPPING_OR_PAYMENT_APPROVAL_PENDING,OWNER_APPROVAL_PENDING|CTV_APPROVAL_PENDING
data_ctv,Data CTV,123,G00541,2,LEAD,1,False,True,Thư,,,MAPPING_OR_PAYMENT_APPROVAL_PENDING,OWNER_APPROVAL_PENDING|CTV_APPROVAL_PENDING
data_ctv,Data CTV,124,G00542,2,LEAD,1,False,True,Bình,,,MAPPING_OR_PAYMENT_APPROVAL_PENDING,OWNER_APPROVAL_PENDING|CTV_APPROVAL_PENDING
data_ctv,Data CTV,125,G00543,2,LEAD,1,False,True,Bình,,,MAPPING_OR_PAYMENT_APPROVAL_PENDING,OWNER_APPROVAL_PENDING|CTV_APPROVAL_PENDING
data_ctv,Data CTV,126,G00544,1,LEAD,1,False,True,Bình,,,MAPPING_OR_PAYMENT_APPROVAL_PENDING,OWNER_APPROVAL_PENDING|CTV_APPROVAL_PENDING
data_ctv,Data CTV,127,G00545,3,LEAD,1,False,True,Thư,,,MAPPING_OR_PAYMENT_APPROVAL_PENDING,OWNER_APPROVAL_PENDING|CTV_APPROVAL_PENDING
data_ctv,Data CTV,128,G00546,3,LEAD,1,False,True,Dương,,,MAPPING_OR_PAYMENT_APPROVAL_PENDING,OWNER_APPROVAL_PENDING|CTV_APPROVAL_PENDING
data_ctv,Data CTV,129,G00547,3,LEAD,1,False,True,Dương,,,MAPPING_OR_PAYMENT_APPROVAL_PENDING,OWNER_APPROVAL_PENDING|CTV_APPROVAL_PENDING
data_ctv,Data CTV,130,G00548,2,LEAD,1,False,True,Bình,,,MAPPING_OR_PAYMENT_APPROVAL_PENDING,OWNER_APPROVAL_PENDING|CTV_APPROVAL_PENDING
data_ctv,Data CTV,131,G00549,2,LEAD,1,False,True,Tính,,,MAPPING_OR_PAYMENT_APPROVAL_PENDING,OWNER_APPROVAL_PENDING|CTV_APPROVAL_PENDING
data_ctv,Data CTV,132,G00550,2,LEAD,1,False,True,Bình,,,MAPPING_OR_PAYMENT_APPROVAL_PENDING,OWNER_APPROVAL_PENDING|CTV_APPROVAL_PENDING
data_ctv,Data CTV,133,G00551,2,LEAD,1,False,True,Thư,Ngụy Kim Ngọc,,MAPPING_OR_PAYMENT_APPROVAL_PENDING,OWNER_APPROVAL_PENDING|CTV_APPROVAL_PENDING
data_ctv,Data CTV,134,G00552,2,LEAD,1,False,True,Bình,,,MAPPING_OR_PAYMENT_APPROVAL_PENDING,OWNER_APPROVAL_PENDING|CTV_APPROVAL_PENDING
data_ctv,Data CTV,135,G00553,2,LEAD,1,False,True,Tính,,,MAPPING_OR_PAYMENT_APPROVAL_PENDING,OWNER_APPROVAL_PENDING|CTV_APPROVAL_PENDING
data_ctv,Data CTV,136,G00554,2,LEAD,1,False,True,Thư,,,MAPPING_OR_PAYMENT_APPROVAL_PENDING,OWNER_APPROVAL_PENDING|CTV_APPROVAL_PENDING
data_ctv,Data CTV,137,G00555,2,LEAD,1,False,True,Thư,,,MAPPING_OR_PAYMENT_APPROVAL_PENDING,OWNER_APPROVAL_PENDING|CTV_APPROVAL_PENDING
data_ctv,Data CTV,138,G00556,1,LEAD,0,False,True,Bình,,,REVIEW_STRUCTURE,NO_VALID_CONTACT|OWNER_APPROVAL_PENDING|CTV_APPROVAL_PENDING
data_ctv,Data CTV,139,G00557,1,LEAD,0,False,True,Thư,,,REVIEW_STRUCTURE,NO_VALID_CONTACT|OWNER_APPROVAL_PENDING|CTV_APPROVAL_PENDING
data_ctv,Data CTV,140,G00558,1,LEAD,0,False,True,Bình,,,REVIEW_STRUCTURE,NO_VALID_CONTACT|OWNER_APPROVAL_PENDING|CTV_APPROVAL_PENDING
data_ctv,Data CTV,141,G00559,1,LEAD,0,False,True,Thư,,,REVIEW_STRUCTURE,NO_VALID_CONTACT|OWNER_APPROVAL_PENDING|CTV_APPROVAL_PENDING
data_ctv,Data CTV,142,G00560,1,LEAD,1,False,True,Thư,,,MAPPING_OR_PAYMENT_APPROVAL_PENDING,OWNER_APPROVAL_PENDING|CTV_APPROVAL_PENDING
data_ctv,Data CTV,143,G00561,2,LEAD,1,False,True,Bình,,,MAPPING_OR_PAYMENT_APPROVAL_PENDING,OWNER_APPROVAL_PENDING|CTV_APPROVAL_PENDING
data_ctv,Data CTV,144,G00562,2,LEAD,1,False,True,Tính,,,MAPPING_OR_PAYMENT_APPROVAL_PENDING,OWNER_APPROVAL_PENDING|CTV_APPROVAL_PENDING
data_ctv,Data CTV,145,G00563,2,LEAD,1,False,True,Thư,,,MAPPING_OR_PAYMENT_APPROVAL_PENDING,OWNER_APPROVAL_PENDING|CTV_APPROVAL_PENDING
data_ctv,Data CTV,146,G00564,3,LEAD,1,False,True,Bình,,,MAPPING_OR_PAYMENT_APPROVAL_PENDING,OWNER_APPROVAL_PENDING|CTV_APPROVAL_PENDING
data_ctv,Data CTV,147,G00565,2,LEAD,1,False,True,Thư,,,MAPPING_OR_PAYMENT_APPROVAL_PENDING,OWNER_APPROVAL_PENDING|CTV_APPROVAL_PENDING
data_ctv,Data CTV,148,G00566,2,LEAD,2,False,True,Tính,,,MAPPING_OR_PAYMENT_APPROVAL_PENDING,OWNER_APPROVAL_PENDING|CTV_APPROVAL_PENDING
data_ctv,Data CTV,149,G00567,2,LEAD,1,False,True,Bình,,,MAPPING_OR_PAYMENT_APPROVAL_PENDING,OWNER_APPROVAL_PENDING|CTV_APPROVAL_PENDING
data_ctv,Data CTV,150,G00568,2,LEAD,1,False,True,Thư,,,MAPPING_OR_PAYMENT_APPROVAL_PENDING,OWNER_APPROVAL_PENDING|CTV_APPROVAL_PENDING
data_ctv,Data CTV,151,G00569,2,LEAD,1,False,True,Tính,,,MAPPING_OR_PAYMENT_APPROVAL_PENDING,OWNER_APPROVAL_PENDING|CTV_APPROVAL_PENDING
data_ctv,Data CTV,152,G00570,2,LEAD,1,False,True,Bình,,,MAPPING_OR_PAYMENT_APPROVAL_PENDING,OWNER_APPROVAL_PENDING|CTV_APPROVAL_PENDING
data_ctv,Data CTV,153,G00571,2,LEAD,1,False,True,Tính,,,MAPPING_OR_PAYMENT_APPROVAL_PENDING,OWNER_APPROVAL_PENDING|CTV_APPROVAL_PENDING
data_ctv,Data CTV,154,G00572,2,LEAD,1,False,True,Tính,,,MAPPING_OR_PAYMENT_APPROVAL_PENDING,OWNER_APPROVAL_PENDING|CTV_APPROVAL_PENDING
data_ctv,Data CTV,155,G00573,3,LEAD,1,False,True,Thư,,,MAPPING_OR_PAYMENT_APPROVAL_PENDING,OWNER_APPROVAL_PENDING|CTV_APPROVAL_PENDING
data_ctv,Data CTV,156,G00574,2,LEAD,1,False,True,Trinh,,,MAPPING_OR_PAYMENT_APPROVAL_PENDING,OWNER_APPROVAL_PENDING|CTV_APPROVAL_PENDING
data_ctv,Data CTV,157,G00575,2,LEAD,1,False,True,Thư,,,MAPPING_OR_PAYMENT_APPROVAL_PENDING,OWNER_APPROVAL_PENDING|CTV_APPROVAL_PENDING
data_ctv,Data CTV,158,G00576,3,LEAD,1,False,True,Dương,,,MAPPING_OR_PAYMENT_APPROVAL_PENDING,OWNER_APPROVAL_PENDING|CTV_APPROVAL_PENDING
data_ctv,Data CTV,159,G00577,3,LEAD,1,False,True,Dương,,,MAPPING_OR_PAYMENT_APPROVAL_PENDING,OWNER_APPROVAL_PENDING|CTV_APPROVAL_PENDING
data_ctv,Data CTV,160,G00578,2,LEAD,1,False,True,Thư,,,MAPPING_OR_PAYMENT_APPROVAL_PENDING,OWNER_APPROVAL_PENDING|CTV_APPROVAL_PENDING
data_ctv,Data CTV,161,G00579,2,LEAD,1,False,True,Bình,,,MAPPING_OR_PAYMENT_APPROVAL_PENDING,OWNER_APPROVAL_PENDING|CTV_APPROVAL_PENDING
data_ctv,Data CTV,162,G00580,3,LEAD,1,False,True,Dương,,,REVIEW_STRUCTURE,MISSING_CTV|OWNER_APPROVAL_PENDING
data_ctv,Data CTV,163,G00581,2,LEAD,1,False,True,Thư,,,MAPPING_OR_PAYMENT_APPROVAL_PENDING,OWNER_APPROVAL_PENDING|CTV_APPROVAL_PENDING
data_ctv,Data CTV,164,G00582,2,LEAD,1,False,True,Bình,,,MAPPING_OR_PAYMENT_APPROVAL_PENDING,OWNER_APPROVAL_PENDING|CTV_APPROVAL_PENDING
data_ctv,Data CTV,165,G00583,2,LEAD,1,False,True,Bình,,,MAPPING_OR_PAYMENT_APPROVAL_PENDING,OWNER_APPROVAL_PENDING|CTV_APPROVAL_PENDING
data_ctv,Data CTV,166,G00584,2,LEAD,1,False,True,Thư,,,MAPPING_OR_PAYMENT_APPROVAL_PENDING,OWNER_APPROVAL_PENDING|CTV_APPROVAL_PENDING
data_ctv,Data CTV,167,G00585,2,LEAD,1,False,True,Tính,,,MAPPING_OR_PAYMENT_APPROVAL_PENDING,OWNER_APPROVAL_PENDING|CTV_APPROVAL_PENDING
data_ctv,Data CTV,168,G00586,2,LEAD,1,False,True,Bình,,,MAPPING_OR_PAYMENT_APPROVAL_PENDING,OWNER_APPROVAL_PENDING|CTV_APPROVAL_PENDING
data_ctv,Data CTV,169,G00587,2,LEAD,1,False,True,Tính,,,MAPPING_OR_PAYMENT_APPROVAL_PENDING,OWNER_APPROVAL_PENDING|CTV_APPROVAL_PENDING
data_ctv,Data CTV,170,G00588,2,LEAD,1,False,True,Tính,,,MAPPING_OR_PAYMENT_APPROVAL_PENDING,OWNER_APPROVAL_PENDING|CTV_APPROVAL_PENDING
data_ctv,Data CTV,171,G00589,1,LEAD,1,False,True,Trinh,,,MAPPING_OR_PAYMENT_APPROVAL_PENDING,OWNER_APPROVAL_PENDING|CTV_APPROVAL_PENDING
data_ctv,Data CTV,172,G00590,2,LEAD,1,False,True,Trinh,,,MAPPING_OR_PAYMENT_APPROVAL_PENDING,OWNER_APPROVAL_PENDING|CTV_APPROVAL_PENDING
data_ctv,Data CTV,173,G00591,2,LEAD,1,False,True,Tính,,,MAPPING_OR_PAYMENT_APPROVAL_PENDING,OWNER_APPROVAL_PENDING|CTV_APPROVAL_PENDING
data_ctv,Data CTV,174,G00592,2,LEAD,1,False,True,Trinh,,,MAPPING_OR_PAYMENT_APPROVAL_PENDING,OWNER_APPROVAL_PENDING|CTV_APPROVAL_PENDING
data_ctv,Data CTV,175,G00593,1,LEAD,1,False,True,Trinh,,,MAPPING_OR_PAYMENT_APPROVAL_PENDING,OWNER_APPROVAL_PENDING|CTV_APPROVAL_PENDING
data_ctv,Data CTV,176,G00547,3,LEAD,1,False,True,Dương,,,MAPPING_OR_PAYMENT_APPROVAL_PENDING,OWNER_APPROVAL_PENDING|CTV_APPROVAL_PENDING
data_ctv,Data CTV,177,G00546,3,LEAD,1,False,True,Dương,,,MAPPING_OR_PAYMENT_APPROVAL_PENDING,OWNER_APPROVAL_PENDING|CTV_APPROVAL_PENDING
data_ctv,Data CTV,178,G00576,3,LEAD,1,False,True,Dương,Phạm Văn Thuận,,MAPPING_OR_PAYMENT_APPROVAL_PENDING,OWNER_APPROVAL_PENDING|CTV_APPROVAL_PENDING
data_ctv,Data CTV,179,G00577,3,LEAD,1,False,True,Dương,Phạm Văn Thuận,,MAPPING_OR_PAYMENT_APPROVAL_PENDING,OWNER_APPROVAL_PENDING|CTV_APPROVAL_PENDING
data_ctv,Data CTV,180,G00580,3,LEAD,1,False,True,Dương,Phạm Trường Sơn,,MAPPING_OR_PAYMENT_APPROVAL_PENDING,OWNER_APPROVAL_PENDING|CTV_APPROVAL_PENDING
data_ctv,Data CTV,181,G00594,2,LEAD,1,False,True,Dương,,,MAPPING_OR_PAYMENT_APPROVAL_PENDING,OWNER_APPROVAL_PENDING|CTV_APPROVAL_PENDING
data_ctv,Data CTV,182,G00595,2,LEAD,1,False,True,Dương,Nguyễn Bảo Phúc,,MAPPING_OR_PAYMENT_APPROVAL_PENDING,OWNER_APPROVAL_PENDING|CTV_APPROVAL_PENDING
data_ctv,Data CTV,183,G00596,2,LEAD,1,False,True,Dương,,,MAPPING_OR_PAYMENT_APPROVAL_PENDING,OWNER_APPROVAL_PENDING|CTV_APPROVAL_PENDING
data_ctv,Data CTV,184,G00597,2,LEAD,1,False,True,Dương,,,MAPPING_OR_PAYMENT_APPROVAL_PENDING,OWNER_APPROVAL_PENDING|CTV_APPROVAL_PENDING
data_ctv,Data CTV,185,G00598,2,LEAD,1,False,True,Dương,Thượng Thị Thanh Lễ,,MAPPING_OR_PAYMENT_APPROVAL_PENDING,OWNER_APPROVAL_PENDING|CTV_APPROVAL_PENDING
data_ctv,Data CTV,186,G00470,4,LEAD,1,False,True,Dương,,,MAPPING_OR_PAYMENT_APPROVAL_PENDING,OWNER_APPROVAL_PENDING|CTV_APPROVAL_PENDING
data_ctv,Data CTV,187,G00599,2,LEAD,1,False,True,Thư,,,MAPPING_OR_PAYMENT_APPROVAL_PENDING,OWNER_APPROVAL_PENDING|CTV_APPROVAL_PENDING
data_ctv,Data CTV,188,G00600,2,LEAD,1,False,True,Thư,,,MAPPING_OR_PAYMENT_APPROVAL_PENDING,OWNER_APPROVAL_PENDING|CTV_APPROVAL_PENDING
data_ctv,Data CTV,189,G00601,2,LEAD,1,False,True,Thư,,,MAPPING_OR_PAYMENT_APPROVAL_PENDING,OWNER_APPROVAL_PENDING|CTV_APPROVAL_PENDING
data_ctv,Data CTV,190,G00602,2,LEAD,1,False,True,Bình,,,MAPPING_OR_PAYMENT_APPROVAL_PENDING,OWNER_APPROVAL_PENDING|CTV_APPROVAL_PENDING
data_ctv,Data CTV,191,G00603,2,LEAD,1,False,True,Bình,,,MAPPING_OR_PAYMENT_APPROVAL_PENDING,OWNER_APPROVAL_PENDING|CTV_APPROVAL_PENDING
data_ctv,Data CTV,192,G00604,2,LEAD,1,False,True,Bình,Trần Thị Thanh Hoài,,MAPPING_OR_PAYMENT_APPROVAL_PENDING,OWNER_APPROVAL_PENDING|CTV_APPROVAL_PENDING
data_ctv,Data CTV,193,G00605,2,LEAD,1,False,True,Bình,,,MAPPING_OR_PAYMENT_APPROVAL_PENDING,OWNER_APPROVAL_PENDING|CTV_APPROVAL_PENDING
data_ctv,Data CTV,194,G00606,2,LEAD,1,False,True,Bình,,,MAPPING_OR_PAYMENT_APPROVAL_PENDING,OWNER_APPROVAL_PENDING|CTV_APPROVAL_PENDING
data_ctv,Data CTV,195,G00607,2,LEAD,1,False,True,Bình,,,MAPPING_OR_PAYMENT_APPROVAL_PENDING,OWNER_APPROVAL_PENDING|CTV_APPROVAL_PENDING
data_ctv,Data CTV,196,G00564,3,LEAD,1,False,True,Bình,,,MAPPING_OR_PAYMENT_APPROVAL_PENDING,OWNER_APPROVAL_PENDING|CTV_APPROVAL_PENDING
data_ctv,Data CTV,197,G00608,2,LEAD,1,False,True,Thư,,,MAPPING_OR_PAYMENT_APPROVAL_PENDING,OWNER_APPROVAL_PENDING|CTV_APPROVAL_PENDING
data_ctv,Data CTV,198,G00609,2,LEAD,1,False,True,Thư,,,MAPPING_OR_PAYMENT_APPROVAL_PENDING,OWNER_APPROVAL_PENDING|CTV_APPROVAL_PENDING
data_ctv,Data CTV,199,G00610,2,LEAD,1,False,True,Thư,,,MAPPING_OR_PAYMENT_APPROVAL_PENDING,OWNER_APPROVAL_PENDING|CTV_APPROVAL_PENDING
data_ctv,Data CTV,200,G00611,2,LEAD,1,False,True,Thư,,,MAPPING_OR_PAYMENT_APPROVAL_PENDING,OWNER_APPROVAL_PENDING|CTV_APPROVAL_PENDING
data_ctv,Data CTV,201,G00612,1,LEAD,0,False,True,Trinh,,,REVIEW_STRUCTURE,NO_VALID_CONTACT|OWNER_APPROVAL_PENDING|CTV_APPROVAL_PENDING
data_ctv,Data CTV,202,G00613,1,LEAD,0,False,True,Dương,,,REVIEW_STRUCTURE,NO_VALID_CONTACT|OWNER_APPROVAL_PENDING|CTV_APPROVAL_PENDING
data_ctv,Data CTV,203,G00614,1,LEAD,0,False,True,Dương,,,REVIEW_STRUCTURE,NO_VALID_CONTACT|OWNER_APPROVAL_PENDING|CTV_APPROVAL_PENDING
data_ctv,Data CTV,204,G00615,1,LEAD,0,False,True,Dương,,,REVIEW_STRUCTURE,NO_VALID_CONTACT|OWNER_APPROVAL_PENDING|CTV_APPROVAL_PENDING
data_ctv,Data CTV,205,G00616,1,LEAD,0,False,True,Trinh,,,REVIEW_STRUCTURE,NO_VALID_CONTACT|OWNER_APPROVAL_PENDING|CTV_APPROVAL_PENDING
data_ctv,Data CTV,206,G00617,1,LEAD,0,False,True,Trinh,,,REVIEW_STRUCTURE,NO_VALID_CONTACT|OWNER_APPROVAL_PENDING|CTV_APPROVAL_PENDING
data_ctv,Data CTV,207,G00618,1,LEAD,0,False,True,Trinh,,,REVIEW_STRUCTURE,NO_VALID_CONTACT|OWNER_APPROVAL_PENDING|CTV_APPROVAL_PENDING
data_ctv,Data CTV,208,G00619,2,LEAD,1,False,True,Dương,,,MAPPING_OR_PAYMENT_APPROVAL_PENDING,OWNER_APPROVAL_PENDING|CTV_APPROVAL_PENDING
data_ctv,Data CTV,209,G00620,2,LEAD,1,False,True,Dương,,,MAPPING_OR_PAYMENT_APPROVAL_PENDING,OWNER_APPROVAL_PENDING|CTV_APPROVAL_PENDING
data_ctv,Data CTV,210,G00621,2,LEAD,1,False,True,Dương,,,MAPPING_OR_PAYMENT_APPROVAL_PENDING,OWNER_APPROVAL_PENDING|CTV_APPROVAL_PENDING
data_ctv,Data CTV,211,G00622,2,LEAD,1,False,True,Dương,Phạm Văn Thuận,,MAPPING_OR_PAYMENT_APPROVAL_PENDING,OWNER_APPROVAL_PENDING|CTV_APPROVAL_PENDING
data_ctv,Data CTV,212,G00623,2,LEAD,1,False,True,Dương,Phạm Văn Thuận,,MAPPING_OR_PAYMENT_APPROVAL_PENDING,OWNER_APPROVAL_PENDING|CTV_APPROVAL_PENDING
data_ctv,Data CTV,213,G00624,2,LEAD,1,False,True,Dương,Phạm Văn Thuận,,MAPPING_OR_PAYMENT_APPROVAL_PENDING,OWNER_APPROVAL_PENDING|CTV_APPROVAL_PENDING
data_ctv,Data CTV,214,G00625,2,LEAD,1,False,True,Dương,Phạm Trường Sơn,,MAPPING_OR_PAYMENT_APPROVAL_PENDING,OWNER_APPROVAL_PENDING|CTV_APPROVAL_PENDING
data_ctv,Data CTV,215,G00626,2,LEAD,1,False,True,Dương,,,MAPPING_OR_PAYMENT_APPROVAL_PENDING,OWNER_APPROVAL_PENDING|CTV_APPROVAL_PENDING
data_ctv,Data CTV,216,G00627,2,LEAD,1,False,True,Dương,Lê Thị Quỳnh Trang,,MAPPING_OR_PAYMENT_APPROVAL_PENDING,OWNER_APPROVAL_PENDING|CTV_APPROVAL_PENDING
data_ctv,Data CTV,217,G00628,2,LEAD,1,False,True,Dương,Phạm Trường Sơn,,MAPPING_OR_PAYMENT_APPROVAL_PENDING,OWNER_APPROVAL_PENDING|CTV_APPROVAL_PENDING
data_ctv,Data CTV,218,G00629,2,LEAD,1,False,True,Trinh,,,MAPPING_OR_PAYMENT_APPROVAL_PENDING,OWNER_APPROVAL_PENDING|CTV_APPROVAL_PENDING
data_ctv,Data CTV,219,G00630,3,LEAD,1,False,True,Thư,,,MAPPING_OR_PAYMENT_APPROVAL_PENDING,OWNER_APPROVAL_PENDING|CTV_APPROVAL_PENDING
lead_online,LEAD ONLINE,2,G01099,3,LEAD,1,True,False,Bình,,,MAPPING_OR_PAYMENT_APPROVAL_PENDING,OWNER_APPROVAL_PENDING
lead_online,LEAD ONLINE,3,G00631,1,LEAD,1,True,False,Bình,,,MAPPING_OR_PAYMENT_APPROVAL_PENDING,OWNER_APPROVAL_PENDING
lead_online,LEAD ONLINE,4,G00632,1,LEAD,1,True,False,,,,MAPPING_OR_PAYMENT_APPROVAL_PENDING,OWNER_APPROVAL_PENDING
lead_online,LEAD ONLINE,5,G01270,2,LEAD,1,True,False,Trinh,,,MAPPING_OR_PAYMENT_APPROVAL_PENDING,OWNER_APPROVAL_PENDING
lead_online,LEAD ONLINE,6,G00633,1,LEAD,0,True,False,,,,MAPPING_OR_PAYMENT_APPROVAL_PENDING,CONTACT_VIA_FB_ONLY|OWNER_APPROVAL_PENDING
lead_online,LEAD ONLINE,7,G00634,1,LEAD,0,True,False,Bình,,,MAPPING_OR_PAYMENT_APPROVAL_PENDING,CONTACT_VIA_FB_ONLY|OWNER_APPROVAL_PENDING
lead_online,LEAD ONLINE,8,G00635,1,LEAD,0,True,False,Trinh,,,MAPPING_OR_PAYMENT_APPROVAL_PENDING,CONTACT_VIA_FB_ONLY|OWNER_APPROVAL_PENDING
lead_online,LEAD ONLINE,9,G00636,1,LEAD,1,False,False,Bình,,,MAPPING_OR_PAYMENT_APPROVAL_PENDING,OWNER_APPROVAL_PENDING
lead_online,LEAD ONLINE,10,G00637,1,LEAD,1,False,False,Bình,,,MAPPING_OR_PAYMENT_APPROVAL_PENDING,OWNER_APPROVAL_PENDING
lead_online,LEAD ONLINE,11,G00638,1,LEAD,1,False,False,Bình,,,MAPPING_OR_PAYMENT_APPROVAL_PENDING,OWNER_APPROVAL_PENDING
lead_online,LEAD ONLINE,12,G01276,2,LEAD,1,True,False,Bình,,,MAPPING_OR_PAYMENT_APPROVAL_PENDING,OWNER_APPROVAL_PENDING
lead_online,LEAD ONLINE,13,G01277,2,LEAD,1,True,False,Bình,,,MAPPING_OR_PAYMENT_APPROVAL_PENDING,OWNER_APPROVAL_PENDING
lead_online,LEAD ONLINE,14,G01278,2,LEAD,1,True,False,Bình,,,MAPPING_OR_PAYMENT_APPROVAL_PENDING,OWNER_APPROVAL_PENDING
lead_online,LEAD ONLINE,15,G00639,1,LEAD,0,True,False,Bình,,,MAPPING_OR_PAYMENT_APPROVAL_PENDING,CONTACT_VIA_FB_ONLY|OWNER_APPROVAL_PENDING
lead_online,LEAD ONLINE,16,G00640,1,LEAD,0,True,False,Bình,,,MAPPING_OR_PAYMENT_APPROVAL_PENDING,CONTACT_VIA_FB_ONLY|OWNER_APPROVAL_PENDING
lead_online,LEAD ONLINE,17,G00641,1,LEAD,0,True,False,Bình,,,MAPPING_OR_PAYMENT_APPROVAL_PENDING,CONTACT_VIA_FB_ONLY|OWNER_APPROVAL_PENDING
lead_online,LEAD ONLINE,18,G00642,1,LEAD,1,True,False,Bình,,,MAPPING_OR_PAYMENT_APPROVAL_PENDING,OWNER_APPROVAL_PENDING
lead_online,LEAD ONLINE,19,G00643,1,LEAD,0,True,False,,,,REVIEW_STRUCTURE,CONTACT_VIA_FB_ONLY|MISSING_OWNER
lead_online,LEAD ONLINE,20,G00644,1,LEAD,1,True,False,Bình,,,MAPPING_OR_PAYMENT_APPROVAL_PENDING,OWNER_APPROVAL_PENDING
lead_online,LEAD ONLINE,21,G00645,1,LEAD,0,True,False,Bình,,,MAPPING_OR_PAYMENT_APPROVAL_PENDING,CONTACT_VIA_FB_ONLY|OWNER_APPROVAL_PENDING
lead_online,LEAD ONLINE,22,G00646,1,LEAD,0,True,False,Bình,,,MAPPING_OR_PAYMENT_APPROVAL_PENDING,CONTACT_VIA_FB_ONLY|OWNER_APPROVAL_PENDING
lead_online,LEAD ONLINE,23,G00647,1,LEAD,0,True,False,Bình,,,MAPPING_OR_PAYMENT_APPROVAL_PENDING,CONTACT_VIA_FB_ONLY|OWNER_APPROVAL_PENDING
lead_online,LEAD ONLINE,24,G00648,1,LEAD,0,True,False,Bình,,,MAPPING_OR_PAYMENT_APPROVAL_PENDING,CONTACT_VIA_FB_ONLY|OWNER_APPROVAL_PENDING
lead_online,LEAD ONLINE,25,G00649,1,LEAD,0,True,False,,,,REVIEW_STRUCTURE,CONTACT_VIA_FB_ONLY|MISSING_OWNER
lead_online,LEAD ONLINE,26,G00650,1,LEAD,0,True,False,,,,REVIEW_STRUCTURE,CONTACT_VIA_FB_ONLY|MISSING_OWNER
lead_online,LEAD ONLINE,27,G00651,1,LEAD,1,True,False,Trinh,,,MAPPING_OR_PAYMENT_APPROVAL_PENDING,OWNER_APPROVAL_PENDING
lead_online,LEAD ONLINE,28,G00652,1,LEAD,0,True,False,,,,REVIEW_STRUCTURE,CONTACT_VIA_FB_ONLY|MISSING_OWNER
lead_online,LEAD ONLINE,29,G00653,1,LEAD,0,True,False,,,,REVIEW_STRUCTURE,CONTACT_VIA_FB_ONLY|MISSING_OWNER
lead_online,LEAD ONLINE,30,G00654,1,LEAD,0,True,False,,,,REVIEW_STRUCTURE,CONTACT_VIA_FB_ONLY|MISSING_OWNER
lead_online,LEAD ONLINE,31,G00655,1,LEAD,0,True,False,,,,REVIEW_STRUCTURE,CONTACT_VIA_FB_ONLY|MISSING_OWNER
lead_online,LEAD ONLINE,32,G01305,2,LEAD,1,True,False,Bình,,,MAPPING_OR_PAYMENT_APPROVAL_PENDING,OWNER_APPROVAL_PENDING
lead_online,LEAD ONLINE,33,G00656,1,LEAD,1,True,False,Trinh,,,MAPPING_OR_PAYMENT_APPROVAL_PENDING,OWNER_APPROVAL_PENDING
lead_online,LEAD ONLINE,34,G00657,1,LEAD,0,True,False,,,,REVIEW_STRUCTURE,CONTACT_VIA_FB_ONLY|MISSING_OWNER
lead_online,LEAD ONLINE,35,G00658,1,LEAD,0,True,False,,,,REVIEW_STRUCTURE,CONTACT_VIA_FB_ONLY|MISSING_OWNER
lead_online,LEAD ONLINE,36,G00659,1,LEAD,0,True,False,,,,REVIEW_STRUCTURE,CONTACT_VIA_FB_ONLY|MISSING_OWNER
lead_online,LEAD ONLINE,37,G00660,1,LEAD,0,True,False,,,,REVIEW_STRUCTURE,CONTACT_VIA_FB_ONLY|MISSING_OWNER
lead_online,LEAD ONLINE,38,G00661,1,LEAD,0,True,False,,,,REVIEW_STRUCTURE,CONTACT_VIA_FB_ONLY|MISSING_OWNER
lead_online,LEAD ONLINE,39,G00662,1,LEAD,0,True,False,Trinh,,,MAPPING_OR_PAYMENT_APPROVAL_PENDING,CONTACT_VIA_FB_ONLY|OWNER_APPROVAL_PENDING
lead_online,LEAD ONLINE,40,G00663,1,LEAD,1,True,False,Trinh,,,MAPPING_OR_PAYMENT_APPROVAL_PENDING,OWNER_APPROVAL_PENDING
lead_online,LEAD ONLINE,41,G00664,1,LEAD,1,True,False,Trinh,,,MAPPING_OR_PAYMENT_APPROVAL_PENDING,OWNER_APPROVAL_PENDING
lead_online,LEAD ONLINE,42,G01307,2,LEAD,1,True,False,Bình,,,MAPPING_OR_PAYMENT_APPROVAL_PENDING,OWNER_APPROVAL_PENDING
lead_online,LEAD ONLINE,43,G00665,1,LEAD,0,True,False,,,,REVIEW_STRUCTURE,CONTACT_VIA_FB_ONLY|MISSING_OWNER
lead_online,LEAD ONLINE,44,G00666,1,LEAD,0,True,False,,,,REVIEW_STRUCTURE,CONTACT_VIA_FB_ONLY|MISSING_OWNER
lead_online,LEAD ONLINE,45,G00667,1,LEAD,0,True,False,,,,REVIEW_STRUCTURE,CONTACT_VIA_FB_ONLY|MISSING_OWNER
lead_online,LEAD ONLINE,46,G00668,1,LEAD,1,True,False,Trinh,,,MAPPING_OR_PAYMENT_APPROVAL_PENDING,OWNER_APPROVAL_PENDING
lead_online,LEAD ONLINE,47,G00669,1,LEAD,1,True,False,Bình,,,MAPPING_OR_PAYMENT_APPROVAL_PENDING,OWNER_APPROVAL_PENDING
lead_online,LEAD ONLINE,48,G00670,1,LEAD,1,True,False,Bình,,,MAPPING_OR_PAYMENT_APPROVAL_PENDING,OWNER_APPROVAL_PENDING
lead_online,LEAD ONLINE,49,G00671,1,LEAD,1,True,False,Trinh,,,MAPPING_OR_PAYMENT_APPROVAL_PENDING,OWNER_APPROVAL_PENDING
lead_online,LEAD ONLINE,50,G00672,1,LEAD,1,True,False,Bình,,,MAPPING_OR_PAYMENT_APPROVAL_PENDING,OWNER_APPROVAL_PENDING
lead_online,LEAD ONLINE,51,G00673,1,LEAD,1,True,False,Bình,,,MAPPING_OR_PAYMENT_APPROVAL_PENDING,OWNER_APPROVAL_PENDING
lead_online,LEAD ONLINE,52,G00674,1,LEAD,1,True,False,Bình,,,MAPPING_OR_PAYMENT_APPROVAL_PENDING,OWNER_APPROVAL_PENDING
lead_online,LEAD ONLINE,53,G00675,1,LEAD,0,True,False,,,,REVIEW_STRUCTURE,CONTACT_VIA_FB_ONLY|MISSING_OWNER
lead_online,LEAD ONLINE,54,G00676,1,LEAD,0,True,False,,,,REVIEW_STRUCTURE,CONTACT_VIA_FB_ONLY|MISSING_OWNER
lead_online,LEAD ONLINE,55,G00677,1,LEAD,0,True,False,,,,REVIEW_STRUCTURE,CONTACT_VIA_FB_ONLY|MISSING_OWNER
lead_online,LEAD ONLINE,56,G00678,1,LEAD,0,True,False,,,,REVIEW_STRUCTURE,CONTACT_VIA_FB_ONLY|MISSING_OWNER
lead_online,LEAD ONLINE,57,G00679,1,LEAD,0,True,False,,,,REVIEW_STRUCTURE,CONTACT_VIA_FB_ONLY|MISSING_OWNER
lead_online,LEAD ONLINE,58,G00680,1,LEAD,0,True,False,,,,REVIEW_STRUCTURE,CONTACT_VIA_FB_ONLY|MISSING_OWNER
lead_online,LEAD ONLINE,59,G00681,1,LEAD,0,True,False,,,,REVIEW_STRUCTURE,CONTACT_VIA_FB_ONLY|MISSING_OWNER
lead_online,LEAD ONLINE,60,G00682,1,LEAD,0,True,False,,,,REVIEW_STRUCTURE,CONTACT_VIA_FB_ONLY|MISSING_OWNER
lead_online,LEAD ONLINE,61,G00683,1,LEAD,0,True,False,,,,REVIEW_STRUCTURE,CONTACT_VIA_FB_ONLY|MISSING_OWNER
lead_online,LEAD ONLINE,62,G00684,1,LEAD,0,True,False,,,,REVIEW_STRUCTURE,CONTACT_VIA_FB_ONLY|MISSING_OWNER
lead_online,LEAD ONLINE,63,G00685,1,LEAD,0,True,False,,,,REVIEW_STRUCTURE,CONTACT_VIA_FB_ONLY|MISSING_OWNER
lead_online,LEAD ONLINE,64,G00686,1,LEAD,1,True,False,Thư,,,MAPPING_OR_PAYMENT_APPROVAL_PENDING,OWNER_APPROVAL_PENDING
lead_online,LEAD ONLINE,65,G00687,1,LEAD,0,True,False,,,,REVIEW_STRUCTURE,CONTACT_VIA_FB_ONLY|MISSING_OWNER
lead_online,LEAD ONLINE,66,G00688,1,LEAD,0,True,False,,,,REVIEW_STRUCTURE,CONTACT_VIA_FB_ONLY|MISSING_OWNER
lead_online,LEAD ONLINE,67,G00689,1,LEAD,0,True,False,,,,REVIEW_STRUCTURE,CONTACT_VIA_FB_ONLY|MISSING_OWNER
lead_online,LEAD ONLINE,68,G01323,2,LEAD,1,True,False,Bình,,,MAPPING_OR_PAYMENT_APPROVAL_PENDING,OWNER_APPROVAL_PENDING
lead_online,LEAD ONLINE,69,G00690,1,LEAD,0,True,False,,,,REVIEW_STRUCTURE,CONTACT_VIA_FB_ONLY|MISSING_OWNER
lead_online,LEAD ONLINE,70,G00691,1,LEAD,0,True,False,,,,REVIEW_STRUCTURE,CONTACT_VIA_FB_ONLY|MISSING_OWNER
lead_online,LEAD ONLINE,71,G00692,1,LEAD,0,True,False,,,,REVIEW_STRUCTURE,CONTACT_VIA_FB_ONLY|MISSING_OWNER
lead_online,LEAD ONLINE,72,G00693,1,LEAD,0,True,False,,,,REVIEW_STRUCTURE,CONTACT_VIA_FB_ONLY|MISSING_OWNER
lead_online,LEAD ONLINE,73,G01321,2,LEAD,1,True,False,Trinh,,,MAPPING_OR_PAYMENT_APPROVAL_PENDING,OWNER_APPROVAL_PENDING
lead_online,LEAD ONLINE,74,G00694,1,LEAD,1,True,False,Bình,,,MAPPING_OR_PAYMENT_APPROVAL_PENDING,OWNER_APPROVAL_PENDING
lead_online,LEAD ONLINE,75,G00695,1,LEAD,0,True,False,,,,REVIEW_STRUCTURE,CONTACT_VIA_FB_ONLY|MISSING_OWNER
lead_online,LEAD ONLINE,76,G00696,1,LEAD,0,True,False,,,,REVIEW_STRUCTURE,CONTACT_VIA_FB_ONLY|MISSING_OWNER
lead_online,LEAD ONLINE,77,G00697,1,LEAD,1,True,False,,,,REVIEW_STRUCTURE,MISSING_OWNER
lead_online,LEAD ONLINE,78,G00698,1,LEAD,1,True,False,Bình,,,MAPPING_OR_PAYMENT_APPROVAL_PENDING,OWNER_APPROVAL_PENDING
lead_online,LEAD ONLINE,79,G00699,1,LEAD,1,True,False,Bình,,,MAPPING_OR_PAYMENT_APPROVAL_PENDING,OWNER_APPROVAL_PENDING
lead_online,LEAD ONLINE,80,G00700,1,LEAD,0,True,False,,,,REVIEW_STRUCTURE,CONTACT_VIA_FB_ONLY|MISSING_OWNER
lead_online,LEAD ONLINE,81,G00701,1,LEAD,1,True,False,Trinh,,,MAPPING_OR_PAYMENT_APPROVAL_PENDING,OWNER_APPROVAL_PENDING
lead_online,LEAD ONLINE,82,G00702,1,LEAD,1,True,False,Trinh,,,MAPPING_OR_PAYMENT_APPROVAL_PENDING,OWNER_APPROVAL_PENDING
lead_online,LEAD ONLINE,83,G00703,1,LEAD,1,True,False,Trinh,,,MAPPING_OR_PAYMENT_APPROVAL_PENDING,OWNER_APPROVAL_PENDING
lead_online,LEAD ONLINE,84,G00704,1,LEAD,0,True,False,,,,REVIEW_STRUCTURE,CONTACT_VIA_FB_ONLY|MISSING_OWNER
lead_online,LEAD ONLINE,85,G00705,1,LEAD,0,True,False,,,,REVIEW_STRUCTURE,CONTACT_VIA_FB_ONLY|MISSING_OWNER
lead_online,LEAD ONLINE,86,G00706,1,LEAD,0,True,False,,,,REVIEW_STRUCTURE,CONTACT_VIA_FB_ONLY|MISSING_OWNER
lead_online,LEAD ONLINE,87,G00707,1,LEAD,0,True,False,,,,REVIEW_STRUCTURE,CONTACT_VIA_FB_ONLY|MISSING_OWNER
lead_online,LEAD ONLINE,88,G00708,1,LEAD,0,True,False,,,,REVIEW_STRUCTURE,CONTACT_VIA_FB_ONLY|MISSING_OWNER
lead_online,LEAD ONLINE,89,G00709,1,LEAD,0,True,False,,,,REVIEW_STRUCTURE,CONTACT_VIA_FB_ONLY|MISSING_OWNER
lead_online,LEAD ONLINE,90,G00710,1,LEAD,0,True,False,,,,REVIEW_STRUCTURE,CONTACT_VIA_FB_ONLY|MISSING_OWNER
lead_online,LEAD ONLINE,91,G00711,1,LEAD,0,True,False,,,,REVIEW_STRUCTURE,CONTACT_VIA_FB_ONLY|MISSING_OWNER
lead_online,LEAD ONLINE,92,G00712,1,LEAD,0,True,False,,,,REVIEW_STRUCTURE,CONTACT_VIA_FB_ONLY|MISSING_OWNER
lead_online,LEAD ONLINE,93,G00713,1,LEAD,0,True,False,,,,REVIEW_STRUCTURE,CONTACT_VIA_FB_ONLY|MISSING_OWNER
lead_online,LEAD ONLINE,94,G00714,1,LEAD,0,True,False,,,,REVIEW_STRUCTURE,CONTACT_VIA_FB_ONLY|MISSING_OWNER
lead_online,LEAD ONLINE,95,G00715,1,LEAD,0,True,False,,,,REVIEW_STRUCTURE,CONTACT_VIA_FB_ONLY|MISSING_OWNER
lead_online,LEAD ONLINE,96,G00716,1,LEAD,0,True,False,,,,REVIEW_STRUCTURE,CONTACT_VIA_FB_ONLY|MISSING_OWNER
lead_online,LEAD ONLINE,97,G00717,1,LEAD,0,True,False,,,,REVIEW_STRUCTURE,CONTACT_VIA_FB_ONLY|MISSING_OWNER
lead_online,LEAD ONLINE,98,G00718,1,LEAD,0,True,False,,,,REVIEW_STRUCTURE,CONTACT_VIA_FB_ONLY|MISSING_OWNER
lead_online,LEAD ONLINE,99,G00719,1,LEAD,0,True,False,,,,REVIEW_STRUCTURE,CONTACT_VIA_FB_ONLY|MISSING_OWNER
lead_online,LEAD ONLINE,100,G00720,1,LEAD,0,True,False,,,,REVIEW_STRUCTURE,CONTACT_VIA_FB_ONLY|MISSING_OWNER
lead_online,LEAD ONLINE,101,G00721,1,LEAD,1,True,False,,,,REVIEW_STRUCTURE,MISSING_OWNER
lead_online,LEAD ONLINE,102,G00722,1,LEAD,0,True,False,,,,REVIEW_STRUCTURE,CONTACT_VIA_FB_ONLY|MISSING_OWNER
lead_online,LEAD ONLINE,103,G00723,1,LEAD,0,True,False,,,,REVIEW_STRUCTURE,CONTACT_VIA_FB_ONLY|MISSING_OWNER
lead_online,LEAD ONLINE,104,G00724,1,LEAD,0,True,False,,,,REVIEW_STRUCTURE,CONTACT_VIA_FB_ONLY|MISSING_OWNER
lead_online,LEAD ONLINE,105,G00725,1,LEAD,0,True,False,,,,REVIEW_STRUCTURE,CONTACT_VIA_FB_ONLY|MISSING_OWNER
lead_online,LEAD ONLINE,106,G00726,1,LEAD,0,True,False,,,,REVIEW_STRUCTURE,CONTACT_VIA_FB_ONLY|MISSING_OWNER
lead_online,LEAD ONLINE,107,G01329,2,LEAD,1,True,False,Bình,,,MAPPING_OR_PAYMENT_APPROVAL_PENDING,OWNER_APPROVAL_PENDING
lead_online,LEAD ONLINE,108,G00727,1,LEAD,0,True,False,,,,REVIEW_STRUCTURE,CONTACT_VIA_FB_ONLY|MISSING_OWNER
lead_online,LEAD ONLINE,109,G00728,1,LEAD,0,True,False,,,,REVIEW_STRUCTURE,CONTACT_VIA_FB_ONLY|MISSING_OWNER
lead_online,LEAD ONLINE,110,G00729,1,LEAD,0,True,False,,,,REVIEW_STRUCTURE,CONTACT_VIA_FB_ONLY|MISSING_OWNER
lead_online,LEAD ONLINE,111,G00730,1,LEAD,0,True,False,,,,REVIEW_STRUCTURE,CONTACT_VIA_FB_ONLY|MISSING_OWNER
lead_online,LEAD ONLINE,112,G00731,1,LEAD,0,True,False,,,,REVIEW_STRUCTURE,CONTACT_VIA_FB_ONLY|MISSING_OWNER
lead_online,LEAD ONLINE,113,G00732,1,LEAD,0,True,False,,,,REVIEW_STRUCTURE,CONTACT_VIA_FB_ONLY|MISSING_OWNER
lead_online,LEAD ONLINE,114,G00733,1,LEAD,0,True,False,,,,REVIEW_STRUCTURE,CONTACT_VIA_FB_ONLY|MISSING_OWNER
lead_online,LEAD ONLINE,115,G00734,2,LEAD,1,True,False,Bình,,,MAPPING_OR_PAYMENT_APPROVAL_PENDING,OWNER_APPROVAL_PENDING
lead_online,LEAD ONLINE,116,G00735,1,LEAD,0,True,False,,,,REVIEW_STRUCTURE,CONTACT_VIA_FB_ONLY|MISSING_OWNER
lead_online,LEAD ONLINE,117,G00736,1,LEAD,0,True,False,,,,REVIEW_STRUCTURE,CONTACT_VIA_FB_ONLY|MISSING_OWNER
lead_online,LEAD ONLINE,118,G00737,1,LEAD,0,True,False,,,,REVIEW_STRUCTURE,CONTACT_VIA_FB_ONLY|MISSING_OWNER
lead_online,LEAD ONLINE,119,G01331,2,LEAD,1,True,False,,,,REVIEW_STRUCTURE,MISSING_OWNER
lead_online,LEAD ONLINE,120,G00738,1,LEAD,0,True,False,,,,REVIEW_STRUCTURE,CONTACT_VIA_FB_ONLY|MISSING_OWNER
lead_online,LEAD ONLINE,121,G00739,1,LEAD,0,True,False,,,,REVIEW_STRUCTURE,CONTACT_VIA_FB_ONLY|MISSING_OWNER
lead_online,LEAD ONLINE,122,G00740,1,LEAD,0,True,False,,,,REVIEW_STRUCTURE,CONTACT_VIA_FB_ONLY|MISSING_OWNER
lead_online,LEAD ONLINE,123,G00741,1,LEAD,0,True,False,,,,REVIEW_STRUCTURE,CONTACT_VIA_FB_ONLY|MISSING_OWNER
lead_online,LEAD ONLINE,124,G00742,1,LEAD,0,True,False,,,,REVIEW_STRUCTURE,CONTACT_VIA_FB_ONLY|MISSING_OWNER
lead_online,LEAD ONLINE,125,G00743,1,LEAD,0,True,False,,,,REVIEW_STRUCTURE,CONTACT_VIA_FB_ONLY|MISSING_OWNER
lead_online,LEAD ONLINE,126,G00744,1,LEAD,1,True,False,Bình,,,MAPPING_OR_PAYMENT_APPROVAL_PENDING,OWNER_APPROVAL_PENDING
lead_online,LEAD ONLINE,127,G01333,2,LEAD,1,True,False,Thư,,,MAPPING_OR_PAYMENT_APPROVAL_PENDING,OWNER_APPROVAL_PENDING
lead_online,LEAD ONLINE,128,G00745,1,LEAD,0,True,False,,,,REVIEW_STRUCTURE,CONTACT_VIA_FB_ONLY|MISSING_OWNER
lead_online,LEAD ONLINE,129,G00746,1,LEAD,0,True,False,,,,REVIEW_STRUCTURE,CONTACT_VIA_FB_ONLY|MISSING_OWNER
lead_online,LEAD ONLINE,130,G00747,1,LEAD,0,True,False,,,,REVIEW_STRUCTURE,CONTACT_VIA_FB_ONLY|MISSING_OWNER
lead_online,LEAD ONLINE,131,G00748,1,LEAD,0,True,False,,,,REVIEW_STRUCTURE,CONTACT_VIA_FB_ONLY|MISSING_OWNER
lead_online,LEAD ONLINE,132,G00749,1,LEAD,0,True,False,,,,REVIEW_STRUCTURE,CONTACT_VIA_FB_ONLY|MISSING_OWNER
lead_online,LEAD ONLINE,133,G00750,1,LEAD,0,True,False,,,,REVIEW_STRUCTURE,CONTACT_VIA_FB_ONLY|MISSING_OWNER
lead_online,LEAD ONLINE,134,G00751,1,LEAD,0,True,False,,,,REVIEW_STRUCTURE,CONTACT_VIA_FB_ONLY|MISSING_OWNER
lead_online,LEAD ONLINE,135,G00752,1,LEAD,0,True,False,,,,REVIEW_STRUCTURE,CONTACT_VIA_FB_ONLY|MISSING_OWNER
lead_online,LEAD ONLINE,136,G00753,1,LEAD,0,True,False,,,,REVIEW_STRUCTURE,CONTACT_VIA_FB_ONLY|MISSING_OWNER
lead_online,LEAD ONLINE,137,G00754,1,LEAD,0,True,False,,,,REVIEW_STRUCTURE,CONTACT_VIA_FB_ONLY|MISSING_OWNER
lead_online,LEAD ONLINE,138,G00755,1,LEAD,0,True,False,,,,REVIEW_STRUCTURE,CONTACT_VIA_FB_ONLY|MISSING_OWNER
lead_online,LEAD ONLINE,139,G00756,1,LEAD,0,True,False,,,,REVIEW_STRUCTURE,CONTACT_VIA_FB_ONLY|MISSING_OWNER
lead_online,LEAD ONLINE,140,G00757,1,LEAD,0,True,False,,,,REVIEW_STRUCTURE,CONTACT_VIA_FB_ONLY|MISSING_OWNER
lead_online,LEAD ONLINE,141,G00758,1,LEAD,0,True,False,,,,REVIEW_STRUCTURE,CONTACT_VIA_FB_ONLY|MISSING_OWNER
lead_online,LEAD ONLINE,142,G00759,1,LEAD,0,True,False,,,,REVIEW_STRUCTURE,CONTACT_VIA_FB_ONLY|MISSING_OWNER
lead_online,LEAD ONLINE,143,G00760,1,LEAD,0,True,False,,,,REVIEW_STRUCTURE,CONTACT_VIA_FB_ONLY|MISSING_OWNER
lead_online,LEAD ONLINE,144,G00761,1,LEAD,0,True,False,,,,REVIEW_STRUCTURE,CONTACT_VIA_FB_ONLY|MISSING_OWNER
lead_online,LEAD ONLINE,145,G00762,1,LEAD,0,True,False,,,,REVIEW_STRUCTURE,CONTACT_VIA_FB_ONLY|MISSING_OWNER
lead_online,LEAD ONLINE,146,G00763,1,LEAD,0,True,False,,,,REVIEW_STRUCTURE,CONTACT_VIA_FB_ONLY|MISSING_OWNER
lead_online,LEAD ONLINE,147,G00764,1,LEAD,0,True,False,,,,REVIEW_STRUCTURE,CONTACT_VIA_FB_ONLY|MISSING_OWNER
lead_online,LEAD ONLINE,148,G00765,1,LEAD,0,True,False,,,,REVIEW_STRUCTURE,CONTACT_VIA_FB_ONLY|MISSING_OWNER
lead_online,LEAD ONLINE,149,G00766,1,LEAD,0,True,False,,,,REVIEW_STRUCTURE,CONTACT_VIA_FB_ONLY|MISSING_OWNER
lead_online,LEAD ONLINE,150,G00767,1,LEAD,0,True,False,,,,REVIEW_STRUCTURE,CONTACT_VIA_FB_ONLY|MISSING_OWNER
lead_online,LEAD ONLINE,151,G00768,1,LEAD,0,True,False,,,,REVIEW_STRUCTURE,CONTACT_VIA_FB_ONLY|MISSING_OWNER
lead_online,LEAD ONLINE,152,G01334,2,LEAD,1,True,False,Trinh,,,MAPPING_OR_PAYMENT_APPROVAL_PENDING,OWNER_APPROVAL_PENDING
lead_online,LEAD ONLINE,153,G01352,2,LEAD,1,False,False,Bình,,,MAPPING_OR_PAYMENT_APPROVAL_PENDING,OWNER_APPROVAL_PENDING
lead_online,LEAD ONLINE,154,G01361,2,LEAD,1,False,False,Bình,,,MAPPING_OR_PAYMENT_APPROVAL_PENDING,OWNER_APPROVAL_PENDING
lead_online,LEAD ONLINE,155,G00769,1,LEAD,1,False,False,Trinh,,,MAPPING_OR_PAYMENT_APPROVAL_PENDING,OWNER_APPROVAL_PENDING
lead_online,LEAD ONLINE,156,G00770,3,LEAD,1,False,False,Thư,,,MAPPING_OR_PAYMENT_APPROVAL_PENDING,OWNER_APPROVAL_PENDING
lead_online,LEAD ONLINE,157,G00343,3,LEAD,1,False,False,Trinh,,,MAPPING_OR_PAYMENT_APPROVAL_PENDING,OWNER_APPROVAL_PENDING
lead_online,LEAD ONLINE,158,G00771,1,LEAD,1,False,False,Trinh,,,MAPPING_OR_PAYMENT_APPROVAL_PENDING,OWNER_APPROVAL_PENDING
lead_online,LEAD ONLINE,159,G01393,2,LEAD,1,False,False,Thư,,,MAPPING_OR_PAYMENT_APPROVAL_PENDING,OWNER_APPROVAL_PENDING
lead_online,LEAD ONLINE,160,G01395,2,LEAD,1,False,False,Thư,,,MAPPING_OR_PAYMENT_APPROVAL_PENDING,OWNER_APPROVAL_PENDING
lead_online,LEAD ONLINE,161,G01394,2,LEAD,1,False,False,Thư,,,MAPPING_OR_PAYMENT_APPROVAL_PENDING,OWNER_APPROVAL_PENDING
lead_online,LEAD ONLINE,162,G00772,1,LEAD,1,False,False,Trinh,,,MAPPING_OR_PAYMENT_APPROVAL_PENDING,OWNER_APPROVAL_PENDING
lead_online,LEAD ONLINE,163,G00773,1,LEAD,1,False,False,Bình,,,MAPPING_OR_PAYMENT_APPROVAL_PENDING,OWNER_APPROVAL_PENDING
lead_online,LEAD ONLINE,164,G01396,2,LEAD,1,False,False,Thư,,,MAPPING_OR_PAYMENT_APPROVAL_PENDING,OWNER_APPROVAL_PENDING
lead_online,LEAD ONLINE,165,G00774,1,LEAD,1,False,False,Bình,,,MAPPING_OR_PAYMENT_APPROVAL_PENDING,OWNER_APPROVAL_PENDING
lead_online,LEAD ONLINE,166,G00775,1,LEAD,1,False,False,Thư,,,MAPPING_OR_PAYMENT_APPROVAL_PENDING,OWNER_APPROVAL_PENDING
lead_online,LEAD ONLINE,167,G00776,1,LEAD,1,False,False,Bình,,,MAPPING_OR_PAYMENT_APPROVAL_PENDING,OWNER_APPROVAL_PENDING
lead_online,LEAD ONLINE,168,G00777,1,LEAD,1,False,False,Bình,,,MAPPING_OR_PAYMENT_APPROVAL_PENDING,OWNER_APPROVAL_PENDING
lead_online,LEAD ONLINE,169,G00778,1,LEAD,1,False,False,Thư,,,MAPPING_OR_PAYMENT_APPROVAL_PENDING,OWNER_APPROVAL_PENDING
lead_online,LEAD ONLINE,170,G00779,1,LEAD,1,False,False,Bình,,,MAPPING_OR_PAYMENT_APPROVAL_PENDING,OWNER_APPROVAL_PENDING
lead_online,LEAD ONLINE,171,G00780,1,LEAD,1,False,False,Bình,,,MAPPING_OR_PAYMENT_APPROVAL_PENDING,OWNER_APPROVAL_PENDING
lead_online,LEAD ONLINE,172,G00781,1,LEAD,1,False,False,Bình,,,MAPPING_OR_PAYMENT_APPROVAL_PENDING,OWNER_APPROVAL_PENDING
lead_online,LEAD ONLINE,173,G00782,1,LEAD,1,False,False,Bình,,,MAPPING_OR_PAYMENT_APPROVAL_PENDING,OWNER_APPROVAL_PENDING
lead_online,LEAD ONLINE,174,G00783,1,LEAD,1,False,False,Trinh,,,MAPPING_OR_PAYMENT_APPROVAL_PENDING,OWNER_APPROVAL_PENDING
lead_online,LEAD ONLINE,175,G00784,1,LEAD,1,False,False,Thư,,,MAPPING_OR_PAYMENT_APPROVAL_PENDING,OWNER_APPROVAL_PENDING
lead_online,LEAD ONLINE,176,G00785,1,LEAD,1,False,False,Thư,,,MAPPING_OR_PAYMENT_APPROVAL_PENDING,OWNER_APPROVAL_PENDING
lead_online,LEAD ONLINE,177,G00786,1,LEAD,1,False,False,Bình,,,MAPPING_OR_PAYMENT_APPROVAL_PENDING,OWNER_APPROVAL_PENDING
lead_online,LEAD ONLINE,178,G00787,1,LEAD,1,False,False,Thư,,,MAPPING_OR_PAYMENT_APPROVAL_PENDING,OWNER_APPROVAL_PENDING
lead_online,LEAD ONLINE,179,G00788,1,LEAD,1,False,False,Bình,,,MAPPING_OR_PAYMENT_APPROVAL_PENDING,OWNER_APPROVAL_PENDING
lead_online,LEAD ONLINE,180,G00789,2,LEAD,1,False,False,Thư,,,MAPPING_OR_PAYMENT_APPROVAL_PENDING,OWNER_APPROVAL_PENDING
lead_online,LEAD ONLINE,181,G00790,1,LEAD,1,False,False,Bình,,,MAPPING_OR_PAYMENT_APPROVAL_PENDING,OWNER_APPROVAL_PENDING
lead_online,LEAD ONLINE,182,G00791,1,LEAD,1,False,False,Thư,,,MAPPING_OR_PAYMENT_APPROVAL_PENDING,OWNER_APPROVAL_PENDING
lead_online,LEAD ONLINE,183,G00792,1,LEAD,1,False,False,Bình,,,MAPPING_OR_PAYMENT_APPROVAL_PENDING,OWNER_APPROVAL_PENDING
lead_online,LEAD ONLINE,184,G00793,1,LEAD,1,False,False,Thư,,,MAPPING_OR_PAYMENT_APPROVAL_PENDING,OWNER_APPROVAL_PENDING
lead_online,LEAD ONLINE,185,G00794,1,LEAD,0,False,False,Bình,,,REVIEW_STRUCTURE,NO_VALID_CONTACT|OWNER_APPROVAL_PENDING
lead_online,LEAD ONLINE,186,G00795,1,LEAD,1,False,False,Thư,,,MAPPING_OR_PAYMENT_APPROVAL_PENDING,OWNER_APPROVAL_PENDING
lead_online,LEAD ONLINE,187,G00796,1,LEAD,1,False,False,Thư,,,MAPPING_OR_PAYMENT_APPROVAL_PENDING,OWNER_APPROVAL_PENDING
lead_online,LEAD ONLINE,188,G00797,1,LEAD,1,False,False,Bình,,,MAPPING_OR_PAYMENT_APPROVAL_PENDING,OWNER_APPROVAL_PENDING
lead_online,LEAD ONLINE,189,G00798,1,LEAD,1,False,False,Thư,,,MAPPING_OR_PAYMENT_APPROVAL_PENDING,OWNER_APPROVAL_PENDING
lead_online,LEAD ONLINE,190,G00799,1,LEAD,1,False,False,Bình,,,MAPPING_OR_PAYMENT_APPROVAL_PENDING,OWNER_APPROVAL_PENDING
lead_online,LEAD ONLINE,191,G00800,1,LEAD,1,False,False,Thư,,,MAPPING_OR_PAYMENT_APPROVAL_PENDING,OWNER_APPROVAL_PENDING
lead_online,LEAD ONLINE,192,G00801,1,LEAD,1,False,False,Bình,,,MAPPING_OR_PAYMENT_APPROVAL_PENDING,OWNER_APPROVAL_PENDING
lead_online,LEAD ONLINE,193,G00802,1,LEAD,1,False,False,Thư,,,MAPPING_OR_PAYMENT_APPROVAL_PENDING,OWNER_APPROVAL_PENDING
lead_online,LEAD ONLINE,194,G00803,1,LEAD,1,False,False,Bình,,,MAPPING_OR_PAYMENT_APPROVAL_PENDING,OWNER_APPROVAL_PENDING
lead_online,LEAD ONLINE,195,G00804,2,LEAD,1,False,False,Thư,,,MAPPING_OR_PAYMENT_APPROVAL_PENDING,OWNER_APPROVAL_PENDING
lead_online,LEAD ONLINE,196,G00805,1,LEAD,1,False,False,Bình,,,MAPPING_OR_PAYMENT_APPROVAL_PENDING,OWNER_APPROVAL_PENDING
lead_online,LEAD ONLINE,197,G00806,1,LEAD,1,False,False,Thư,,,MAPPING_OR_PAYMENT_APPROVAL_PENDING,OWNER_APPROVAL_PENDING
lead_online,LEAD ONLINE,198,G00807,1,LEAD,1,False,False,Bình,,,MAPPING_OR_PAYMENT_APPROVAL_PENDING,OWNER_APPROVAL_PENDING
lead_online,LEAD ONLINE,199,G00808,1,LEAD,1,False,False,Thư,,,MAPPING_OR_PAYMENT_APPROVAL_PENDING,OWNER_APPROVAL_PENDING
lead_online,LEAD ONLINE,200,G00809,2,LEAD,1,False,False,Bình,,,MAPPING_OR_PAYMENT_APPROVAL_PENDING,OWNER_APPROVAL_PENDING
lead_online,LEAD ONLINE,201,G00810,1,LEAD,1,False,False,Thư,,,MAPPING_OR_PAYMENT_APPROVAL_PENDING,OWNER_APPROVAL_PENDING
lead_online,LEAD ONLINE,202,G00811,1,LEAD,1,False,False,Bình,,,MAPPING_OR_PAYMENT_APPROVAL_PENDING,OWNER_APPROVAL_PENDING
lead_online,LEAD ONLINE,203,G00812,1,LEAD,1,False,False,Thư,,,MAPPING_OR_PAYMENT_APPROVAL_PENDING,OWNER_APPROVAL_PENDING
lead_online,LEAD ONLINE,204,G00813,1,LEAD,1,False,False,Bình,,,MAPPING_OR_PAYMENT_APPROVAL_PENDING,OWNER_APPROVAL_PENDING
lead_online,LEAD ONLINE,205,G00814,2,LEAD,1,False,False,Thư,,,MAPPING_OR_PAYMENT_APPROVAL_PENDING,OWNER_APPROVAL_PENDING
lead_online,LEAD ONLINE,206,G00815,1,LEAD,1,False,False,Bình,,,MAPPING_OR_PAYMENT_APPROVAL_PENDING,OWNER_APPROVAL_PENDING
lead_online,LEAD ONLINE,207,G00816,1,LEAD,1,False,False,Thư,,,MAPPING_OR_PAYMENT_APPROVAL_PENDING,OWNER_APPROVAL_PENDING
lead_online,LEAD ONLINE,208,G00817,1,LEAD,1,False,False,Bình,,,MAPPING_OR_PAYMENT_APPROVAL_PENDING,OWNER_APPROVAL_PENDING
lead_online,LEAD ONLINE,209,G00818,1,LEAD,1,False,False,Thư,,,MAPPING_OR_PAYMENT_APPROVAL_PENDING,OWNER_APPROVAL_PENDING
lead_online,LEAD ONLINE,210,G00819,1,LEAD,1,False,False,Bình,,,MAPPING_OR_PAYMENT_APPROVAL_PENDING,OWNER_APPROVAL_PENDING
lead_online,LEAD ONLINE,211,G00820,1,LEAD,1,False,False,Thư,,,MAPPING_OR_PAYMENT_APPROVAL_PENDING,OWNER_APPROVAL_PENDING
lead_online,LEAD ONLINE,212,G00821,1,LEAD,1,False,False,Thư,,,MAPPING_OR_PAYMENT_APPROVAL_PENDING,OWNER_APPROVAL_PENDING
lead_online,LEAD ONLINE,213,G00822,1,LEAD,1,False,False,Bình,,,MAPPING_OR_PAYMENT_APPROVAL_PENDING,OWNER_APPROVAL_PENDING
lead_online,LEAD ONLINE,214,G00823,1,LEAD,1,False,False,Thư,,,MAPPING_OR_PAYMENT_APPROVAL_PENDING,OWNER_APPROVAL_PENDING
lead_online,LEAD ONLINE,215,G00824,1,LEAD,1,False,False,Bình,,,MAPPING_OR_PAYMENT_APPROVAL_PENDING,OWNER_APPROVAL_PENDING
lead_online,LEAD ONLINE,216,G00825,2,LEAD,1,False,False,Thư,,,MAPPING_OR_PAYMENT_APPROVAL_PENDING,OWNER_APPROVAL_PENDING
lead_online,LEAD ONLINE,217,G00826,2,LEAD,1,False,False,Bình,,,MAPPING_OR_PAYMENT_APPROVAL_PENDING,OWNER_APPROVAL_PENDING
lead_online,LEAD ONLINE,218,G00827,2,LEAD,1,False,False,Thư,,,MAPPING_OR_PAYMENT_APPROVAL_PENDING,OWNER_APPROVAL_PENDING
lead_online,LEAD ONLINE,219,G00828,1,LEAD,1,False,False,Bình,,,MAPPING_OR_PAYMENT_APPROVAL_PENDING,OWNER_APPROVAL_PENDING
lead_online,LEAD ONLINE,220,G00829,1,LEAD,1,False,False,Thư,,,MAPPING_OR_PAYMENT_APPROVAL_PENDING,OWNER_APPROVAL_PENDING
lead_online,LEAD ONLINE,221,G00830,1,LEAD,1,False,False,Bình,,,MAPPING_OR_PAYMENT_APPROVAL_PENDING,OWNER_APPROVAL_PENDING
lead_online,LEAD ONLINE,222,G00831,1,LEAD,1,False,False,Thư,,,MAPPING_OR_PAYMENT_APPROVAL_PENDING,OWNER_APPROVAL_PENDING
lead_online,LEAD ONLINE,223,G00832,1,LEAD,0,False,False,Bình,,,REVIEW_STRUCTURE,NO_VALID_CONTACT|OWNER_APPROVAL_PENDING
lead_online,LEAD ONLINE,224,G00833,1,LEAD,1,False,False,Thư,,,MAPPING_OR_PAYMENT_APPROVAL_PENDING,OWNER_APPROVAL_PENDING
lead_online,LEAD ONLINE,225,G00834,1,LEAD,1,False,False,Bình,,,MAPPING_OR_PAYMENT_APPROVAL_PENDING,OWNER_APPROVAL_PENDING
lead_online,LEAD ONLINE,226,G00835,1,LEAD,0,False,False,Thư,,,REVIEW_STRUCTURE,NO_VALID_CONTACT|OWNER_APPROVAL_PENDING
lead_online,LEAD ONLINE,227,G00836,1,LEAD,1,False,False,Bình,,,MAPPING_OR_PAYMENT_APPROVAL_PENDING,OWNER_APPROVAL_PENDING
lead_online,LEAD ONLINE,228,G00837,1,LEAD,1,False,False,Thư,,,MAPPING_OR_PAYMENT_APPROVAL_PENDING,OWNER_APPROVAL_PENDING
lead_online,LEAD ONLINE,229,G00838,1,LEAD,1,False,False,Bình,,,MAPPING_OR_PAYMENT_APPROVAL_PENDING,OWNER_APPROVAL_PENDING
lead_online,LEAD ONLINE,230,G00839,1,LEAD,1,False,False,Thư,,,MAPPING_OR_PAYMENT_APPROVAL_PENDING,OWNER_APPROVAL_PENDING
lead_online,LEAD ONLINE,231,G00840,1,LEAD,1,False,False,Thư,,,MAPPING_OR_PAYMENT_APPROVAL_PENDING,OWNER_APPROVAL_PENDING
lead_online,LEAD ONLINE,232,G00841,1,LEAD,1,False,False,Bình,,,MAPPING_OR_PAYMENT_APPROVAL_PENDING,OWNER_APPROVAL_PENDING
lead_online,LEAD ONLINE,233,G00842,1,LEAD,1,False,False,Thư,,,MAPPING_OR_PAYMENT_APPROVAL_PENDING,OWNER_APPROVAL_PENDING
lead_online,LEAD ONLINE,234,G00843,1,LEAD,1,False,False,Bình,,,MAPPING_OR_PAYMENT_APPROVAL_PENDING,OWNER_APPROVAL_PENDING
lead_online,LEAD ONLINE,235,G00844,1,LEAD,1,False,False,Thư,,,MAPPING_OR_PAYMENT_APPROVAL_PENDING,OWNER_APPROVAL_PENDING
lead_online,LEAD ONLINE,236,G00845,2,LEAD,1,False,False,Bình,,,MAPPING_OR_PAYMENT_APPROVAL_PENDING,OWNER_APPROVAL_PENDING
lead_online,LEAD ONLINE,237,G00846,1,LEAD,0,True,False,Thư,,,MAPPING_OR_PAYMENT_APPROVAL_PENDING,CONTACT_VIA_FB_ONLY|OWNER_APPROVAL_PENDING
lead_online,LEAD ONLINE,238,G00847,1,LEAD,1,False,False,Bình,,,MAPPING_OR_PAYMENT_APPROVAL_PENDING,OWNER_APPROVAL_PENDING
lead_online,LEAD ONLINE,239,G00848,1,LEAD,1,False,False,Thư,,,MAPPING_OR_PAYMENT_APPROVAL_PENDING,OWNER_APPROVAL_PENDING
lead_online,LEAD ONLINE,240,G00849,1,LEAD,1,False,False,Bình,,,MAPPING_OR_PAYMENT_APPROVAL_PENDING,OWNER_APPROVAL_PENDING
lead_online,LEAD ONLINE,241,G00850,1,LEAD,1,False,False,Thư,,,MAPPING_OR_PAYMENT_APPROVAL_PENDING,OWNER_APPROVAL_PENDING
lead_online,LEAD ONLINE,242,G00851,1,LEAD,2,False,False,Bình,,,MAPPING_OR_PAYMENT_APPROVAL_PENDING,OWNER_APPROVAL_PENDING
lead_online,LEAD ONLINE,243,G00852,1,LEAD,1,False,False,Thư,,,MAPPING_OR_PAYMENT_APPROVAL_PENDING,OWNER_APPROVAL_PENDING
lead_online,LEAD ONLINE,244,G00853,1,LEAD,1,False,False,Bình,,,MAPPING_OR_PAYMENT_APPROVAL_PENDING,OWNER_APPROVAL_PENDING
lead_online,LEAD ONLINE,245,G00854,1,LEAD,1,False,False,Thư,,,MAPPING_OR_PAYMENT_APPROVAL_PENDING,OWNER_APPROVAL_PENDING
lead_online,LEAD ONLINE,246,G00855,1,LEAD,1,False,False,Bình,,,MAPPING_OR_PAYMENT_APPROVAL_PENDING,OWNER_APPROVAL_PENDING
lead_online,LEAD ONLINE,247,G00856,1,LEAD,1,False,False,Thư,,,MAPPING_OR_PAYMENT_APPROVAL_PENDING,OWNER_APPROVAL_PENDING
lead_online,LEAD ONLINE,248,G00857,1,LEAD,1,False,False,Bình,,,MAPPING_OR_PAYMENT_APPROVAL_PENDING,OWNER_APPROVAL_PENDING
lead_online,LEAD ONLINE,249,G00858,2,LEAD,1,False,False,Thư,,,MAPPING_OR_PAYMENT_APPROVAL_PENDING,OWNER_APPROVAL_PENDING
lead_online,LEAD ONLINE,250,G00859,1,LEAD,1,False,False,Bình,,,MAPPING_OR_PAYMENT_APPROVAL_PENDING,OWNER_APPROVAL_PENDING
lead_online,LEAD ONLINE,251,G00860,1,LEAD,1,False,False,Thư,,,MAPPING_OR_PAYMENT_APPROVAL_PENDING,OWNER_APPROVAL_PENDING
lead_online,LEAD ONLINE,252,G00861,1,LEAD,1,False,False,Bình,,,MAPPING_OR_PAYMENT_APPROVAL_PENDING,OWNER_APPROVAL_PENDING
lead_online,LEAD ONLINE,253,G00862,1,LEAD,1,False,False,Thư,,,MAPPING_OR_PAYMENT_APPROVAL_PENDING,OWNER_APPROVAL_PENDING
lead_online,LEAD ONLINE,254,G00863,1,LEAD,1,False,False,Bình,,,MAPPING_OR_PAYMENT_APPROVAL_PENDING,OWNER_APPROVAL_PENDING
lead_online,LEAD ONLINE,255,G00864,1,LEAD,1,False,False,Thư,,,MAPPING_OR_PAYMENT_APPROVAL_PENDING,OWNER_APPROVAL_PENDING
lead_online,LEAD ONLINE,256,G00865,1,LEAD,1,False,False,Bình,,,MAPPING_OR_PAYMENT_APPROVAL_PENDING,OWNER_APPROVAL_PENDING
lead_online,LEAD ONLINE,257,G00866,1,LEAD,1,False,False,Thư,,,MAPPING_OR_PAYMENT_APPROVAL_PENDING,OWNER_APPROVAL_PENDING
lead_online,LEAD ONLINE,258,G00867,1,LEAD,1,False,False,Bình,,,MAPPING_OR_PAYMENT_APPROVAL_PENDING,OWNER_APPROVAL_PENDING
lead_online,LEAD ONLINE,259,G00868,1,LEAD,1,False,False,Thư,,,MAPPING_OR_PAYMENT_APPROVAL_PENDING,OWNER_APPROVAL_PENDING
lead_online,LEAD ONLINE,260,G00869,1,LEAD,1,False,False,Bình,,,MAPPING_OR_PAYMENT_APPROVAL_PENDING,OWNER_APPROVAL_PENDING
lead_online,LEAD ONLINE,261,G00870,1,LEAD,1,False,False,Thư,,,MAPPING_OR_PAYMENT_APPROVAL_PENDING,OWNER_APPROVAL_PENDING
lead_online,LEAD ONLINE,262,G00871,1,LEAD,1,False,False,Bình,,,MAPPING_OR_PAYMENT_APPROVAL_PENDING,OWNER_APPROVAL_PENDING
lead_online,LEAD ONLINE,263,G00872,1,LEAD,0,True,False,Thư,,,MAPPING_OR_PAYMENT_APPROVAL_PENDING,CONTACT_VIA_FB_ONLY|OWNER_APPROVAL_PENDING
lead_online,LEAD ONLINE,264,G00873,1,LEAD,1,False,False,Bình,,,MAPPING_OR_PAYMENT_APPROVAL_PENDING,OWNER_APPROVAL_PENDING
lead_online,LEAD ONLINE,265,G00874,1,LEAD,1,False,False,Thư,,,MAPPING_OR_PAYMENT_APPROVAL_PENDING,OWNER_APPROVAL_PENDING
lead_online,LEAD ONLINE,266,G00875,1,LEAD,1,False,False,Bình,,,MAPPING_OR_PAYMENT_APPROVAL_PENDING,OWNER_APPROVAL_PENDING
lead_online,LEAD ONLINE,267,G00876,1,LEAD,1,False,False,Thư,,,MAPPING_OR_PAYMENT_APPROVAL_PENDING,OWNER_APPROVAL_PENDING
lead_online,LEAD ONLINE,268,G00877,1,LEAD,0,True,False,Bình,,,MAPPING_OR_PAYMENT_APPROVAL_PENDING,CONTACT_VIA_FB_ONLY|OWNER_APPROVAL_PENDING
lead_online,LEAD ONLINE,269,G00878,1,LEAD,1,False,False,Thư,,,MAPPING_OR_PAYMENT_APPROVAL_PENDING,OWNER_APPROVAL_PENDING
lead_online,LEAD ONLINE,270,G00879,1,LEAD,1,False,False,Bình,,,MAPPING_OR_PAYMENT_APPROVAL_PENDING,OWNER_APPROVAL_PENDING
lead_online,LEAD ONLINE,271,G00880,1,LEAD,1,False,False,Thư,,,MAPPING_OR_PAYMENT_APPROVAL_PENDING,OWNER_APPROVAL_PENDING
lead_online,LEAD ONLINE,272,G00881,1,LEAD,2,False,False,Bình,,,MAPPING_OR_PAYMENT_APPROVAL_PENDING,OWNER_APPROVAL_PENDING
lead_online,LEAD ONLINE,273,G00882,1,LEAD,1,False,False,Thư,,,MAPPING_OR_PAYMENT_APPROVAL_PENDING,OWNER_APPROVAL_PENDING
lead_online,LEAD ONLINE,274,G00883,1,LEAD,1,False,False,Bình,,,MAPPING_OR_PAYMENT_APPROVAL_PENDING,OWNER_APPROVAL_PENDING
lead_online,LEAD ONLINE,275,G00884,1,LEAD,1,False,False,Thư,,,MAPPING_OR_PAYMENT_APPROVAL_PENDING,OWNER_APPROVAL_PENDING
lead_online,LEAD ONLINE,276,G00885,1,LEAD,1,False,False,Bình,,,MAPPING_OR_PAYMENT_APPROVAL_PENDING,OWNER_APPROVAL_PENDING
lead_online,LEAD ONLINE,277,G00886,1,LEAD,1,False,False,Thư,,,MAPPING_OR_PAYMENT_APPROVAL_PENDING,OWNER_APPROVAL_PENDING
lead_online,LEAD ONLINE,278,G00887,1,LEAD,1,False,False,Bình,,,MAPPING_OR_PAYMENT_APPROVAL_PENDING,OWNER_APPROVAL_PENDING
lead_online,LEAD ONLINE,279,G00888,2,LEAD,1,False,False,Thư,,,MAPPING_OR_PAYMENT_APPROVAL_PENDING,OWNER_APPROVAL_PENDING
lead_online,LEAD ONLINE,280,G00889,1,LEAD,0,False,False,Thư,,,REVIEW_STRUCTURE,NO_VALID_CONTACT|OWNER_APPROVAL_PENDING
lead_online,LEAD ONLINE,281,G00890,1,LEAD,1,False,False,Bình,,,MAPPING_OR_PAYMENT_APPROVAL_PENDING,OWNER_APPROVAL_PENDING
lead_online,LEAD ONLINE,282,G00891,1,LEAD,0,False,False,Bình,,,REVIEW_STRUCTURE,NO_VALID_CONTACT|OWNER_APPROVAL_PENDING
lead_online,LEAD ONLINE,283,G00892,1,LEAD,1,False,False,Thư,,,MAPPING_OR_PAYMENT_APPROVAL_PENDING,OWNER_APPROVAL_PENDING
lead_online,LEAD ONLINE,284,G00893,1,LEAD,1,False,False,Bình,,,MAPPING_OR_PAYMENT_APPROVAL_PENDING,OWNER_APPROVAL_PENDING
lead_online,LEAD ONLINE,285,G00894,1,LEAD,1,False,False,Thư,,,MAPPING_OR_PAYMENT_APPROVAL_PENDING,OWNER_APPROVAL_PENDING
lead_online,LEAD ONLINE,286,G00895,2,LEAD,1,False,False,Bình,,,MAPPING_OR_PAYMENT_APPROVAL_PENDING,OWNER_APPROVAL_PENDING
lead_online,LEAD ONLINE,287,G00896,1,LEAD,1,False,False,Thư,,,MAPPING_OR_PAYMENT_APPROVAL_PENDING,OWNER_APPROVAL_PENDING
lead_online,LEAD ONLINE,288,G00897,1,LEAD,1,False,False,Bình,,,MAPPING_OR_PAYMENT_APPROVAL_PENDING,OWNER_APPROVAL_PENDING
lead_online,LEAD ONLINE,289,G00898,1,LEAD,1,False,False,Thư,,,MAPPING_OR_PAYMENT_APPROVAL_PENDING,OWNER_APPROVAL_PENDING
lead_online,LEAD ONLINE,290,G00899,1,LEAD,1,False,False,Bình,,,MAPPING_OR_PAYMENT_APPROVAL_PENDING,OWNER_APPROVAL_PENDING
lead_online,LEAD ONLINE,291,G00900,1,LEAD,1,False,False,Thư,,,MAPPING_OR_PAYMENT_APPROVAL_PENDING,OWNER_APPROVAL_PENDING
lead_online,LEAD ONLINE,292,G00901,1,LEAD,1,False,False,Bình,,,MAPPING_OR_PAYMENT_APPROVAL_PENDING,OWNER_APPROVAL_PENDING
lead_online,LEAD ONLINE,293,G00902,1,LEAD,1,False,False,Thư,,,MAPPING_OR_PAYMENT_APPROVAL_PENDING,OWNER_APPROVAL_PENDING
lead_online,LEAD ONLINE,294,G00903,1,LEAD,1,False,False,Bình,,,MAPPING_OR_PAYMENT_APPROVAL_PENDING,OWNER_APPROVAL_PENDING
lead_online,LEAD ONLINE,295,G00904,1,LEAD,1,False,False,Thư,,,MAPPING_OR_PAYMENT_APPROVAL_PENDING,OWNER_APPROVAL_PENDING
lead_online,LEAD ONLINE,296,G00905,1,LEAD,1,False,False,Bình,,,MAPPING_OR_PAYMENT_APPROVAL_PENDING,OWNER_APPROVAL_PENDING
lead_online,LEAD ONLINE,297,G00906,1,LEAD,1,False,False,Thư,,,MAPPING_OR_PAYMENT_APPROVAL_PENDING,OWNER_APPROVAL_PENDING
lead_online,LEAD ONLINE,298,G00907,1,LEAD,1,False,False,Bình,,,MAPPING_OR_PAYMENT_APPROVAL_PENDING,OWNER_APPROVAL_PENDING
lead_online,LEAD ONLINE,299,G00908,1,LEAD,1,False,False,Bình,,,MAPPING_OR_PAYMENT_APPROVAL_PENDING,OWNER_APPROVAL_PENDING
lead_online,LEAD ONLINE,300,G00909,1,LEAD,1,False,False,Thư,,,MAPPING_OR_PAYMENT_APPROVAL_PENDING,OWNER_APPROVAL_PENDING
lead_online,LEAD ONLINE,301,G00910,1,LEAD,1,False,False,Bình,,,MAPPING_OR_PAYMENT_APPROVAL_PENDING,OWNER_APPROVAL_PENDING
lead_online,LEAD ONLINE,302,G00911,1,LEAD,1,False,False,Thư,,,MAPPING_OR_PAYMENT_APPROVAL_PENDING,OWNER_APPROVAL_PENDING
lead_online,LEAD ONLINE,303,G00912,1,LEAD,1,False,False,Thư,,,MAPPING_OR_PAYMENT_APPROVAL_PENDING,OWNER_APPROVAL_PENDING
lead_online,LEAD ONLINE,304,G00913,1,LEAD,1,False,False,Bình,,,MAPPING_OR_PAYMENT_APPROVAL_PENDING,OWNER_APPROVAL_PENDING
lead_online,LEAD ONLINE,305,G00914,1,LEAD,1,False,False,Thư,,,MAPPING_OR_PAYMENT_APPROVAL_PENDING,OWNER_APPROVAL_PENDING
lead_online,LEAD ONLINE,306,G00915,1,LEAD,1,False,False,Bình,,,MAPPING_OR_PAYMENT_APPROVAL_PENDING,OWNER_APPROVAL_PENDING
lead_online,LEAD ONLINE,307,G00916,1,LEAD,1,False,False,Thư,,,MAPPING_OR_PAYMENT_APPROVAL_PENDING,OWNER_APPROVAL_PENDING
lead_online,LEAD ONLINE,308,G00917,1,LEAD,1,False,False,Bình,,,MAPPING_OR_PAYMENT_APPROVAL_PENDING,OWNER_APPROVAL_PENDING
lead_online,LEAD ONLINE,309,G00918,1,LEAD,0,False,False,Thư,,,REVIEW_STRUCTURE,NO_VALID_CONTACT|OWNER_APPROVAL_PENDING
lead_online,LEAD ONLINE,310,G00919,1,LEAD,1,False,False,Bình,,,MAPPING_OR_PAYMENT_APPROVAL_PENDING,OWNER_APPROVAL_PENDING
lead_online,LEAD ONLINE,311,G00920,1,LEAD,1,False,False,Thư,,,MAPPING_OR_PAYMENT_APPROVAL_PENDING,OWNER_APPROVAL_PENDING
lead_online,LEAD ONLINE,312,G00921,1,LEAD,1,False,False,Bình,,,MAPPING_OR_PAYMENT_APPROVAL_PENDING,OWNER_APPROVAL_PENDING
lead_online,LEAD ONLINE,313,G00922,1,LEAD,1,False,False,Thư,,,MAPPING_OR_PAYMENT_APPROVAL_PENDING,OWNER_APPROVAL_PENDING
lead_online,LEAD ONLINE,314,G00923,2,LEAD,1,False,False,Thư,,,MAPPING_OR_PAYMENT_APPROVAL_PENDING,OWNER_APPROVAL_PENDING
lead_online,LEAD ONLINE,315,G00924,1,LEAD,1,False,False,Bình,,,MAPPING_OR_PAYMENT_APPROVAL_PENDING,OWNER_APPROVAL_PENDING
lead_online,LEAD ONLINE,316,G00925,1,LEAD,1,False,False,Thư,,,MAPPING_OR_PAYMENT_APPROVAL_PENDING,OWNER_APPROVAL_PENDING
lead_online,LEAD ONLINE,317,G00926,2,LEAD,1,False,False,Bình,,,MAPPING_OR_PAYMENT_APPROVAL_PENDING,OWNER_APPROVAL_PENDING
lead_online,LEAD ONLINE,318,G00927,1,LEAD,1,False,False,Thư,,,MAPPING_OR_PAYMENT_APPROVAL_PENDING,OWNER_APPROVAL_PENDING
lead_online,LEAD ONLINE,319,G00928,1,LEAD,1,False,False,Bình,,,MAPPING_OR_PAYMENT_APPROVAL_PENDING,OWNER_APPROVAL_PENDING
lead_online,LEAD ONLINE,320,G00929,1,LEAD,1,False,False,Thư,,,MAPPING_OR_PAYMENT_APPROVAL_PENDING,OWNER_APPROVAL_PENDING
lead_online,LEAD ONLINE,321,G00930,1,LEAD,1,False,False,Bình,,,MAPPING_OR_PAYMENT_APPROVAL_PENDING,OWNER_APPROVAL_PENDING
lead_online,LEAD ONLINE,322,G00931,1,LEAD,1,False,False,Thư,,,MAPPING_OR_PAYMENT_APPROVAL_PENDING,OWNER_APPROVAL_PENDING
lead_online,LEAD ONLINE,323,G00932,1,LEAD,1,False,False,Bình,,,MAPPING_OR_PAYMENT_APPROVAL_PENDING,OWNER_APPROVAL_PENDING
lead_online,LEAD ONLINE,324,G00933,1,LEAD,1,False,False,Thư,,,MAPPING_OR_PAYMENT_APPROVAL_PENDING,OWNER_APPROVAL_PENDING
lead_online,LEAD ONLINE,325,G00934,1,LEAD,1,False,False,Bình,,,MAPPING_OR_PAYMENT_APPROVAL_PENDING,OWNER_APPROVAL_PENDING
lead_online,LEAD ONLINE,326,G00935,1,LEAD,1,False,False,Thư,,,MAPPING_OR_PAYMENT_APPROVAL_PENDING,OWNER_APPROVAL_PENDING
lead_online,LEAD ONLINE,327,G00936,1,LEAD,1,False,False,Bình,,,MAPPING_OR_PAYMENT_APPROVAL_PENDING,OWNER_APPROVAL_PENDING
lead_online,LEAD ONLINE,328,G00937,1,LEAD,1,False,False,Thư,,,MAPPING_OR_PAYMENT_APPROVAL_PENDING,OWNER_APPROVAL_PENDING
lead_online,LEAD ONLINE,329,G00938,1,LEAD,1,False,False,Bình,,,MAPPING_OR_PAYMENT_APPROVAL_PENDING,OWNER_APPROVAL_PENDING
lead_online,LEAD ONLINE,330,G00939,1,LEAD,1,False,False,Thư,,,MAPPING_OR_PAYMENT_APPROVAL_PENDING,OWNER_APPROVAL_PENDING
lead_online,LEAD ONLINE,331,G00940,1,LEAD,1,False,False,Bình,,,MAPPING_OR_PAYMENT_APPROVAL_PENDING,OWNER_APPROVAL_PENDING
lead_online,LEAD ONLINE,332,G00941,1,LEAD,1,False,False,Thư,,,MAPPING_OR_PAYMENT_APPROVAL_PENDING,OWNER_APPROVAL_PENDING
lead_online,LEAD ONLINE,333,G00942,1,LEAD,1,False,False,Bình,,,MAPPING_OR_PAYMENT_APPROVAL_PENDING,OWNER_APPROVAL_PENDING
lead_online,LEAD ONLINE,334,G00943,1,LEAD,1,False,False,Thư,,,MAPPING_OR_PAYMENT_APPROVAL_PENDING,OWNER_APPROVAL_PENDING
lead_online,LEAD ONLINE,335,G00944,1,LEAD,1,False,False,Bình,,,MAPPING_OR_PAYMENT_APPROVAL_PENDING,OWNER_APPROVAL_PENDING
lead_online,LEAD ONLINE,336,G00945,1,LEAD,1,False,False,Thư,,,MAPPING_OR_PAYMENT_APPROVAL_PENDING,OWNER_APPROVAL_PENDING
lead_online,LEAD ONLINE,337,G00946,1,LEAD,1,False,False,Bình,,,MAPPING_OR_PAYMENT_APPROVAL_PENDING,OWNER_APPROVAL_PENDING
lead_online,LEAD ONLINE,338,G00947,1,LEAD,1,False,False,Bình,,,MAPPING_OR_PAYMENT_APPROVAL_PENDING,OWNER_APPROVAL_PENDING
lead_online,LEAD ONLINE,339,G00948,1,LEAD,1,False,False,Thư,,,MAPPING_OR_PAYMENT_APPROVAL_PENDING,OWNER_APPROVAL_PENDING
lead_online,LEAD ONLINE,340,G00949,1,LEAD,1,False,False,Thư,,,MAPPING_OR_PAYMENT_APPROVAL_PENDING,OWNER_APPROVAL_PENDING
lead_online,LEAD ONLINE,341,G00950,1,LEAD,1,False,False,Bình,,,MAPPING_OR_PAYMENT_APPROVAL_PENDING,OWNER_APPROVAL_PENDING
lead_online,LEAD ONLINE,342,G00951,2,LEAD,1,False,False,Thư,,,MAPPING_OR_PAYMENT_APPROVAL_PENDING,OWNER_APPROVAL_PENDING
lead_online,LEAD ONLINE,343,G00952,1,LEAD,1,False,False,Bình,,,MAPPING_OR_PAYMENT_APPROVAL_PENDING,OWNER_APPROVAL_PENDING
lead_online,LEAD ONLINE,344,G00953,1,LEAD,1,False,False,Thư,,,MAPPING_OR_PAYMENT_APPROVAL_PENDING,OWNER_APPROVAL_PENDING
lead_online,LEAD ONLINE,345,G00954,1,LEAD,1,False,False,Bình,,,MAPPING_OR_PAYMENT_APPROVAL_PENDING,OWNER_APPROVAL_PENDING
lead_online,LEAD ONLINE,346,G00955,1,LEAD,1,False,False,Thư,,,MAPPING_OR_PAYMENT_APPROVAL_PENDING,OWNER_APPROVAL_PENDING
lead_online,LEAD ONLINE,347,G00408,3,LEAD,1,False,False,Bình,,,MAPPING_OR_PAYMENT_APPROVAL_PENDING,OWNER_APPROVAL_PENDING
lead_online,LEAD ONLINE,348,G00956,1,LEAD,1,False,False,Thư,,,MAPPING_OR_PAYMENT_APPROVAL_PENDING,OWNER_APPROVAL_PENDING
lead_online,LEAD ONLINE,349,G00957,1,LEAD,1,False,False,Bình,,,MAPPING_OR_PAYMENT_APPROVAL_PENDING,OWNER_APPROVAL_PENDING
lead_online,LEAD ONLINE,350,G00958,1,LEAD,1,False,False,Thư,,,MAPPING_OR_PAYMENT_APPROVAL_PENDING,OWNER_APPROVAL_PENDING
lead_online,LEAD ONLINE,351,G00959,1,LEAD,1,False,False,Bình,,,MAPPING_OR_PAYMENT_APPROVAL_PENDING,OWNER_APPROVAL_PENDING
lead_online,LEAD ONLINE,352,G00960,1,LEAD,1,False,False,Thư,,,MAPPING_OR_PAYMENT_APPROVAL_PENDING,OWNER_APPROVAL_PENDING
lead_online,LEAD ONLINE,353,G00961,1,LEAD,1,False,False,Bình,,,MAPPING_OR_PAYMENT_APPROVAL_PENDING,OWNER_APPROVAL_PENDING
lead_online,LEAD ONLINE,354,G00962,1,LEAD,1,False,False,Thư,,,MAPPING_OR_PAYMENT_APPROVAL_PENDING,OWNER_APPROVAL_PENDING
lead_online,LEAD ONLINE,355,G00963,1,LEAD,1,False,False,Bình,,,MAPPING_OR_PAYMENT_APPROVAL_PENDING,OWNER_APPROVAL_PENDING
lead_online,LEAD ONLINE,356,G00964,1,LEAD,1,False,False,Thư,,,MAPPING_OR_PAYMENT_APPROVAL_PENDING,OWNER_APPROVAL_PENDING
lead_online,LEAD ONLINE,357,G01045,2,LEAD,1,False,False,Bình,,,MAPPING_OR_PAYMENT_APPROVAL_PENDING,OWNER_APPROVAL_PENDING
lead_online,LEAD ONLINE,358,G00965,1,LEAD,1,False,False,Thư,,,MAPPING_OR_PAYMENT_APPROVAL_PENDING,OWNER_APPROVAL_PENDING
lead_online,LEAD ONLINE,359,G00966,1,LEAD,1,False,False,Bình,,,MAPPING_OR_PAYMENT_APPROVAL_PENDING,OWNER_APPROVAL_PENDING
lead_online,LEAD ONLINE,360,G00967,1,LEAD,1,False,False,Bình,,,MAPPING_OR_PAYMENT_APPROVAL_PENDING,OWNER_APPROVAL_PENDING
lead_online,LEAD ONLINE,361,G00968,1,LEAD,1,False,False,Thư,,,MAPPING_OR_PAYMENT_APPROVAL_PENDING,OWNER_APPROVAL_PENDING
lead_online,LEAD ONLINE,362,G00969,1,LEAD,1,False,False,Thư,,,MAPPING_OR_PAYMENT_APPROVAL_PENDING,OWNER_APPROVAL_PENDING
lead_online,LEAD ONLINE,363,G00970,1,LEAD,1,False,False,Thư,,,MAPPING_OR_PAYMENT_APPROVAL_PENDING,OWNER_APPROVAL_PENDING
lead_online,LEAD ONLINE,364,G00971,1,LEAD,1,False,False,Bình,,,MAPPING_OR_PAYMENT_APPROVAL_PENDING,OWNER_APPROVAL_PENDING
lead_online,LEAD ONLINE,365,G00972,1,LEAD,1,False,False,Thư,,,MAPPING_OR_PAYMENT_APPROVAL_PENDING,OWNER_APPROVAL_PENDING
lead_online,LEAD ONLINE,366,G00973,1,LEAD,1,False,False,Bình,,,MAPPING_OR_PAYMENT_APPROVAL_PENDING,OWNER_APPROVAL_PENDING
lead_online,LEAD ONLINE,367,G00974,1,LEAD,1,False,False,Thư,,,MAPPING_OR_PAYMENT_APPROVAL_PENDING,OWNER_APPROVAL_PENDING
lead_online,LEAD ONLINE,368,G00975,1,LEAD,1,False,False,Thư,,,MAPPING_OR_PAYMENT_APPROVAL_PENDING,OWNER_APPROVAL_PENDING
lead_online,LEAD ONLINE,369,G00976,1,LEAD,1,False,False,Bình,,,MAPPING_OR_PAYMENT_APPROVAL_PENDING,OWNER_APPROVAL_PENDING
lead_online,LEAD ONLINE,370,G00977,1,LEAD,1,False,False,Bình,,,MAPPING_OR_PAYMENT_APPROVAL_PENDING,OWNER_APPROVAL_PENDING
lead_online,LEAD ONLINE,371,G00978,1,LEAD,1,False,False,Thư,,,MAPPING_OR_PAYMENT_APPROVAL_PENDING,OWNER_APPROVAL_PENDING
lead_online,LEAD ONLINE,372,G00979,1,LEAD,1,False,False,Bình,,,MAPPING_OR_PAYMENT_APPROVAL_PENDING,OWNER_APPROVAL_PENDING
lead_online,LEAD ONLINE,373,G00980,1,LEAD,1,False,False,Thư,,,MAPPING_OR_PAYMENT_APPROVAL_PENDING,OWNER_APPROVAL_PENDING
lead_online,LEAD ONLINE,374,G00981,1,LEAD,1,False,False,Bình,,,MAPPING_OR_PAYMENT_APPROVAL_PENDING,OWNER_APPROVAL_PENDING
lead_online,LEAD ONLINE,375,G00982,1,LEAD,1,False,False,Thư,,,MAPPING_OR_PAYMENT_APPROVAL_PENDING,OWNER_APPROVAL_PENDING
lead_online,LEAD ONLINE,376,G00983,1,LEAD,1,False,False,Bình,,,MAPPING_OR_PAYMENT_APPROVAL_PENDING,OWNER_APPROVAL_PENDING
lead_online,LEAD ONLINE,377,G00984,1,LEAD,1,False,False,Thư,,,MAPPING_OR_PAYMENT_APPROVAL_PENDING,OWNER_APPROVAL_PENDING
lead_online,LEAD ONLINE,378,G00985,1,LEAD,1,False,False,Bình,,,MAPPING_OR_PAYMENT_APPROVAL_PENDING,OWNER_APPROVAL_PENDING
lead_online,LEAD ONLINE,379,G00986,1,LEAD,1,False,False,Thư,,,MAPPING_OR_PAYMENT_APPROVAL_PENDING,OWNER_APPROVAL_PENDING
lead_online,LEAD ONLINE,380,G00987,1,LEAD,1,False,False,Bình,,,MAPPING_OR_PAYMENT_APPROVAL_PENDING,OWNER_APPROVAL_PENDING
lead_online,LEAD ONLINE,381,G00988,1,LEAD,1,False,False,Thư,,,MAPPING_OR_PAYMENT_APPROVAL_PENDING,OWNER_APPROVAL_PENDING
lead_online,LEAD ONLINE,382,G00989,1,LEAD,1,False,False,Bình,,,MAPPING_OR_PAYMENT_APPROVAL_PENDING,OWNER_APPROVAL_PENDING
lead_online,LEAD ONLINE,383,G00990,1,LEAD,1,False,False,Thư,,,MAPPING_OR_PAYMENT_APPROVAL_PENDING,OWNER_APPROVAL_PENDING
lead_online,LEAD ONLINE,384,G00991,1,LEAD,1,False,False,Bình,,,MAPPING_OR_PAYMENT_APPROVAL_PENDING,OWNER_APPROVAL_PENDING
lead_online,LEAD ONLINE,385,G00992,1,LEAD,1,False,False,Thư,,,MAPPING_OR_PAYMENT_APPROVAL_PENDING,OWNER_APPROVAL_PENDING
lead_online,LEAD ONLINE,386,G00993,1,LEAD,1,False,False,Bình,,,MAPPING_OR_PAYMENT_APPROVAL_PENDING,OWNER_APPROVAL_PENDING
lead_online,LEAD ONLINE,387,G00994,1,LEAD,1,False,False,Thư,,,MAPPING_OR_PAYMENT_APPROVAL_PENDING,OWNER_APPROVAL_PENDING
lead_online,LEAD ONLINE,388,G00995,1,LEAD,1,False,False,Bình,,,MAPPING_OR_PAYMENT_APPROVAL_PENDING,OWNER_APPROVAL_PENDING
lead_online,LEAD ONLINE,389,G00996,1,LEAD,1,False,False,Thư,,,MAPPING_OR_PAYMENT_APPROVAL_PENDING,OWNER_APPROVAL_PENDING
lead_online,LEAD ONLINE,390,G00997,1,LEAD,1,False,False,Bình,,,MAPPING_OR_PAYMENT_APPROVAL_PENDING,OWNER_APPROVAL_PENDING
lead_online,LEAD ONLINE,391,G00998,1,LEAD,1,False,False,Thư,,,MAPPING_OR_PAYMENT_APPROVAL_PENDING,OWNER_APPROVAL_PENDING
lead_online,LEAD ONLINE,392,G00999,1,LEAD,1,False,False,Bình,,,MAPPING_OR_PAYMENT_APPROVAL_PENDING,OWNER_APPROVAL_PENDING
lead_online,LEAD ONLINE,393,G01000,1,LEAD,1,False,False,Thư,,,MAPPING_OR_PAYMENT_APPROVAL_PENDING,OWNER_APPROVAL_PENDING
lead_online,LEAD ONLINE,394,G01001,1,LEAD,1,False,False,Bình,,,MAPPING_OR_PAYMENT_APPROVAL_PENDING,OWNER_APPROVAL_PENDING
lead_online,LEAD ONLINE,395,G01002,1,LEAD,1,False,False,Thư,,,MAPPING_OR_PAYMENT_APPROVAL_PENDING,OWNER_APPROVAL_PENDING
lead_online,LEAD ONLINE,396,G01003,1,LEAD,1,False,False,Bình,,,MAPPING_OR_PAYMENT_APPROVAL_PENDING,OWNER_APPROVAL_PENDING
lead_online,LEAD ONLINE,397,G01004,1,LEAD,1,False,False,Thư,,,MAPPING_OR_PAYMENT_APPROVAL_PENDING,OWNER_APPROVAL_PENDING
lead_online,LEAD ONLINE,398,G01005,1,LEAD,1,False,False,Bình,,,MAPPING_OR_PAYMENT_APPROVAL_PENDING,OWNER_APPROVAL_PENDING
lead_online,LEAD ONLINE,399,G01006,1,LEAD,1,False,False,Thư,,,MAPPING_OR_PAYMENT_APPROVAL_PENDING,OWNER_APPROVAL_PENDING
lead_online,LEAD ONLINE,400,G01007,1,LEAD,1,False,False,Bình,,,MAPPING_OR_PAYMENT_APPROVAL_PENDING,OWNER_APPROVAL_PENDING
lead_online,LEAD ONLINE,401,G01008,1,LEAD,1,False,False,Thư,,,MAPPING_OR_PAYMENT_APPROVAL_PENDING,OWNER_APPROVAL_PENDING
lead_online,LEAD ONLINE,402,G01009,1,LEAD,1,False,False,Bình,,,MAPPING_OR_PAYMENT_APPROVAL_PENDING,OWNER_APPROVAL_PENDING
lead_online,LEAD ONLINE,403,G01010,1,LEAD,1,False,False,Thư,,,MAPPING_OR_PAYMENT_APPROVAL_PENDING,OWNER_APPROVAL_PENDING
lead_online,LEAD ONLINE,404,G01011,1,LEAD,1,False,False,Bình,,,MAPPING_OR_PAYMENT_APPROVAL_PENDING,OWNER_APPROVAL_PENDING
lead_online,LEAD ONLINE,405,G01012,1,LEAD,1,False,False,Thư,,,MAPPING_OR_PAYMENT_APPROVAL_PENDING,OWNER_APPROVAL_PENDING
lead_online,LEAD ONLINE,406,G01013,1,LEAD,1,False,False,Bình,,,MAPPING_OR_PAYMENT_APPROVAL_PENDING,OWNER_APPROVAL_PENDING
lead_online,LEAD ONLINE,407,G01014,1,LEAD,1,False,False,Thư,,,MAPPING_OR_PAYMENT_APPROVAL_PENDING,OWNER_APPROVAL_PENDING
lead_online,LEAD ONLINE,408,G01015,1,LEAD,1,False,False,Thư,,,MAPPING_OR_PAYMENT_APPROVAL_PENDING,OWNER_APPROVAL_PENDING
lead_online,LEAD ONLINE,409,G01016,1,LEAD,1,False,False,Bình,,,MAPPING_OR_PAYMENT_APPROVAL_PENDING,OWNER_APPROVAL_PENDING
lead_online,LEAD ONLINE,410,G01017,1,LEAD,1,False,False,Thư,,,MAPPING_OR_PAYMENT_APPROVAL_PENDING,OWNER_APPROVAL_PENDING
lead_online,LEAD ONLINE,411,G01018,1,LEAD,1,False,False,Bình,,,MAPPING_OR_PAYMENT_APPROVAL_PENDING,OWNER_APPROVAL_PENDING
lead_online,LEAD ONLINE,412,G01019,1,LEAD,1,False,False,Thư,,,MAPPING_OR_PAYMENT_APPROVAL_PENDING,OWNER_APPROVAL_PENDING
lead_online,LEAD ONLINE,413,G01020,1,LEAD,1,False,False,Bình,,,MAPPING_OR_PAYMENT_APPROVAL_PENDING,OWNER_APPROVAL_PENDING
lead_online,LEAD ONLINE,414,G01021,1,LEAD,1,False,False,Thư,,,MAPPING_OR_PAYMENT_APPROVAL_PENDING,OWNER_APPROVAL_PENDING
lead_online,LEAD ONLINE,415,G01022,1,LEAD,1,False,False,Bình,,,MAPPING_OR_PAYMENT_APPROVAL_PENDING,OWNER_APPROVAL_PENDING
lead_online,LEAD ONLINE,416,G01023,1,LEAD,1,False,False,Thư,,,MAPPING_OR_PAYMENT_APPROVAL_PENDING,OWNER_APPROVAL_PENDING
lead_online,LEAD ONLINE,417,G01024,1,LEAD,1,False,False,Bình,,,MAPPING_OR_PAYMENT_APPROVAL_PENDING,OWNER_APPROVAL_PENDING
lead_online,LEAD ONLINE,418,G01025,1,LEAD,1,False,False,Thư,,,MAPPING_OR_PAYMENT_APPROVAL_PENDING,OWNER_APPROVAL_PENDING
lead_online,LEAD ONLINE,419,G01026,1,LEAD,1,False,False,Bình,,,MAPPING_OR_PAYMENT_APPROVAL_PENDING,OWNER_APPROVAL_PENDING
lead_online,LEAD ONLINE,420,G01027,1,LEAD,1,False,False,Thư,,,MAPPING_OR_PAYMENT_APPROVAL_PENDING,OWNER_APPROVAL_PENDING
lead_online,LEAD ONLINE,421,G01028,1,LEAD,1,False,False,Bình,,,MAPPING_OR_PAYMENT_APPROVAL_PENDING,OWNER_APPROVAL_PENDING
lead_online,LEAD ONLINE,422,G01029,1,LEAD,1,False,False,Thư,,,MAPPING_OR_PAYMENT_APPROVAL_PENDING,OWNER_APPROVAL_PENDING
lead_online,LEAD ONLINE,423,G01030,1,LEAD,1,False,False,Bình,,,MAPPING_OR_PAYMENT_APPROVAL_PENDING,OWNER_APPROVAL_PENDING
lead_online,LEAD ONLINE,424,G01031,1,LEAD,1,False,False,Thư,,,MAPPING_OR_PAYMENT_APPROVAL_PENDING,OWNER_APPROVAL_PENDING
lead_online,LEAD ONLINE,425,G01032,1,LEAD,1,False,False,Bình,,,MAPPING_OR_PAYMENT_APPROVAL_PENDING,OWNER_APPROVAL_PENDING
lead_online,LEAD ONLINE,426,G01033,1,LEAD,1,False,False,Thư,,,MAPPING_OR_PAYMENT_APPROVAL_PENDING,OWNER_APPROVAL_PENDING
lead_online,LEAD ONLINE,427,G01034,1,LEAD,1,False,False,Bình,,,MAPPING_OR_PAYMENT_APPROVAL_PENDING,OWNER_APPROVAL_PENDING
lead_online,LEAD ONLINE,428,G01035,1,LEAD,1,False,False,Thư,,,MAPPING_OR_PAYMENT_APPROVAL_PENDING,OWNER_APPROVAL_PENDING
lead_online,LEAD ONLINE,429,G01036,1,LEAD,1,False,False,Bình,,,MAPPING_OR_PAYMENT_APPROVAL_PENDING,OWNER_APPROVAL_PENDING
lead_online,LEAD ONLINE,430,G01037,1,LEAD,1,False,False,Thư,,,MAPPING_OR_PAYMENT_APPROVAL_PENDING,OWNER_APPROVAL_PENDING
lead_online,LEAD ONLINE,431,G01038,1,LEAD,1,False,False,Bình,,,MAPPING_OR_PAYMENT_APPROVAL_PENDING,OWNER_APPROVAL_PENDING
lead_online,LEAD ONLINE,432,G01039,1,LEAD,1,False,False,Thư,,,MAPPING_OR_PAYMENT_APPROVAL_PENDING,OWNER_APPROVAL_PENDING
lead_online,LEAD ONLINE,433,G01040,1,LEAD,0,False,False,Bình,,,REVIEW_STRUCTURE,NO_VALID_CONTACT|OWNER_APPROVAL_PENDING
lead_online,LEAD ONLINE,434,G01041,1,LEAD,1,False,False,Thư,,,MAPPING_OR_PAYMENT_APPROVAL_PENDING,OWNER_APPROVAL_PENDING
lead_online,LEAD ONLINE,435,G01042,1,LEAD,1,False,False,Bình,,,MAPPING_OR_PAYMENT_APPROVAL_PENDING,OWNER_APPROVAL_PENDING
lead_online,LEAD ONLINE,436,G01043,1,LEAD,1,False,False,Thư,,,MAPPING_OR_PAYMENT_APPROVAL_PENDING,OWNER_APPROVAL_PENDING
lead_online,LEAD ONLINE,437,G01044,1,LEAD,1,False,False,Bình,,,MAPPING_OR_PAYMENT_APPROVAL_PENDING,OWNER_APPROVAL_PENDING
lead_online,LEAD ONLINE,438,G01045,2,LEAD,1,False,False,Thư,,,MAPPING_OR_PAYMENT_APPROVAL_PENDING,OWNER_APPROVAL_PENDING
lead_online,LEAD ONLINE,439,G01046,1,LEAD,1,False,False,Bình,,,MAPPING_OR_PAYMENT_APPROVAL_PENDING,OWNER_APPROVAL_PENDING
lead_online,LEAD ONLINE,440,G01047,1,LEAD,1,False,False,Thư,,,MAPPING_OR_PAYMENT_APPROVAL_PENDING,OWNER_APPROVAL_PENDING
lead_online,LEAD ONLINE,441,G01048,1,LEAD,1,False,False,Bình,,,MAPPING_OR_PAYMENT_APPROVAL_PENDING,OWNER_APPROVAL_PENDING
lead_online,LEAD ONLINE,442,G01049,1,LEAD,1,False,False,Thư,,,MAPPING_OR_PAYMENT_APPROVAL_PENDING,OWNER_APPROVAL_PENDING
lead_online,LEAD ONLINE,443,G01050,1,LEAD,1,False,False,Bình,,,MAPPING_OR_PAYMENT_APPROVAL_PENDING,OWNER_APPROVAL_PENDING
lead_online,LEAD ONLINE,444,G01051,1,LEAD,1,False,False,Thư,,,MAPPING_OR_PAYMENT_APPROVAL_PENDING,OWNER_APPROVAL_PENDING
lead_online,LEAD ONLINE,445,G01052,1,LEAD,1,False,False,Bình,,,MAPPING_OR_PAYMENT_APPROVAL_PENDING,OWNER_APPROVAL_PENDING
lead_online,LEAD ONLINE,446,G01053,1,LEAD,1,False,False,Thư,,,MAPPING_OR_PAYMENT_APPROVAL_PENDING,OWNER_APPROVAL_PENDING
lead_online,LEAD ONLINE,447,G01054,1,LEAD,1,False,False,Tính,,,MAPPING_OR_PAYMENT_APPROVAL_PENDING,OWNER_APPROVAL_PENDING
lead_online,LEAD ONLINE,448,G01055,1,LEAD,1,False,False,Bình,,,MAPPING_OR_PAYMENT_APPROVAL_PENDING,OWNER_APPROVAL_PENDING
lead_online,LEAD ONLINE,449,G01056,1,LEAD,1,False,False,Thư,,,MAPPING_OR_PAYMENT_APPROVAL_PENDING,OWNER_APPROVAL_PENDING
lead_online,LEAD ONLINE,450,G01057,1,LEAD,1,True,False,Tính,,,MAPPING_OR_PAYMENT_APPROVAL_PENDING,OWNER_APPROVAL_PENDING
lead_online,LEAD ONLINE,451,G01058,1,LEAD,1,False,False,Bình,,,MAPPING_OR_PAYMENT_APPROVAL_PENDING,OWNER_APPROVAL_PENDING
lead_online,LEAD ONLINE,452,G01059,1,LEAD,1,False,False,Dương,,,MAPPING_OR_PAYMENT_APPROVAL_PENDING,OWNER_APPROVAL_PENDING
lead_online,LEAD ONLINE,453,G01060,1,LEAD,1,False,False,Thư,,,MAPPING_OR_PAYMENT_APPROVAL_PENDING,OWNER_APPROVAL_PENDING
lead_online,LEAD ONLINE,454,G01061,1,LEAD,1,False,False,Tính,,,MAPPING_OR_PAYMENT_APPROVAL_PENDING,OWNER_APPROVAL_PENDING
lead_online,LEAD ONLINE,455,G01062,1,LEAD,1,False,False,Bình,,,MAPPING_OR_PAYMENT_APPROVAL_PENDING,OWNER_APPROVAL_PENDING
lead_online,LEAD ONLINE,456,G01063,1,LEAD,1,False,False,Dương,,,MAPPING_OR_PAYMENT_APPROVAL_PENDING,OWNER_APPROVAL_PENDING
lead_online,LEAD ONLINE,457,G01064,1,LEAD,1,False,False,Thư,,,MAPPING_OR_PAYMENT_APPROVAL_PENDING,OWNER_APPROVAL_PENDING
lead_online,LEAD ONLINE,458,G01065,1,LEAD,1,False,False,Thư,,,MAPPING_OR_PAYMENT_APPROVAL_PENDING,OWNER_APPROVAL_PENDING
lead_online,LEAD ONLINE,459,G01066,1,LEAD,1,False,False,Thư,,,MAPPING_OR_PAYMENT_APPROVAL_PENDING,OWNER_APPROVAL_PENDING
lead_online,LEAD ONLINE,460,G01067,1,LEAD,1,False,False,Bình,,,MAPPING_OR_PAYMENT_APPROVAL_PENDING,OWNER_APPROVAL_PENDING
lead_online,LEAD ONLINE,461,G01068,1,LEAD,1,False,False,Dương,,,MAPPING_OR_PAYMENT_APPROVAL_PENDING,OWNER_APPROVAL_PENDING
lead_online,LEAD ONLINE,462,G01069,1,LEAD,1,False,False,Tính,,,MAPPING_OR_PAYMENT_APPROVAL_PENDING,OWNER_APPROVAL_PENDING
lead_online,LEAD ONLINE,463,G01070,1,LEAD,1,False,False,Thư,,,MAPPING_OR_PAYMENT_APPROVAL_PENDING,OWNER_APPROVAL_PENDING
lead_online,LEAD ONLINE,464,G01071,1,LEAD,1,False,False,Tính,,,MAPPING_OR_PAYMENT_APPROVAL_PENDING,OWNER_APPROVAL_PENDING
lead_online,LEAD ONLINE,465,G01072,1,LEAD,1,False,False,Bình,,,MAPPING_OR_PAYMENT_APPROVAL_PENDING,OWNER_APPROVAL_PENDING
lead_online,LEAD ONLINE,466,G01073,1,LEAD,1,False,False,Dương,,,MAPPING_OR_PAYMENT_APPROVAL_PENDING,OWNER_APPROVAL_PENDING
lead_online,LEAD ONLINE,467,G01074,1,LEAD,1,False,False,Bình,,,MAPPING_OR_PAYMENT_APPROVAL_PENDING,OWNER_APPROVAL_PENDING
lead_online,LEAD ONLINE,468,G01075,1,LEAD,1,False,False,Thư,,,MAPPING_OR_PAYMENT_APPROVAL_PENDING,OWNER_APPROVAL_PENDING
lead_online,LEAD ONLINE,469,G01076,1,LEAD,1,False,False,Tính,,,MAPPING_OR_PAYMENT_APPROVAL_PENDING,OWNER_APPROVAL_PENDING
lead_online,LEAD ONLINE,470,G01077,1,LEAD,1,False,False,Bình,,,MAPPING_OR_PAYMENT_APPROVAL_PENDING,OWNER_APPROVAL_PENDING
lead_online,LEAD ONLINE,471,G01078,1,LEAD,1,False,False,Dương,,,MAPPING_OR_PAYMENT_APPROVAL_PENDING,OWNER_APPROVAL_PENDING
lead_online,LEAD ONLINE,472,G01079,1,LEAD,1,False,False,Dương,,,MAPPING_OR_PAYMENT_APPROVAL_PENDING,OWNER_APPROVAL_PENDING
lead_online,LEAD ONLINE,473,G01080,2,LEAD,1,False,False,Thư,,,MAPPING_OR_PAYMENT_APPROVAL_PENDING,OWNER_APPROVAL_PENDING
lead_online,LEAD ONLINE,474,G01081,1,LEAD,1,False,False,Tính,,,MAPPING_OR_PAYMENT_APPROVAL_PENDING,OWNER_APPROVAL_PENDING
lead_online,LEAD ONLINE,475,G01082,1,LEAD,1,False,False,Bình,,,MAPPING_OR_PAYMENT_APPROVAL_PENDING,OWNER_APPROVAL_PENDING
lead_online,LEAD ONLINE,476,G01083,1,LEAD,2,False,False,Dương,,,MAPPING_OR_PAYMENT_APPROVAL_PENDING,OWNER_APPROVAL_PENDING
lead_online,LEAD ONLINE,477,G01084,1,LEAD,1,False,False,Thư,,,MAPPING_OR_PAYMENT_APPROVAL_PENDING,OWNER_APPROVAL_PENDING
lead_online,LEAD ONLINE,478,G01085,1,LEAD,1,False,False,Tính,,,MAPPING_OR_PAYMENT_APPROVAL_PENDING,OWNER_APPROVAL_PENDING
lead_online,LEAD ONLINE,479,G01086,1,LEAD,1,False,False,Bình,,,MAPPING_OR_PAYMENT_APPROVAL_PENDING,OWNER_APPROVAL_PENDING
lead_online,LEAD ONLINE,480,G01087,1,LEAD,1,False,False,Dương,,,MAPPING_OR_PAYMENT_APPROVAL_PENDING,OWNER_APPROVAL_PENDING
lead_online,LEAD ONLINE,481,G01088,1,LEAD,0,False,False,Thư,,,REVIEW_STRUCTURE,NO_VALID_CONTACT|OWNER_APPROVAL_PENDING
lead_online,LEAD ONLINE,482,G01089,1,LEAD,1,False,False,Tính,,,MAPPING_OR_PAYMENT_APPROVAL_PENDING,OWNER_APPROVAL_PENDING
lead_online,LEAD ONLINE,483,G01090,1,LEAD,1,False,False,Bình,,,MAPPING_OR_PAYMENT_APPROVAL_PENDING,OWNER_APPROVAL_PENDING
lead_online,LEAD ONLINE,484,G01091,1,LEAD,1,False,False,Dương,,,MAPPING_OR_PAYMENT_APPROVAL_PENDING,OWNER_APPROVAL_PENDING
lead_online,LEAD ONLINE,485,G01092,1,LEAD,1,False,False,Thư,,,MAPPING_OR_PAYMENT_APPROVAL_PENDING,OWNER_APPROVAL_PENDING
lead_online,LEAD ONLINE,486,G01093,1,LEAD,1,False,False,Tính,,,MAPPING_OR_PAYMENT_APPROVAL_PENDING,OWNER_APPROVAL_PENDING
lead_online,LEAD ONLINE,487,G01094,1,LEAD,1,False,False,Bình,,,MAPPING_OR_PAYMENT_APPROVAL_PENDING,OWNER_APPROVAL_PENDING
lead_online,LEAD ONLINE,488,G01095,1,LEAD,1,False,False,Dương,,,MAPPING_OR_PAYMENT_APPROVAL_PENDING,OWNER_APPROVAL_PENDING
lead_online,LEAD ONLINE,489,G01096,1,LEAD,1,False,False,Thư,,,MAPPING_OR_PAYMENT_APPROVAL_PENDING,OWNER_APPROVAL_PENDING
lead_online,LEAD ONLINE,490,G01097,1,LEAD,1,False,False,Tính,,,MAPPING_OR_PAYMENT_APPROVAL_PENDING,OWNER_APPROVAL_PENDING
lead_online,LEAD ONLINE,491,G01098,1,LEAD,1,False,False,Bình,,,MAPPING_OR_PAYMENT_APPROVAL_PENDING,OWNER_APPROVAL_PENDING
lead_online,LEAD ONLINE,492,G01099,3,LEAD,1,False,False,Dương,,,MAPPING_OR_PAYMENT_APPROVAL_PENDING,OWNER_APPROVAL_PENDING
lead_online,LEAD ONLINE,493,G01100,1,LEAD,1,False,False,Thư,,,MAPPING_OR_PAYMENT_APPROVAL_PENDING,OWNER_APPROVAL_PENDING
lead_online,LEAD ONLINE,494,G01101,1,LEAD,1,False,False,Tính,,,MAPPING_OR_PAYMENT_APPROVAL_PENDING,OWNER_APPROVAL_PENDING
lead_online,LEAD ONLINE,495,G01102,1,LEAD,1,False,False,Bình,,,MAPPING_OR_PAYMENT_APPROVAL_PENDING,OWNER_APPROVAL_PENDING
lead_online,LEAD ONLINE,496,G01103,1,LEAD,1,False,False,Dương,,,MAPPING_OR_PAYMENT_APPROVAL_PENDING,OWNER_APPROVAL_PENDING
lead_online,LEAD ONLINE,497,G01104,1,LEAD,1,False,False,Thư,,,MAPPING_OR_PAYMENT_APPROVAL_PENDING,OWNER_APPROVAL_PENDING
lead_online,LEAD ONLINE,498,G01105,1,LEAD,1,False,False,Tính,,,MAPPING_OR_PAYMENT_APPROVAL_PENDING,OWNER_APPROVAL_PENDING
lead_online,LEAD ONLINE,499,G01106,1,LEAD,1,False,False,Bình,,,MAPPING_OR_PAYMENT_APPROVAL_PENDING,OWNER_APPROVAL_PENDING
lead_online,LEAD ONLINE,500,G01107,1,LEAD,1,False,False,Dương,,,MAPPING_OR_PAYMENT_APPROVAL_PENDING,OWNER_APPROVAL_PENDING
lead_online,LEAD ONLINE,501,G01108,1,LEAD,1,False,False,Thư,,,MAPPING_OR_PAYMENT_APPROVAL_PENDING,OWNER_APPROVAL_PENDING
lead_online,LEAD ONLINE,502,G01109,1,LEAD,1,False,False,Tính,,,MAPPING_OR_PAYMENT_APPROVAL_PENDING,OWNER_APPROVAL_PENDING
lead_online,LEAD ONLINE,503,G01110,1,LEAD,1,False,False,Bình,,,MAPPING_OR_PAYMENT_APPROVAL_PENDING,OWNER_APPROVAL_PENDING
lead_online,LEAD ONLINE,504,G01111,1,LEAD,1,False,False,Dương,,,MAPPING_OR_PAYMENT_APPROVAL_PENDING,OWNER_APPROVAL_PENDING
lead_online,LEAD ONLINE,505,G01112,1,LEAD,1,False,False,Thư,,,MAPPING_OR_PAYMENT_APPROVAL_PENDING,OWNER_APPROVAL_PENDING
lead_online,LEAD ONLINE,506,G01113,1,LEAD,0,False,False,Tính,,,REVIEW_STRUCTURE,NO_VALID_CONTACT|OWNER_APPROVAL_PENDING
lead_online,LEAD ONLINE,507,G01114,1,LEAD,1,False,False,Bình,,,MAPPING_OR_PAYMENT_APPROVAL_PENDING,OWNER_APPROVAL_PENDING
lead_online,LEAD ONLINE,508,G01115,1,LEAD,1,False,False,Dương,,,MAPPING_OR_PAYMENT_APPROVAL_PENDING,OWNER_APPROVAL_PENDING
lead_online,LEAD ONLINE,509,G01116,1,LEAD,1,False,False,Thư,,,MAPPING_OR_PAYMENT_APPROVAL_PENDING,OWNER_APPROVAL_PENDING
lead_online,LEAD ONLINE,510,G01117,1,LEAD,1,False,False,Tính,,,MAPPING_OR_PAYMENT_APPROVAL_PENDING,OWNER_APPROVAL_PENDING
lead_online,LEAD ONLINE,511,G01129,2,LEAD,1,False,False,Bình,,,MAPPING_OR_PAYMENT_APPROVAL_PENDING,OWNER_APPROVAL_PENDING
lead_online,LEAD ONLINE,512,G01118,1,LEAD,1,False,False,Dương,,,MAPPING_OR_PAYMENT_APPROVAL_PENDING,OWNER_APPROVAL_PENDING
lead_online,LEAD ONLINE,513,G01119,1,LEAD,1,False,False,Thư,,,MAPPING_OR_PAYMENT_APPROVAL_PENDING,OWNER_APPROVAL_PENDING
lead_online,LEAD ONLINE,514,G01120,1,LEAD,1,False,False,Tính,,,MAPPING_OR_PAYMENT_APPROVAL_PENDING,OWNER_APPROVAL_PENDING
lead_online,LEAD ONLINE,515,G01121,1,LEAD,1,False,False,Bình,,,MAPPING_OR_PAYMENT_APPROVAL_PENDING,OWNER_APPROVAL_PENDING
lead_online,LEAD ONLINE,516,G01122,1,LEAD,0,False,False,Dương,,,REVIEW_STRUCTURE,NO_VALID_CONTACT|OWNER_APPROVAL_PENDING
lead_online,LEAD ONLINE,517,G01123,1,LEAD,1,False,False,Thư,,,MAPPING_OR_PAYMENT_APPROVAL_PENDING,OWNER_APPROVAL_PENDING
lead_online,LEAD ONLINE,518,G01124,1,LEAD,1,False,False,Tính,,,MAPPING_OR_PAYMENT_APPROVAL_PENDING,OWNER_APPROVAL_PENDING
lead_online,LEAD ONLINE,519,G01125,1,LEAD,0,False,False,Bình,,,REVIEW_STRUCTURE,NO_VALID_CONTACT|OWNER_APPROVAL_PENDING
lead_online,LEAD ONLINE,520,G01126,1,LEAD,0,False,False,Dương,,,REVIEW_STRUCTURE,NO_VALID_CONTACT|OWNER_APPROVAL_PENDING
lead_online,LEAD ONLINE,521,G01127,1,LEAD,1,False,False,Thư,,,MAPPING_OR_PAYMENT_APPROVAL_PENDING,OWNER_APPROVAL_PENDING
lead_online,LEAD ONLINE,522,G01128,1,LEAD,1,True,False,Tính,,,MAPPING_OR_PAYMENT_APPROVAL_PENDING,OWNER_APPROVAL_PENDING
lead_online,LEAD ONLINE,523,G01129,2,LEAD,1,False,False,Bình,,,MAPPING_OR_PAYMENT_APPROVAL_PENDING,OWNER_APPROVAL_PENDING
lead_online,LEAD ONLINE,524,G01130,1,LEAD,1,False,False,Dương,,,MAPPING_OR_PAYMENT_APPROVAL_PENDING,OWNER_APPROVAL_PENDING
lead_online,LEAD ONLINE,525,G01131,1,LEAD,1,False,False,Thư,,,MAPPING_OR_PAYMENT_APPROVAL_PENDING,OWNER_APPROVAL_PENDING
lead_online,LEAD ONLINE,526,G01132,1,LEAD,1,False,False,Tính,,,MAPPING_OR_PAYMENT_APPROVAL_PENDING,OWNER_APPROVAL_PENDING
lead_online,LEAD ONLINE,527,G01133,1,LEAD,1,False,False,Bình,,,MAPPING_OR_PAYMENT_APPROVAL_PENDING,OWNER_APPROVAL_PENDING
lead_online,LEAD ONLINE,528,G01134,1,LEAD,1,False,False,Dương,,,MAPPING_OR_PAYMENT_APPROVAL_PENDING,OWNER_APPROVAL_PENDING
lead_online,LEAD ONLINE,529,G01135,1,LEAD,1,False,False,Thư,,,MAPPING_OR_PAYMENT_APPROVAL_PENDING,OWNER_APPROVAL_PENDING
lead_online,LEAD ONLINE,530,G01136,1,LEAD,1,True,False,Tính,,,MAPPING_OR_PAYMENT_APPROVAL_PENDING,OWNER_APPROVAL_PENDING
lead_online,LEAD ONLINE,531,G01137,1,LEAD,1,False,False,Bình,,,MAPPING_OR_PAYMENT_APPROVAL_PENDING,OWNER_APPROVAL_PENDING
lead_online,LEAD ONLINE,532,G01138,1,LEAD,1,False,False,Dương,,,MAPPING_OR_PAYMENT_APPROVAL_PENDING,OWNER_APPROVAL_PENDING
lead_online,LEAD ONLINE,533,G01139,1,LEAD,1,False,False,Thư,,,MAPPING_OR_PAYMENT_APPROVAL_PENDING,OWNER_APPROVAL_PENDING
lead_online,LEAD ONLINE,534,G01140,1,LEAD,1,False,False,Tính,,,MAPPING_OR_PAYMENT_APPROVAL_PENDING,OWNER_APPROVAL_PENDING
lead_online,LEAD ONLINE,535,G01141,1,LEAD,1,False,False,Bình,,,MAPPING_OR_PAYMENT_APPROVAL_PENDING,OWNER_APPROVAL_PENDING
lead_online,LEAD ONLINE,536,G01142,1,LEAD,1,False,False,Dương,,,MAPPING_OR_PAYMENT_APPROVAL_PENDING,OWNER_APPROVAL_PENDING
lead_online,LEAD ONLINE,537,G01143,1,LEAD,1,False,False,Thư,,,MAPPING_OR_PAYMENT_APPROVAL_PENDING,OWNER_APPROVAL_PENDING
lead_online,LEAD ONLINE,538,G01144,1,LEAD,1,True,False,Tính,,,MAPPING_OR_PAYMENT_APPROVAL_PENDING,OWNER_APPROVAL_PENDING
lead_online,LEAD ONLINE,539,G01145,1,LEAD,1,False,False,Bình,,,MAPPING_OR_PAYMENT_APPROVAL_PENDING,OWNER_APPROVAL_PENDING
lead_online,LEAD ONLINE,540,G01146,1,LEAD,1,False,False,Dương,,,MAPPING_OR_PAYMENT_APPROVAL_PENDING,OWNER_APPROVAL_PENDING
lead_online,LEAD ONLINE,541,G01147,1,LEAD,1,False,False,Thư,,,MAPPING_OR_PAYMENT_APPROVAL_PENDING,OWNER_APPROVAL_PENDING
lead_online,LEAD ONLINE,542,G01148,1,LEAD,1,True,False,Tính,,,MAPPING_OR_PAYMENT_APPROVAL_PENDING,OWNER_APPROVAL_PENDING
lead_online,LEAD ONLINE,543,G01149,1,LEAD,1,False,False,Bình,,,MAPPING_OR_PAYMENT_APPROVAL_PENDING,OWNER_APPROVAL_PENDING
lead_online,LEAD ONLINE,544,G01150,2,LEAD,1,False,False,Dương,,,MAPPING_OR_PAYMENT_APPROVAL_PENDING,OWNER_APPROVAL_PENDING
lead_online,LEAD ONLINE,545,G01151,1,LEAD,1,False,False,Trinh,,,MAPPING_OR_PAYMENT_APPROVAL_PENDING,OWNER_APPROVAL_PENDING
lead_online,LEAD ONLINE,546,G01152,1,LEAD,1,False,False,Nga,,,MAPPING_OR_PAYMENT_APPROVAL_PENDING,OWNER_APPROVAL_PENDING
lead_online,LEAD ONLINE,547,G01153,1,LEAD,1,False,False,Thư,,,MAPPING_OR_PAYMENT_APPROVAL_PENDING,OWNER_APPROVAL_PENDING
lead_online,LEAD ONLINE,548,G01154,1,LEAD,1,False,False,Tính,,,MAPPING_OR_PAYMENT_APPROVAL_PENDING,OWNER_APPROVAL_PENDING
lead_online,LEAD ONLINE,549,G01155,1,LEAD,1,False,False,Bình,,,MAPPING_OR_PAYMENT_APPROVAL_PENDING,OWNER_APPROVAL_PENDING
lead_online,LEAD ONLINE,550,G01156,1,LEAD,1,False,False,Dương,,,MAPPING_OR_PAYMENT_APPROVAL_PENDING,OWNER_APPROVAL_PENDING
lead_online,LEAD ONLINE,551,G01157,1,LEAD,1,False,False,Trinh,,,MAPPING_OR_PAYMENT_APPROVAL_PENDING,OWNER_APPROVAL_PENDING
lead_online,LEAD ONLINE,552,G01158,1,LEAD,1,False,False,Nga,,,MAPPING_OR_PAYMENT_APPROVAL_PENDING,OWNER_APPROVAL_PENDING
lead_online,LEAD ONLINE,553,G01159,1,LEAD,0,False,False,Thư,,,REVIEW_STRUCTURE,NO_VALID_CONTACT|OWNER_APPROVAL_PENDING
lead_online,LEAD ONLINE,554,G01160,1,LEAD,1,True,False,Tính,,,MAPPING_OR_PAYMENT_APPROVAL_PENDING,OWNER_APPROVAL_PENDING
lead_online,LEAD ONLINE,555,G01161,1,LEAD,1,False,False,Bình,,,MAPPING_OR_PAYMENT_APPROVAL_PENDING,OWNER_APPROVAL_PENDING
lead_online,LEAD ONLINE,556,G01162,1,LEAD,1,False,False,Dương,,,MAPPING_OR_PAYMENT_APPROVAL_PENDING,OWNER_APPROVAL_PENDING
lead_online,LEAD ONLINE,557,G01163,1,LEAD,1,False,False,Trinh,,,MAPPING_OR_PAYMENT_APPROVAL_PENDING,OWNER_APPROVAL_PENDING
lead_online,LEAD ONLINE,558,G01164,1,LEAD,1,False,False,Nga,,,MAPPING_OR_PAYMENT_APPROVAL_PENDING,OWNER_APPROVAL_PENDING
lead_online,LEAD ONLINE,559,G01165,1,LEAD,1,False,False,Thư,,,MAPPING_OR_PAYMENT_APPROVAL_PENDING,OWNER_APPROVAL_PENDING
lead_online,LEAD ONLINE,560,G01166,1,LEAD,1,False,False,Tính,,,MAPPING_OR_PAYMENT_APPROVAL_PENDING,OWNER_APPROVAL_PENDING
lead_online,LEAD ONLINE,561,G01167,1,LEAD,0,False,False,Bình,,,REVIEW_STRUCTURE,NO_VALID_CONTACT|OWNER_APPROVAL_PENDING
lead_online,LEAD ONLINE,562,G01168,1,LEAD,1,False,False,Dương,,,MAPPING_OR_PAYMENT_APPROVAL_PENDING,OWNER_APPROVAL_PENDING
lead_online,LEAD ONLINE,563,G01169,1,LEAD,1,False,False,Trinh,,,MAPPING_OR_PAYMENT_APPROVAL_PENDING,OWNER_APPROVAL_PENDING
lead_online,LEAD ONLINE,564,G01170,1,LEAD,1,False,False,Nga,,,MAPPING_OR_PAYMENT_APPROVAL_PENDING,OWNER_APPROVAL_PENDING
lead_online,LEAD ONLINE,565,G01171,1,LEAD,0,False,False,Thư,,,REVIEW_STRUCTURE,NO_VALID_CONTACT|OWNER_APPROVAL_PENDING
lead_online,LEAD ONLINE,566,G01172,1,LEAD,1,False,False,Tính,,,MAPPING_OR_PAYMENT_APPROVAL_PENDING,OWNER_APPROVAL_PENDING
lead_online,LEAD ONLINE,567,G01173,1,LEAD,1,False,False,Bình,,,MAPPING_OR_PAYMENT_APPROVAL_PENDING,OWNER_APPROVAL_PENDING
lead_online,LEAD ONLINE,568,G01174,1,LEAD,1,False,False,Dương,,,MAPPING_OR_PAYMENT_APPROVAL_PENDING,OWNER_APPROVAL_PENDING
lead_online,LEAD ONLINE,569,G01175,1,LEAD,1,False,False,Trinh,,,MAPPING_OR_PAYMENT_APPROVAL_PENDING,OWNER_APPROVAL_PENDING
lead_online,LEAD ONLINE,570,G01176,1,LEAD,1,False,False,Nga,,,MAPPING_OR_PAYMENT_APPROVAL_PENDING,OWNER_APPROVAL_PENDING
lead_online,LEAD ONLINE,571,G01177,1,LEAD,1,False,False,Thư,,,MAPPING_OR_PAYMENT_APPROVAL_PENDING,OWNER_APPROVAL_PENDING
lead_online,LEAD ONLINE,572,G01178,1,LEAD,1,False,False,Tính,,,MAPPING_OR_PAYMENT_APPROVAL_PENDING,OWNER_APPROVAL_PENDING
lead_online,LEAD ONLINE,573,G01179,1,LEAD,1,False,False,Bình,,,MAPPING_OR_PAYMENT_APPROVAL_PENDING,OWNER_APPROVAL_PENDING
lead_online,LEAD ONLINE,574,G01180,1,LEAD,1,False,False,Dương,,,MAPPING_OR_PAYMENT_APPROVAL_PENDING,OWNER_APPROVAL_PENDING
lead_online,LEAD ONLINE,575,G01181,1,LEAD,1,False,False,Trinh,,,MAPPING_OR_PAYMENT_APPROVAL_PENDING,OWNER_APPROVAL_PENDING
lead_online,LEAD ONLINE,576,G01182,1,LEAD,1,False,False,Nga,,,MAPPING_OR_PAYMENT_APPROVAL_PENDING,OWNER_APPROVAL_PENDING
lead_online,LEAD ONLINE,577,G01183,1,LEAD,1,False,False,Thư,,,MAPPING_OR_PAYMENT_APPROVAL_PENDING,OWNER_APPROVAL_PENDING
lead_online,LEAD ONLINE,578,G01184,1,LEAD,1,True,False,Tính,,,MAPPING_OR_PAYMENT_APPROVAL_PENDING,OWNER_APPROVAL_PENDING
lead_online,LEAD ONLINE,579,G01185,1,LEAD,1,False,False,Bình,,,MAPPING_OR_PAYMENT_APPROVAL_PENDING,OWNER_APPROVAL_PENDING
lead_online,LEAD ONLINE,580,G01186,1,LEAD,1,False,False,Dương,,,MAPPING_OR_PAYMENT_APPROVAL_PENDING,OWNER_APPROVAL_PENDING
lead_online,LEAD ONLINE,581,G01187,1,LEAD,1,False,False,Trinh,,,MAPPING_OR_PAYMENT_APPROVAL_PENDING,OWNER_APPROVAL_PENDING
lead_online,LEAD ONLINE,582,G01188,1,LEAD,1,False,False,Nga,,,MAPPING_OR_PAYMENT_APPROVAL_PENDING,OWNER_APPROVAL_PENDING
lead_online,LEAD ONLINE,583,G01189,1,LEAD,1,False,False,Thư,,,MAPPING_OR_PAYMENT_APPROVAL_PENDING,OWNER_APPROVAL_PENDING
lead_online,LEAD ONLINE,584,G01190,1,LEAD,1,False,False,Tính,,,MAPPING_OR_PAYMENT_APPROVAL_PENDING,OWNER_APPROVAL_PENDING
lead_online,LEAD ONLINE,585,G01191,1,LEAD,1,False,False,Bình,,,MAPPING_OR_PAYMENT_APPROVAL_PENDING,OWNER_APPROVAL_PENDING
lead_online,LEAD ONLINE,586,G01192,1,LEAD,1,False,False,Dương,,,MAPPING_OR_PAYMENT_APPROVAL_PENDING,OWNER_APPROVAL_PENDING
lead_online,LEAD ONLINE,587,G01193,1,LEAD,0,False,False,Trinh,,,REVIEW_STRUCTURE,NO_VALID_CONTACT|OWNER_APPROVAL_PENDING
lead_online,LEAD ONLINE,588,G01194,1,LEAD,1,False,False,Nga,,,MAPPING_OR_PAYMENT_APPROVAL_PENDING,OWNER_APPROVAL_PENDING
lead_online,LEAD ONLINE,589,G01195,1,LEAD,1,False,False,Thư,,,MAPPING_OR_PAYMENT_APPROVAL_PENDING,OWNER_APPROVAL_PENDING
lead_online,LEAD ONLINE,590,G01196,1,LEAD,1,False,False,Tính,,,MAPPING_OR_PAYMENT_APPROVAL_PENDING,OWNER_APPROVAL_PENDING
lead_online,LEAD ONLINE,593,G01197,1,LEAD,1,False,False,Trinh,,,MAPPING_OR_PAYMENT_APPROVAL_PENDING,OWNER_APPROVAL_PENDING
lead_online,LEAD ONLINE,594,G01198,1,LEAD,1,False,False,Nga,,,MAPPING_OR_PAYMENT_APPROVAL_PENDING,OWNER_APPROVAL_PENDING
lead_online,LEAD ONLINE,595,G01199,1,LEAD,1,False,False,Thư,,,MAPPING_OR_PAYMENT_APPROVAL_PENDING,OWNER_APPROVAL_PENDING
lead_online,LEAD ONLINE,596,G01200,1,LEAD,1,True,False,Tính,,,MAPPING_OR_PAYMENT_APPROVAL_PENDING,OWNER_APPROVAL_PENDING
lead_online,LEAD ONLINE,597,G01201,1,LEAD,1,False,False,Bình,,,MAPPING_OR_PAYMENT_APPROVAL_PENDING,OWNER_APPROVAL_PENDING
lead_online,LEAD ONLINE,598,G01202,1,LEAD,1,False,False,Dương,,,MAPPING_OR_PAYMENT_APPROVAL_PENDING,OWNER_APPROVAL_PENDING
lead_online,LEAD ONLINE,599,G01203,1,LEAD,1,False,False,Trinh,,,MAPPING_OR_PAYMENT_APPROVAL_PENDING,OWNER_APPROVAL_PENDING
lead_online,LEAD ONLINE,600,G01204,1,LEAD,1,False,False,Nga,,,MAPPING_OR_PAYMENT_APPROVAL_PENDING,OWNER_APPROVAL_PENDING
lead_online,LEAD ONLINE,601,G01205,1,LEAD,1,False,False,Thư,,,MAPPING_OR_PAYMENT_APPROVAL_PENDING,OWNER_APPROVAL_PENDING
lead_online,LEAD ONLINE,602,G01206,1,LEAD,1,False,False,Tính,,,MAPPING_OR_PAYMENT_APPROVAL_PENDING,OWNER_APPROVAL_PENDING
lead_online,LEAD ONLINE,603,G01207,1,LEAD,1,False,False,Bình,,,MAPPING_OR_PAYMENT_APPROVAL_PENDING,OWNER_APPROVAL_PENDING
lead_online,LEAD ONLINE,604,G01208,1,LEAD,1,False,False,Dương,,,MAPPING_OR_PAYMENT_APPROVAL_PENDING,OWNER_APPROVAL_PENDING
lead_online,LEAD ONLINE,605,G01209,1,LEAD,1,False,False,Trinh,,,MAPPING_OR_PAYMENT_APPROVAL_PENDING,OWNER_APPROVAL_PENDING
lead_online,LEAD ONLINE,606,G01210,1,LEAD,1,False,False,Nga,,,MAPPING_OR_PAYMENT_APPROVAL_PENDING,OWNER_APPROVAL_PENDING
lead_online,LEAD ONLINE,607,G01211,1,LEAD,1,False,False,Thư,,,MAPPING_OR_PAYMENT_APPROVAL_PENDING,OWNER_APPROVAL_PENDING
lead_online,LEAD ONLINE,608,G01212,1,LEAD,1,False,False,Tính,,,MAPPING_OR_PAYMENT_APPROVAL_PENDING,OWNER_APPROVAL_PENDING
lead_online,LEAD ONLINE,609,G01213,1,LEAD,1,False,False,Bình,,,MAPPING_OR_PAYMENT_APPROVAL_PENDING,OWNER_APPROVAL_PENDING
lead_online,LEAD ONLINE,610,G01214,1,LEAD,1,False,False,Dương,,,MAPPING_OR_PAYMENT_APPROVAL_PENDING,OWNER_APPROVAL_PENDING
lead_online,LEAD ONLINE,611,G01215,1,LEAD,1,False,False,Trinh,,,MAPPING_OR_PAYMENT_APPROVAL_PENDING,OWNER_APPROVAL_PENDING
lead_online,LEAD ONLINE,612,G01216,1,LEAD,1,False,False,Nga,,,MAPPING_OR_PAYMENT_APPROVAL_PENDING,OWNER_APPROVAL_PENDING
lead_online,LEAD ONLINE,613,G01217,1,LEAD,1,False,False,Thư,,,MAPPING_OR_PAYMENT_APPROVAL_PENDING,OWNER_APPROVAL_PENDING
lead_online,LEAD ONLINE,614,G01218,1,LEAD,1,False,False,Tính,,,MAPPING_OR_PAYMENT_APPROVAL_PENDING,OWNER_APPROVAL_PENDING
lead_online,LEAD ONLINE,615,G01219,1,LEAD,1,False,False,Bình,,,MAPPING_OR_PAYMENT_APPROVAL_PENDING,OWNER_APPROVAL_PENDING
lead_online,LEAD ONLINE,616,G01220,1,LEAD,1,False,False,Dương,,,MAPPING_OR_PAYMENT_APPROVAL_PENDING,OWNER_APPROVAL_PENDING
lead_online,LEAD ONLINE,617,G01221,1,LEAD,1,False,False,Trinh,,,MAPPING_OR_PAYMENT_APPROVAL_PENDING,OWNER_APPROVAL_PENDING
lead_online,LEAD ONLINE,618,G01222,1,LEAD,1,False,False,Nga,,,MAPPING_OR_PAYMENT_APPROVAL_PENDING,OWNER_APPROVAL_PENDING
lead_online,LEAD ONLINE,619,G01223,1,LEAD,1,False,False,Thư,,,MAPPING_OR_PAYMENT_APPROVAL_PENDING,OWNER_APPROVAL_PENDING
lead_self,Lead tự tạo,2,G01224,2,LEAD,1,False,True,Bình,,,MAPPING_OR_PAYMENT_APPROVAL_PENDING,OWNER_APPROVAL_PENDING
lead_self,Lead tự tạo,3,G01225,1,LEAD,1,False,True,Trinh,,,MAPPING_OR_PAYMENT_APPROVAL_PENDING,OWNER_APPROVAL_PENDING
lead_self,Lead tự tạo,4,G01226,1,LEAD,1,False,True,Trinh,,,MAPPING_OR_PAYMENT_APPROVAL_PENDING,OWNER_APPROVAL_PENDING
lead_self,Lead tự tạo,5,G01227,1,LEAD,1,False,True,Trinh,,,MAPPING_OR_PAYMENT_APPROVAL_PENDING,OWNER_APPROVAL_PENDING
lead_self,Lead tự tạo,6,G01228,2,LEAD,2,False,True,Bình,,,MAPPING_OR_PAYMENT_APPROVAL_PENDING,OWNER_APPROVAL_PENDING
lead_self,Lead tự tạo,7,G01229,1,LEAD,2,False,True,Trinh,,,MAPPING_OR_PAYMENT_APPROVAL_PENDING,OWNER_APPROVAL_PENDING
lead_self,Lead tự tạo,8,G01230,2,LEAD,1,False,True,Trinh,,,MAPPING_OR_PAYMENT_APPROVAL_PENDING,OWNER_APPROVAL_PENDING
lead_self,Lead tự tạo,9,G01231,1,LEAD,1,False,True,,,,MAPPING_OR_PAYMENT_APPROVAL_PENDING,OWNER_APPROVAL_PENDING
lead_self,Lead tự tạo,10,G01232,1,LEAD,1,False,True,Trinh,,,MAPPING_OR_PAYMENT_APPROVAL_PENDING,OWNER_APPROVAL_PENDING
lead_self,Lead tự tạo,11,G01233,1,LEAD,1,False,True,Bình,,,MAPPING_OR_PAYMENT_APPROVAL_PENDING,OWNER_APPROVAL_PENDING
lead_self,Lead tự tạo,12,G01234,1,LEAD,1,False,True,Bình,,,MAPPING_OR_PAYMENT_APPROVAL_PENDING,OWNER_APPROVAL_PENDING
lead_self,Lead tự tạo,13,G01235,1,LEAD,1,False,True,,,,MAPPING_OR_PAYMENT_APPROVAL_PENDING,OWNER_APPROVAL_PENDING
lead_self,Lead tự tạo,14,G01236,1,LEAD,1,False,True,Trinh,,,MAPPING_OR_PAYMENT_APPROVAL_PENDING,OWNER_APPROVAL_PENDING
lead_self,Lead tự tạo,15,G01237,1,LEAD,1,False,False,,,,MAPPING_OR_PAYMENT_APPROVAL_PENDING,OWNER_APPROVAL_PENDING
lead_self,Lead tự tạo,16,G01238,1,LEAD,1,False,True,Trinh,,,MAPPING_OR_PAYMENT_APPROVAL_PENDING,OWNER_APPROVAL_PENDING
lead_self,Lead tự tạo,17,G01239,1,LEAD,1,False,True,Trinh,,,MAPPING_OR_PAYMENT_APPROVAL_PENDING,OWNER_APPROVAL_PENDING
lead_self,Lead tự tạo,18,G01240,1,LEAD,1,False,True,Bình,,,MAPPING_OR_PAYMENT_APPROVAL_PENDING,OWNER_APPROVAL_PENDING
lead_self,Lead tự tạo,19,G01241,1,LEAD,1,False,False,Trinh,,,MAPPING_OR_PAYMENT_APPROVAL_PENDING,OWNER_APPROVAL_PENDING
lead_self,Lead tự tạo,20,G01242,1,LEAD,1,False,True,Trinh,,,MAPPING_OR_PAYMENT_APPROVAL_PENDING,OWNER_APPROVAL_PENDING
lead_self,Lead tự tạo,21,G01243,1,LEAD,1,False,True,Trinh,,,MAPPING_OR_PAYMENT_APPROVAL_PENDING,OWNER_APPROVAL_PENDING
lead_self,Lead tự tạo,22,G01244,1,LEAD,1,False,True,Trinh,,,MAPPING_OR_PAYMENT_APPROVAL_PENDING,OWNER_APPROVAL_PENDING
lead_self,Lead tự tạo,23,G01245,1,LEAD,0,False,True,Trinh,,,REVIEW_STRUCTURE,NO_VALID_CONTACT|OWNER_APPROVAL_PENDING
lead_self,Lead tự tạo,24,G01246,1,LEAD,1,False,True,Trinh,,,MAPPING_OR_PAYMENT_APPROVAL_PENDING,OWNER_APPROVAL_PENDING
lead_self,Lead tự tạo,25,G01247,1,LEAD,1,False,True,Trinh,,,MAPPING_OR_PAYMENT_APPROVAL_PENDING,OWNER_APPROVAL_PENDING
lead_self,Lead tự tạo,26,G01248,1,LEAD,1,False,True,Trinh,,,MAPPING_OR_PAYMENT_APPROVAL_PENDING,OWNER_APPROVAL_PENDING
lead_self,Lead tự tạo,27,G01249,1,LEAD,1,False,True,Trinh,,,MAPPING_OR_PAYMENT_APPROVAL_PENDING,OWNER_APPROVAL_PENDING
lead_self,Lead tự tạo,28,G01250,1,LEAD,1,False,True,Trinh,,,MAPPING_OR_PAYMENT_APPROVAL_PENDING,OWNER_APPROVAL_PENDING
lead_self,Lead tự tạo,29,G01251,1,LEAD,1,False,True,Trinh,,,MAPPING_OR_PAYMENT_APPROVAL_PENDING,OWNER_APPROVAL_PENDING
lead_self,Lead tự tạo,30,G01252,1,LEAD,1,False,True,Trinh,,,MAPPING_OR_PAYMENT_APPROVAL_PENDING,OWNER_APPROVAL_PENDING
lead_self,Lead tự tạo,31,G01253,1,LEAD,1,False,True,Bình,,,MAPPING_OR_PAYMENT_APPROVAL_PENDING,OWNER_APPROVAL_PENDING
lead_self,Lead tự tạo,32,G01254,1,LEAD,2,False,True,Trinh,,,MAPPING_OR_PAYMENT_APPROVAL_PENDING,OWNER_APPROVAL_PENDING
lead_self,Lead tự tạo,33,G01255,1,LEAD,1,False,True,Bình,,,MAPPING_OR_PAYMENT_APPROVAL_PENDING,OWNER_APPROVAL_PENDING
lead_self,Lead tự tạo,34,G01256,1,LEAD,1,False,False,Bình,,,MAPPING_OR_PAYMENT_APPROVAL_PENDING,OWNER_APPROVAL_PENDING
lead_self,Lead tự tạo,35,G01257,1,LEAD,1,False,False,Bình,,,MAPPING_OR_PAYMENT_APPROVAL_PENDING,OWNER_APPROVAL_PENDING
lead_self,Lead tự tạo,36,G01258,1,LEAD,1,False,True,Trinh,,,MAPPING_OR_PAYMENT_APPROVAL_PENDING,OWNER_APPROVAL_PENDING
lead_self,Lead tự tạo,37,G01259,1,LEAD,1,False,True,Bình,,,MAPPING_OR_PAYMENT_APPROVAL_PENDING,OWNER_APPROVAL_PENDING
lead_self,Lead tự tạo,38,G01512,2,LEAD,1,False,True,Bình,,,MAPPING_OR_PAYMENT_APPROVAL_PENDING,OWNER_APPROVAL_PENDING
lead_self,Lead tự tạo,39,G01260,1,LEAD,1,False,True,Bình,,,MAPPING_OR_PAYMENT_APPROVAL_PENDING,OWNER_APPROVAL_PENDING
lead_self,Lead tự tạo,40,G01261,1,LEAD,1,False,True,,,,MAPPING_OR_PAYMENT_APPROVAL_PENDING,OWNER_APPROVAL_PENDING
lead_self,Lead tự tạo,41,G01262,1,LEAD,1,False,True,Trinh,,,MAPPING_OR_PAYMENT_APPROVAL_PENDING,OWNER_APPROVAL_PENDING
lead_self,Lead tự tạo,42,G01263,1,LEAD,1,False,False,Bình,,,MAPPING_OR_PAYMENT_APPROVAL_PENDING,OWNER_APPROVAL_PENDING
lead_self,Lead tự tạo,43,G01264,1,LEAD,1,False,True,Trinh,,,MAPPING_OR_PAYMENT_APPROVAL_PENDING,OWNER_APPROVAL_PENDING
lead_self,Lead tự tạo,44,G01265,1,LEAD,1,False,False,Bình,,,MAPPING_OR_PAYMENT_APPROVAL_PENDING,OWNER_APPROVAL_PENDING
lead_self,Lead tự tạo,45,G01266,1,LEAD,1,False,False,,,,MAPPING_OR_PAYMENT_APPROVAL_PENDING,OWNER_APPROVAL_PENDING
lead_self,Lead tự tạo,46,G01267,1,LEAD,1,False,True,Bình,,,MAPPING_OR_PAYMENT_APPROVAL_PENDING,OWNER_APPROVAL_PENDING
lead_self,Lead tự tạo,47,G01268,1,LEAD,1,False,True,,,,MAPPING_OR_PAYMENT_APPROVAL_PENDING,OWNER_APPROVAL_PENDING
lead_self,Lead tự tạo,48,G01099,3,LEAD,1,False,True,Bình,,,MAPPING_OR_PAYMENT_APPROVAL_PENDING,OWNER_APPROVAL_PENDING
lead_self,Lead tự tạo,49,G01269,1,LEAD,1,False,True,,,,MAPPING_OR_PAYMENT_APPROVAL_PENDING,OWNER_APPROVAL_PENDING
lead_self,Lead tự tạo,50,G01270,2,LEAD,1,False,False,,,,MAPPING_OR_PAYMENT_APPROVAL_PENDING,OWNER_APPROVAL_PENDING
lead_self,Lead tự tạo,51,G01271,1,LEAD,1,False,True,,,,MAPPING_OR_PAYMENT_APPROVAL_PENDING,OWNER_APPROVAL_PENDING
lead_self,Lead tự tạo,52,G01272,1,LEAD,1,False,False,,,,MAPPING_OR_PAYMENT_APPROVAL_PENDING,OWNER_APPROVAL_PENDING
lead_self,Lead tự tạo,53,G01273,1,LEAD,1,False,False,,,,MAPPING_OR_PAYMENT_APPROVAL_PENDING,OWNER_APPROVAL_PENDING
lead_self,Lead tự tạo,54,G01274,1,LEAD,1,False,False,,,,MAPPING_OR_PAYMENT_APPROVAL_PENDING,OWNER_APPROVAL_PENDING
lead_self,Lead tự tạo,55,G01275,1,LEAD,1,False,True,Bình,,,MAPPING_OR_PAYMENT_APPROVAL_PENDING,OWNER_APPROVAL_PENDING
lead_self,Lead tự tạo,56,G01276,2,LEAD,1,False,False,Bình,,,MAPPING_OR_PAYMENT_APPROVAL_PENDING,OWNER_APPROVAL_PENDING
lead_self,Lead tự tạo,57,G01277,2,LEAD,1,False,False,Bình,,,MAPPING_OR_PAYMENT_APPROVAL_PENDING,OWNER_APPROVAL_PENDING
lead_self,Lead tự tạo,58,G01278,2,LEAD,1,False,False,Bình,,,MAPPING_OR_PAYMENT_APPROVAL_PENDING,OWNER_APPROVAL_PENDING
lead_self,Lead tự tạo,59,G01279,1,LEAD,1,False,True,Bình,,,MAPPING_OR_PAYMENT_APPROVAL_PENDING,OWNER_APPROVAL_PENDING
lead_self,Lead tự tạo,60,G01280,1,LEAD,2,False,False,Bình,,,MAPPING_OR_PAYMENT_APPROVAL_PENDING,OWNER_APPROVAL_PENDING
lead_self,Lead tự tạo,61,G01281,1,LEAD,2,False,True,Bình,,,MAPPING_OR_PAYMENT_APPROVAL_PENDING,OWNER_APPROVAL_PENDING
lead_self,Lead tự tạo,62,G01282,1,LEAD,1,False,True,Bình,,,MAPPING_OR_PAYMENT_APPROVAL_PENDING,OWNER_APPROVAL_PENDING
lead_self,Lead tự tạo,63,G01283,1,LEAD,1,False,True,Bình,,,MAPPING_OR_PAYMENT_APPROVAL_PENDING,OWNER_APPROVAL_PENDING
lead_self,Lead tự tạo,64,G01284,1,LEAD,1,False,True,Bình,,,MAPPING_OR_PAYMENT_APPROVAL_PENDING,OWNER_APPROVAL_PENDING
lead_self,Lead tự tạo,65,G01285,1,LEAD,1,False,True,Bình,,,MAPPING_OR_PAYMENT_APPROVAL_PENDING,OWNER_APPROVAL_PENDING
lead_self,Lead tự tạo,66,G01286,1,LEAD,1,False,True,Bình,,,MAPPING_OR_PAYMENT_APPROVAL_PENDING,OWNER_APPROVAL_PENDING
lead_self,Lead tự tạo,67,G01287,1,LEAD,0,False,True,Bình,,,REVIEW_STRUCTURE,NO_VALID_CONTACT|OWNER_APPROVAL_PENDING
lead_self,Lead tự tạo,68,G01288,1,LEAD,1,False,True,Bình,,,MAPPING_OR_PAYMENT_APPROVAL_PENDING,OWNER_APPROVAL_PENDING
lead_self,Lead tự tạo,69,G01289,1,LEAD,1,False,False,Bình,,,MAPPING_OR_PAYMENT_APPROVAL_PENDING,OWNER_APPROVAL_PENDING
lead_self,Lead tự tạo,70,G01290,1,LEAD,1,False,True,Trinh,,,MAPPING_OR_PAYMENT_APPROVAL_PENDING,OWNER_APPROVAL_PENDING
lead_self,Lead tự tạo,71,G01291,1,LEAD,1,False,True,Bình,,,MAPPING_OR_PAYMENT_APPROVAL_PENDING,OWNER_APPROVAL_PENDING
lead_self,Lead tự tạo,72,G01292,1,LEAD,1,False,True,Bình,,,MAPPING_OR_PAYMENT_APPROVAL_PENDING,OWNER_APPROVAL_PENDING
lead_self,Lead tự tạo,73,G01293,1,LEAD,1,False,False,Trinh,,,MAPPING_OR_PAYMENT_APPROVAL_PENDING,OWNER_APPROVAL_PENDING
lead_self,Lead tự tạo,74,G01294,1,LEAD,1,False,True,Trinh,,,MAPPING_OR_PAYMENT_APPROVAL_PENDING,OWNER_APPROVAL_PENDING
lead_self,Lead tự tạo,75,G01295,1,LEAD,1,False,True,Trinh,,,MAPPING_OR_PAYMENT_APPROVAL_PENDING,OWNER_APPROVAL_PENDING
lead_self,Lead tự tạo,76,G01296,1,LEAD,1,False,True,Bình,,,MAPPING_OR_PAYMENT_APPROVAL_PENDING,OWNER_APPROVAL_PENDING
lead_self,Lead tự tạo,77,G01297,1,LEAD,1,False,True,Bình,,,MAPPING_OR_PAYMENT_APPROVAL_PENDING,OWNER_APPROVAL_PENDING
lead_self,Lead tự tạo,78,G01298,1,LEAD,1,False,True,Bình,,,MAPPING_OR_PAYMENT_APPROVAL_PENDING,OWNER_APPROVAL_PENDING
lead_self,Lead tự tạo,79,G01299,1,LEAD,1,False,True,Bình,,,MAPPING_OR_PAYMENT_APPROVAL_PENDING,OWNER_APPROVAL_PENDING
lead_self,Lead tự tạo,80,G01300,1,LEAD,1,False,True,Trinh,,,MAPPING_OR_PAYMENT_APPROVAL_PENDING,OWNER_APPROVAL_PENDING
lead_self,Lead tự tạo,81,G01301,1,LEAD,1,False,True,Bình,,,MAPPING_OR_PAYMENT_APPROVAL_PENDING,OWNER_APPROVAL_PENDING
lead_self,Lead tự tạo,82,G01302,1,LEAD,1,False,True,Bình,,,MAPPING_OR_PAYMENT_APPROVAL_PENDING,OWNER_APPROVAL_PENDING
lead_self,Lead tự tạo,83,G01303,1,LEAD,1,False,True,Bình,,,MAPPING_OR_PAYMENT_APPROVAL_PENDING,OWNER_APPROVAL_PENDING
lead_self,Lead tự tạo,84,G01304,1,LEAD,1,False,False,Bình,,,MAPPING_OR_PAYMENT_APPROVAL_PENDING,OWNER_APPROVAL_PENDING
lead_self,Lead tự tạo,85,G01305,2,LEAD,1,False,True,Bình,,,MAPPING_OR_PAYMENT_APPROVAL_PENDING,OWNER_APPROVAL_PENDING
lead_self,Lead tự tạo,86,G01306,1,LEAD,1,False,False,,,,REVIEW_STRUCTURE,MISSING_OWNER
lead_self,Lead tự tạo,87,G01307,2,LEAD,1,False,False,Bình,,,MAPPING_OR_PAYMENT_APPROVAL_PENDING,OWNER_APPROVAL_PENDING
lead_self,Lead tự tạo,88,G01308,1,LEAD,1,False,True,Bình,,,MAPPING_OR_PAYMENT_APPROVAL_PENDING,OWNER_APPROVAL_PENDING
lead_self,Lead tự tạo,89,G01309,1,LEAD,1,False,True,Bình,,,MAPPING_OR_PAYMENT_APPROVAL_PENDING,OWNER_APPROVAL_PENDING
lead_self,Lead tự tạo,90,G01310,1,LEAD,1,False,True,Trinh,,,MAPPING_OR_PAYMENT_APPROVAL_PENDING,OWNER_APPROVAL_PENDING
lead_self,Lead tự tạo,91,G01311,1,LEAD,1,False,True,Trinh,,,MAPPING_OR_PAYMENT_APPROVAL_PENDING,OWNER_APPROVAL_PENDING
lead_self,Lead tự tạo,92,G01312,1,LEAD,1,False,True,Trinh,,,MAPPING_OR_PAYMENT_APPROVAL_PENDING,OWNER_APPROVAL_PENDING
lead_self,Lead tự tạo,93,G01313,2,LEAD,1,False,True,Trinh,,,MAPPING_OR_PAYMENT_APPROVAL_PENDING,OWNER_APPROVAL_PENDING
lead_self,Lead tự tạo,94,G01314,1,LEAD,2,False,True,Trinh,,,MAPPING_OR_PAYMENT_APPROVAL_PENDING,OWNER_APPROVAL_PENDING
lead_self,Lead tự tạo,95,G01315,1,LEAD,1,False,True,Trinh,,,MAPPING_OR_PAYMENT_APPROVAL_PENDING,OWNER_APPROVAL_PENDING
lead_self,Lead tự tạo,96,G01316,1,LEAD,1,False,True,Trinh,,,MAPPING_OR_PAYMENT_APPROVAL_PENDING,OWNER_APPROVAL_PENDING
lead_self,Lead tự tạo,97,G01317,1,LEAD,2,False,True,Trinh,,,MAPPING_OR_PAYMENT_APPROVAL_PENDING,OWNER_APPROVAL_PENDING
lead_self,Lead tự tạo,98,G01318,1,LEAD,1,False,True,Bình,,,MAPPING_OR_PAYMENT_APPROVAL_PENDING,OWNER_APPROVAL_PENDING
lead_self,Lead tự tạo,99,G01319,1,LEAD,1,False,False,Bình,,,MAPPING_OR_PAYMENT_APPROVAL_PENDING,OWNER_APPROVAL_PENDING
lead_self,Lead tự tạo,100,G01320,1,LEAD,1,False,True,Trinh,,,MAPPING_OR_PAYMENT_APPROVAL_PENDING,OWNER_APPROVAL_PENDING
lead_self,Lead tự tạo,101,G01321,2,LEAD,2,False,True,Trinh,,,MAPPING_OR_PAYMENT_APPROVAL_PENDING,OWNER_APPROVAL_PENDING
lead_self,Lead tự tạo,102,G01322,1,LEAD,1,False,True,Trinh,,,MAPPING_OR_PAYMENT_APPROVAL_PENDING,OWNER_APPROVAL_PENDING
lead_self,Lead tự tạo,103,G01323,2,LEAD,1,False,True,Bình,,,MAPPING_OR_PAYMENT_APPROVAL_PENDING,OWNER_APPROVAL_PENDING
lead_self,Lead tự tạo,104,G01324,1,LEAD,1,False,True,Trinh,,,MAPPING_OR_PAYMENT_APPROVAL_PENDING,OWNER_APPROVAL_PENDING
lead_self,Lead tự tạo,105,G01325,1,LEAD,1,False,True,Bình,,,MAPPING_OR_PAYMENT_APPROVAL_PENDING,OWNER_APPROVAL_PENDING
lead_self,Lead tự tạo,106,G01326,1,LEAD,1,False,True,Trinh,,,MAPPING_OR_PAYMENT_APPROVAL_PENDING,OWNER_APPROVAL_PENDING
lead_self,Lead tự tạo,107,G01327,1,LEAD,1,False,True,Trinh,,,MAPPING_OR_PAYMENT_APPROVAL_PENDING,OWNER_APPROVAL_PENDING
lead_self,Lead tự tạo,108,G01328,1,LEAD,1,False,True,Trinh,,,MAPPING_OR_PAYMENT_APPROVAL_PENDING,OWNER_APPROVAL_PENDING
lead_self,Lead tự tạo,109,G01329,2,LEAD,1,False,True,Bình,,,MAPPING_OR_PAYMENT_APPROVAL_PENDING,OWNER_APPROVAL_PENDING
lead_self,Lead tự tạo,110,G01330,1,LEAD,0,False,True,Bình,,,REVIEW_STRUCTURE,NO_VALID_CONTACT|OWNER_APPROVAL_PENDING
lead_self,Lead tự tạo,111,G00446,3,LEAD,1,False,False,Bình,,,MAPPING_OR_PAYMENT_APPROVAL_PENDING,OWNER_APPROVAL_PENDING
lead_self,Lead tự tạo,112,G01331,2,LEAD,1,False,True,Trinh,,,MAPPING_OR_PAYMENT_APPROVAL_PENDING,OWNER_APPROVAL_PENDING
lead_self,Lead tự tạo,113,G01332,1,LEAD,1,False,True,Trinh,,,MAPPING_OR_PAYMENT_APPROVAL_PENDING,OWNER_APPROVAL_PENDING
lead_self,Lead tự tạo,114,G01333,2,LEAD,1,False,False,Thư,,,MAPPING_OR_PAYMENT_APPROVAL_PENDING,OWNER_APPROVAL_PENDING
lead_self,Lead tự tạo,115,G01334,2,LEAD,1,False,False,Trinh,,,MAPPING_OR_PAYMENT_APPROVAL_PENDING,OWNER_APPROVAL_PENDING
lead_self,Lead tự tạo,116,G01335,2,LEAD,1,False,True,Trinh,,,MAPPING_OR_PAYMENT_APPROVAL_PENDING,OWNER_APPROVAL_PENDING
lead_self,Lead tự tạo,117,G01336,1,LEAD,1,False,True,Trinh,,,MAPPING_OR_PAYMENT_APPROVAL_PENDING,OWNER_APPROVAL_PENDING
lead_self,Lead tự tạo,118,G01337,1,LEAD,1,False,True,Trinh,,,MAPPING_OR_PAYMENT_APPROVAL_PENDING,OWNER_APPROVAL_PENDING
lead_self,Lead tự tạo,119,G01338,1,LEAD,1,False,True,Trinh,,,MAPPING_OR_PAYMENT_APPROVAL_PENDING,OWNER_APPROVAL_PENDING
lead_self,Lead tự tạo,120,G01339,1,LEAD,1,False,True,Trinh,,,MAPPING_OR_PAYMENT_APPROVAL_PENDING,OWNER_APPROVAL_PENDING
lead_self,Lead tự tạo,121,G01340,1,LEAD,1,False,True,Trinh,,,MAPPING_OR_PAYMENT_APPROVAL_PENDING,OWNER_APPROVAL_PENDING
lead_self,Lead tự tạo,122,G01341,2,LEAD,1,False,True,Bình,,,MAPPING_OR_PAYMENT_APPROVAL_PENDING,OWNER_APPROVAL_PENDING
lead_self,Lead tự tạo,123,G01342,1,LEAD,1,False,True,Thư,,,MAPPING_OR_PAYMENT_APPROVAL_PENDING,OWNER_APPROVAL_PENDING
lead_self,Lead tự tạo,124,G01343,2,LEAD,1,False,True,Trinh,,,MAPPING_OR_PAYMENT_APPROVAL_PENDING,OWNER_APPROVAL_PENDING
lead_self,Lead tự tạo,125,G01344,1,LEAD,1,False,False,Bình,,,MAPPING_OR_PAYMENT_APPROVAL_PENDING,OWNER_APPROVAL_PENDING
lead_self,Lead tự tạo,126,G00573,3,LEAD,1,False,False,Trinh,,,MAPPING_OR_PAYMENT_APPROVAL_PENDING,OWNER_APPROVAL_PENDING
lead_self,Lead tự tạo,127,G01345,1,LEAD,0,False,True,Thư,,,REVIEW_STRUCTURE,NO_VALID_CONTACT|OWNER_APPROVAL_PENDING
lead_self,Lead tự tạo,128,G01346,1,LEAD,1,False,True,Thư,,,MAPPING_OR_PAYMENT_APPROVAL_PENDING,OWNER_APPROVAL_PENDING
lead_self,Lead tự tạo,129,G01347,2,LEAD,1,False,True,Thư,,,MAPPING_OR_PAYMENT_APPROVAL_PENDING,OWNER_APPROVAL_PENDING
lead_self,Lead tự tạo,130,G01348,1,LEAD,1,False,True,Trinh,,,MAPPING_OR_PAYMENT_APPROVAL_PENDING,OWNER_APPROVAL_PENDING
lead_self,Lead tự tạo,131,G01349,1,LEAD,0,False,True,Bình,,,REVIEW_STRUCTURE,NO_VALID_CONTACT|OWNER_APPROVAL_PENDING
lead_self,Lead tự tạo,132,G01350,1,LEAD,1,False,True,Trinh,,,MAPPING_OR_PAYMENT_APPROVAL_PENDING,OWNER_APPROVAL_PENDING
lead_self,Lead tự tạo,133,G01351,1,LEAD,1,False,True,Trinh,,,MAPPING_OR_PAYMENT_APPROVAL_PENDING,OWNER_APPROVAL_PENDING
lead_self,Lead tự tạo,134,G01352,2,LEAD,1,False,True,Bình,,,MAPPING_OR_PAYMENT_APPROVAL_PENDING,OWNER_APPROVAL_PENDING
lead_self,Lead tự tạo,135,G01353,1,LEAD,1,False,True,Bình,,,MAPPING_OR_PAYMENT_APPROVAL_PENDING,OWNER_APPROVAL_PENDING
lead_self,Lead tự tạo,136,G01354,1,LEAD,1,False,True,Thư,,,MAPPING_OR_PAYMENT_APPROVAL_PENDING,OWNER_APPROVAL_PENDING
lead_self,Lead tự tạo,137,G01355,1,LEAD,1,False,False,Thư,,,MAPPING_OR_PAYMENT_APPROVAL_PENDING,OWNER_APPROVAL_PENDING
lead_self,Lead tự tạo,138,G01356,2,LEAD,1,False,True,Bình,,,MAPPING_OR_PAYMENT_APPROVAL_PENDING,OWNER_APPROVAL_PENDING
lead_self,Lead tự tạo,139,G01357,1,LEAD,1,False,False,Bình,,,MAPPING_OR_PAYMENT_APPROVAL_PENDING,OWNER_APPROVAL_PENDING
lead_self,Lead tự tạo,140,G01358,1,LEAD,1,False,False,Bình,,,MAPPING_OR_PAYMENT_APPROVAL_PENDING,OWNER_APPROVAL_PENDING
lead_self,Lead tự tạo,141,G01359,1,LEAD,1,False,False,Bình,,,MAPPING_OR_PAYMENT_APPROVAL_PENDING,OWNER_APPROVAL_PENDING
lead_self,Lead tự tạo,142,G01360,1,LEAD,1,False,False,Thư,,,MAPPING_OR_PAYMENT_APPROVAL_PENDING,OWNER_APPROVAL_PENDING
lead_self,Lead tự tạo,143,G01361,2,LEAD,1,False,False,Bình,,,MAPPING_OR_PAYMENT_APPROVAL_PENDING,OWNER_APPROVAL_PENDING
lead_self,Lead tự tạo,144,G00451,3,LEAD,1,False,True,Bình,,,MAPPING_OR_PAYMENT_APPROVAL_PENDING,OWNER_APPROVAL_PENDING
lead_self,Lead tự tạo,145,G01362,1,LEAD,1,False,True,Trinh,,,MAPPING_OR_PAYMENT_APPROVAL_PENDING,OWNER_APPROVAL_PENDING
lead_self,Lead tự tạo,146,G01363,2,LEAD,1,False,True,Trinh,,,MAPPING_OR_PAYMENT_APPROVAL_PENDING,OWNER_APPROVAL_PENDING
lead_self,Lead tự tạo,147,G01364,2,LEAD,1,False,True,Bình,,,MAPPING_OR_PAYMENT_APPROVAL_PENDING,OWNER_APPROVAL_PENDING
lead_self,Lead tự tạo,148,G01365,1,LEAD,0,False,True,Trinh,,,REVIEW_STRUCTURE,NO_VALID_CONTACT|OWNER_APPROVAL_PENDING
lead_self,Lead tự tạo,149,G01366,2,LEAD,1,False,True,Thư,,,MAPPING_OR_PAYMENT_APPROVAL_PENDING,OWNER_APPROVAL_PENDING
lead_self,Lead tự tạo,150,G01367,1,LEAD,1,False,True,Thư,,,MAPPING_OR_PAYMENT_APPROVAL_PENDING,OWNER_APPROVAL_PENDING
lead_self,Lead tự tạo,151,G01368,1,LEAD,1,False,True,Trinh,,,MAPPING_OR_PAYMENT_APPROVAL_PENDING,OWNER_APPROVAL_PENDING
lead_self,Lead tự tạo,152,G01369,1,LEAD,1,False,True,Trinh,,,MAPPING_OR_PAYMENT_APPROVAL_PENDING,OWNER_APPROVAL_PENDING
lead_self,Lead tự tạo,153,G00453,3,LEAD,1,False,True,Trinh,,,MAPPING_OR_PAYMENT_APPROVAL_PENDING,OWNER_APPROVAL_PENDING
lead_self,Lead tự tạo,154,G01370,2,LEAD,1,False,True,Trinh,,,MAPPING_OR_PAYMENT_APPROVAL_PENDING,OWNER_APPROVAL_PENDING
lead_self,Lead tự tạo,155,G01371,1,LEAD,1,False,True,Trinh,,,MAPPING_OR_PAYMENT_APPROVAL_PENDING,OWNER_APPROVAL_PENDING
lead_self,Lead tự tạo,156,G01372,2,LEAD,1,False,True,Trinh,,,MAPPING_OR_PAYMENT_APPROVAL_PENDING,OWNER_APPROVAL_PENDING
lead_self,Lead tự tạo,157,G01373,2,LEAD,1,False,True,Trinh,,,MAPPING_OR_PAYMENT_APPROVAL_PENDING,OWNER_APPROVAL_PENDING
lead_self,Lead tự tạo,158,G01374,2,LEAD,1,False,True,Bình,,,MAPPING_OR_PAYMENT_APPROVAL_PENDING,OWNER_APPROVAL_PENDING
lead_self,Lead tự tạo,159,G01375,1,LEAD,1,False,True,Thư,,,MAPPING_OR_PAYMENT_APPROVAL_PENDING,OWNER_APPROVAL_PENDING
lead_self,Lead tự tạo,160,G01376,1,LEAD,1,False,True,Bình,,,MAPPING_OR_PAYMENT_APPROVAL_PENDING,OWNER_APPROVAL_PENDING
lead_self,Lead tự tạo,161,G01377,1,LEAD,1,False,True,Trinh,,,MAPPING_OR_PAYMENT_APPROVAL_PENDING,OWNER_APPROVAL_PENDING
lead_self,Lead tự tạo,162,G01378,1,LEAD,1,False,True,Bình,,,MAPPING_OR_PAYMENT_APPROVAL_PENDING,OWNER_APPROVAL_PENDING
lead_self,Lead tự tạo,163,G01379,1,LEAD,1,False,True,Thư,,,MAPPING_OR_PAYMENT_APPROVAL_PENDING,OWNER_APPROVAL_PENDING
lead_self,Lead tự tạo,164,G01380,1,LEAD,1,False,True,Bình,,,MAPPING_OR_PAYMENT_APPROVAL_PENDING,OWNER_APPROVAL_PENDING
lead_self,Lead tự tạo,165,G01381,1,LEAD,1,False,True,Thư,,,MAPPING_OR_PAYMENT_APPROVAL_PENDING,OWNER_APPROVAL_PENDING
lead_self,Lead tự tạo,166,G01382,1,LEAD,1,False,True,Bình,,,MAPPING_OR_PAYMENT_APPROVAL_PENDING,OWNER_APPROVAL_PENDING
lead_self,Lead tự tạo,167,G01383,1,LEAD,1,False,True,Trinh,,,MAPPING_OR_PAYMENT_APPROVAL_PENDING,OWNER_APPROVAL_PENDING
lead_self,Lead tự tạo,168,G01384,1,LEAD,1,False,True,Trinh,,,MAPPING_OR_PAYMENT_APPROVAL_PENDING,OWNER_APPROVAL_PENDING
lead_self,Lead tự tạo,169,G01385,1,LEAD,1,False,True,Bình,,,MAPPING_OR_PAYMENT_APPROVAL_PENDING,OWNER_APPROVAL_PENDING
lead_self,Lead tự tạo,170,G01386,1,LEAD,1,False,True,Bình,,,MAPPING_OR_PAYMENT_APPROVAL_PENDING,OWNER_APPROVAL_PENDING
lead_self,Lead tự tạo,171,G01387,1,LEAD,1,False,True,Bình,,,MAPPING_OR_PAYMENT_APPROVAL_PENDING,OWNER_APPROVAL_PENDING
lead_self,Lead tự tạo,172,G00770,3,LEAD,1,False,True,Thư,,,MAPPING_OR_PAYMENT_APPROVAL_PENDING,OWNER_APPROVAL_PENDING
lead_self,Lead tự tạo,173,G01388,2,LEAD,1,False,True,Thư,,,MAPPING_OR_PAYMENT_APPROVAL_PENDING,OWNER_APPROVAL_PENDING
lead_self,Lead tự tạo,174,G01389,2,LEAD,1,False,True,Thư,,,MAPPING_OR_PAYMENT_APPROVAL_PENDING,OWNER_APPROVAL_PENDING
lead_self,Lead tự tạo,175,G01390,1,LEAD,1,False,True,Thư,,,MAPPING_OR_PAYMENT_APPROVAL_PENDING,OWNER_APPROVAL_PENDING
lead_self,Lead tự tạo,176,G01391,2,LEAD,1,False,True,Bình,,,MAPPING_OR_PAYMENT_APPROVAL_PENDING,OWNER_APPROVAL_PENDING
lead_self,Lead tự tạo,177,G01472,2,LEAD,1,False,True,Bình,,,MAPPING_OR_PAYMENT_APPROVAL_PENDING,OWNER_APPROVAL_PENDING
lead_self,Lead tự tạo,178,G01392,1,LEAD,1,False,True,Thư,,,MAPPING_OR_PAYMENT_APPROVAL_PENDING,OWNER_APPROVAL_PENDING
lead_self,Lead tự tạo,179,G01393,2,LEAD,1,False,True,Thư,,,MAPPING_OR_PAYMENT_APPROVAL_PENDING,OWNER_APPROVAL_PENDING
lead_self,Lead tự tạo,180,G01394,2,LEAD,1,False,True,Thư,,,MAPPING_OR_PAYMENT_APPROVAL_PENDING,OWNER_APPROVAL_PENDING
lead_self,Lead tự tạo,181,G01395,2,LEAD,1,False,False,Thư,,,MAPPING_OR_PAYMENT_APPROVAL_PENDING,OWNER_APPROVAL_PENDING
lead_self,Lead tự tạo,182,G01396,2,LEAD,1,False,False,Thư,,,MAPPING_OR_PAYMENT_APPROVAL_PENDING,OWNER_APPROVAL_PENDING
lead_self,Lead tự tạo,183,G01397,1,LEAD,1,False,False,Trinh,,,MAPPING_OR_PAYMENT_APPROVAL_PENDING,OWNER_APPROVAL_PENDING
lead_self,Lead tự tạo,184,G01398,1,LEAD,1,False,True,Bình,,,MAPPING_OR_PAYMENT_APPROVAL_PENDING,OWNER_APPROVAL_PENDING
lead_self,Lead tự tạo,185,G01399,1,LEAD,1,False,True,Bình,,,MAPPING_OR_PAYMENT_APPROVAL_PENDING,OWNER_APPROVAL_PENDING
lead_self,Lead tự tạo,186,G01400,1,LEAD,1,False,True,Thư,,,MAPPING_OR_PAYMENT_APPROVAL_PENDING,OWNER_APPROVAL_PENDING
lead_self,Lead tự tạo,187,G01401,1,LEAD,1,False,False,Bình,,,MAPPING_OR_PAYMENT_APPROVAL_PENDING,OWNER_APPROVAL_PENDING
lead_self,Lead tự tạo,188,G01402,1,LEAD,2,False,True,Thư,,,MAPPING_OR_PAYMENT_APPROVAL_PENDING,OWNER_APPROVAL_PENDING
lead_self,Lead tự tạo,189,G01403,1,LEAD,0,False,True,Trinh,,,REVIEW_STRUCTURE,NO_VALID_CONTACT|OWNER_APPROVAL_PENDING
lead_self,Lead tự tạo,190,G01404,2,LEAD,1,False,True,Trinh,,,MAPPING_OR_PAYMENT_APPROVAL_PENDING,OWNER_APPROVAL_PENDING
lead_self,Lead tự tạo,191,G01405,1,LEAD,0,False,True,Trinh,,,REVIEW_STRUCTURE,NO_VALID_CONTACT|OWNER_APPROVAL_PENDING
lead_self,Lead tự tạo,192,G01406,1,LEAD,1,False,True,Bình,,,MAPPING_OR_PAYMENT_APPROVAL_PENDING,OWNER_APPROVAL_PENDING
lead_self,Lead tự tạo,193,G01407,2,LEAD,1,False,True,Trinh,,,MAPPING_OR_PAYMENT_APPROVAL_PENDING,OWNER_APPROVAL_PENDING
lead_self,Lead tự tạo,194,G01408,1,LEAD,1,False,True,Trinh,,,MAPPING_OR_PAYMENT_APPROVAL_PENDING,OWNER_APPROVAL_PENDING
lead_self,Lead tự tạo,195,G01409,1,LEAD,0,False,True,Thư,,,REVIEW_STRUCTURE,NO_VALID_CONTACT|OWNER_APPROVAL_PENDING
lead_self,Lead tự tạo,196,G01410,1,LEAD,1,False,True,Thư,,,MAPPING_OR_PAYMENT_APPROVAL_PENDING,OWNER_APPROVAL_PENDING
lead_self,Lead tự tạo,197,G01411,1,LEAD,1,False,True,Trinh,,,MAPPING_OR_PAYMENT_APPROVAL_PENDING,OWNER_APPROVAL_PENDING
lead_self,Lead tự tạo,198,G01412,1,LEAD,3,False,True,Trinh,,,MAPPING_OR_PAYMENT_APPROVAL_PENDING,OWNER_APPROVAL_PENDING
lead_self,Lead tự tạo,199,G01413,1,LEAD,1,False,True,Trinh,,,MAPPING_OR_PAYMENT_APPROVAL_PENDING,OWNER_APPROVAL_PENDING
lead_self,Lead tự tạo,200,G01414,1,LEAD,1,False,False,Trinh,,,MAPPING_OR_PAYMENT_APPROVAL_PENDING,OWNER_APPROVAL_PENDING
lead_self,Lead tự tạo,201,G01415,2,LEAD,1,False,True,,,,MAPPING_OR_PAYMENT_APPROVAL_PENDING,OWNER_APPROVAL_PENDING
lead_self,Lead tự tạo,202,G01416,1,LEAD,1,False,True,Trinh,,,MAPPING_OR_PAYMENT_APPROVAL_PENDING,OWNER_APPROVAL_PENDING
lead_self,Lead tự tạo,203,G01417,2,LEAD,1,False,True,Thư,,,MAPPING_OR_PAYMENT_APPROVAL_PENDING,OWNER_APPROVAL_PENDING
lead_self,Lead tự tạo,204,G01418,1,LEAD,0,False,True,Bình,,,REVIEW_STRUCTURE,NO_VALID_CONTACT|OWNER_APPROVAL_PENDING
lead_self,Lead tự tạo,205,G01419,1,LEAD,1,False,True,Thư,,,MAPPING_OR_PAYMENT_APPROVAL_PENDING,OWNER_APPROVAL_PENDING
lead_self,Lead tự tạo,206,G01420,2,LEAD,1,False,True,Thư,,,MAPPING_OR_PAYMENT_APPROVAL_PENDING,OWNER_APPROVAL_PENDING
lead_self,Lead tự tạo,207,G01421,1,LEAD,1,False,True,Thư,,,MAPPING_OR_PAYMENT_APPROVAL_PENDING,OWNER_APPROVAL_PENDING
lead_self,Lead tự tạo,208,G01541,2,LEAD,1,False,True,Bình,,,MAPPING_OR_PAYMENT_APPROVAL_PENDING,OWNER_APPROVAL_PENDING
lead_self,Lead tự tạo,209,G01422,1,LEAD,1,False,True,Trinh,,,MAPPING_OR_PAYMENT_APPROVAL_PENDING,OWNER_APPROVAL_PENDING
lead_self,Lead tự tạo,210,G01423,1,LEAD,0,False,True,Trinh,,,REVIEW_STRUCTURE,NO_VALID_CONTACT|OWNER_APPROVAL_PENDING
lead_self,Lead tự tạo,211,G01424,1,LEAD,0,False,True,Thư,,,REVIEW_STRUCTURE,NO_VALID_CONTACT|OWNER_APPROVAL_PENDING
lead_self,Lead tự tạo,212,G01425,2,LEAD,1,False,True,Trinh,,,MAPPING_OR_PAYMENT_APPROVAL_PENDING,OWNER_APPROVAL_PENDING
lead_self,Lead tự tạo,213,G01426,1,LEAD,1,False,True,Thư,,,MAPPING_OR_PAYMENT_APPROVAL_PENDING,OWNER_APPROVAL_PENDING
lead_self,Lead tự tạo,214,G01427,1,LEAD,1,False,True,Thư,,,MAPPING_OR_PAYMENT_APPROVAL_PENDING,OWNER_APPROVAL_PENDING
lead_self,Lead tự tạo,215,G01428,1,LEAD,2,False,True,Trinh,,,MAPPING_OR_PAYMENT_APPROVAL_PENDING,OWNER_APPROVAL_PENDING
lead_self,Lead tự tạo,216,G01429,1,LEAD,0,False,True,Trinh,,,REVIEW_STRUCTURE,NO_VALID_CONTACT|OWNER_APPROVAL_PENDING
lead_self,Lead tự tạo,217,G01430,1,LEAD,1,False,True,Trinh,,,MAPPING_OR_PAYMENT_APPROVAL_PENDING,OWNER_APPROVAL_PENDING
lead_self,Lead tự tạo,218,G01431,1,LEAD,1,False,True,Trinh,,,MAPPING_OR_PAYMENT_APPROVAL_PENDING,OWNER_APPROVAL_PENDING
lead_self,Lead tự tạo,219,G01432,1,LEAD,0,False,True,Trinh,,,REVIEW_STRUCTURE,NO_VALID_CONTACT|OWNER_APPROVAL_PENDING
lead_self,Lead tự tạo,220,G01433,1,LEAD,0,False,True,Trinh,,,REVIEW_STRUCTURE,NO_VALID_CONTACT|OWNER_APPROVAL_PENDING
lead_self,Lead tự tạo,221,G01434,1,LEAD,1,False,True,Trinh,,,MAPPING_OR_PAYMENT_APPROVAL_PENDING,OWNER_APPROVAL_PENDING
lead_self,Lead tự tạo,222,G01435,1,LEAD,0,False,True,Trinh,,,REVIEW_STRUCTURE,NO_VALID_CONTACT|OWNER_APPROVAL_PENDING
lead_self,Lead tự tạo,223,G01436,1,LEAD,1,False,True,Trinh,,,MAPPING_OR_PAYMENT_APPROVAL_PENDING,OWNER_APPROVAL_PENDING
lead_self,Lead tự tạo,224,G01437,1,LEAD,0,False,True,Trinh,,,REVIEW_STRUCTURE,NO_VALID_CONTACT|OWNER_APPROVAL_PENDING
lead_self,Lead tự tạo,225,G01438,1,LEAD,0,False,True,Trinh,,,REVIEW_STRUCTURE,NO_VALID_CONTACT|OWNER_APPROVAL_PENDING
lead_self,Lead tự tạo,226,G01439,1,LEAD,1,False,True,Trinh,,,MAPPING_OR_PAYMENT_APPROVAL_PENDING,OWNER_APPROVAL_PENDING
lead_self,Lead tự tạo,227,G01440,1,LEAD,1,False,True,Trinh,,,MAPPING_OR_PAYMENT_APPROVAL_PENDING,OWNER_APPROVAL_PENDING
lead_self,Lead tự tạo,228,G01441,1,LEAD,1,False,True,Trinh,,,MAPPING_OR_PAYMENT_APPROVAL_PENDING,OWNER_APPROVAL_PENDING
lead_self,Lead tự tạo,229,G01442,1,LEAD,1,False,True,Trinh,,,MAPPING_OR_PAYMENT_APPROVAL_PENDING,OWNER_APPROVAL_PENDING
lead_self,Lead tự tạo,230,G01443,1,LEAD,1,False,True,Trinh,,,MAPPING_OR_PAYMENT_APPROVAL_PENDING,OWNER_APPROVAL_PENDING
lead_self,Lead tự tạo,231,G01444,1,LEAD,0,False,True,Trinh,,,REVIEW_STRUCTURE,NO_VALID_CONTACT|OWNER_APPROVAL_PENDING
lead_self,Lead tự tạo,232,G01445,1,LEAD,1,False,False,Trinh,,,MAPPING_OR_PAYMENT_APPROVAL_PENDING,OWNER_APPROVAL_PENDING
lead_self,Lead tự tạo,233,G00459,3,LEAD,1,False,True,Thư,,,MAPPING_OR_PAYMENT_APPROVAL_PENDING,OWNER_APPROVAL_PENDING
lead_self,Lead tự tạo,234,G01446,1,LEAD,0,False,True,Trinh,,,REVIEW_STRUCTURE,NO_VALID_CONTACT|OWNER_APPROVAL_PENDING
lead_self,Lead tự tạo,235,G01447,1,LEAD,1,False,False,Thư,,,MAPPING_OR_PAYMENT_APPROVAL_PENDING,OWNER_APPROVAL_PENDING
lead_self,Lead tự tạo,236,G01448,1,LEAD,1,False,False,Trinh,,,MAPPING_OR_PAYMENT_APPROVAL_PENDING,OWNER_APPROVAL_PENDING
lead_self,Lead tự tạo,237,G01449,1,LEAD,1,False,True,Trinh,,,MAPPING_OR_PAYMENT_APPROVAL_PENDING,OWNER_APPROVAL_PENDING
lead_self,Lead tự tạo,238,G01450,1,LEAD,1,False,True,Trinh,,,MAPPING_OR_PAYMENT_APPROVAL_PENDING,OWNER_APPROVAL_PENDING
lead_self,Lead tự tạo,239,G01451,2,LEAD,1,False,True,Trinh,,,MAPPING_OR_PAYMENT_APPROVAL_PENDING,OWNER_APPROVAL_PENDING
lead_self,Lead tự tạo,240,G01452,1,LEAD,2,False,True,Thư,,,MAPPING_OR_PAYMENT_APPROVAL_PENDING,OWNER_APPROVAL_PENDING
lead_self,Lead tự tạo,241,G01453,1,LEAD,1,False,True,Bình,,,MAPPING_OR_PAYMENT_APPROVAL_PENDING,OWNER_APPROVAL_PENDING
lead_self,Lead tự tạo,242,G01454,1,LEAD,1,False,True,Trinh,,,MAPPING_OR_PAYMENT_APPROVAL_PENDING,OWNER_APPROVAL_PENDING
lead_self,Lead tự tạo,243,G01455,2,LEAD,1,False,True,Trinh,,,MAPPING_OR_PAYMENT_APPROVAL_PENDING,OWNER_APPROVAL_PENDING
lead_self,Lead tự tạo,244,G00461,3,LEAD,1,False,True,Trinh,,,MAPPING_OR_PAYMENT_APPROVAL_PENDING,OWNER_APPROVAL_PENDING
lead_self,Lead tự tạo,245,G01456,2,LEAD,1,False,True,Trinh,,,MAPPING_OR_PAYMENT_APPROVAL_PENDING,OWNER_APPROVAL_PENDING
lead_self,Lead tự tạo,246,G01457,1,LEAD,1,False,True,Thư,,,MAPPING_OR_PAYMENT_APPROVAL_PENDING,OWNER_APPROVAL_PENDING
lead_self,Lead tự tạo,247,G01458,1,LEAD,0,False,True,Thư,,,REVIEW_STRUCTURE,NO_VALID_CONTACT|OWNER_APPROVAL_PENDING
lead_self,Lead tự tạo,248,G01459,2,LEAD,1,False,True,Bình,,,MAPPING_OR_PAYMENT_APPROVAL_PENDING,OWNER_APPROVAL_PENDING
lead_self,Lead tự tạo,249,G01460,1,LEAD,1,False,True,Trinh,,,MAPPING_OR_PAYMENT_APPROVAL_PENDING,OWNER_APPROVAL_PENDING
lead_self,Lead tự tạo,250,G00462,3,LEAD,1,False,True,Trinh,,,MAPPING_OR_PAYMENT_APPROVAL_PENDING,OWNER_APPROVAL_PENDING
lead_self,Lead tự tạo,251,G01461,1,LEAD,1,False,True,Bình,,,MAPPING_OR_PAYMENT_APPROVAL_PENDING,OWNER_APPROVAL_PENDING
lead_self,Lead tự tạo,252,G01462,1,LEAD,1,False,True,Bình,,,MAPPING_OR_PAYMENT_APPROVAL_PENDING,OWNER_APPROVAL_PENDING
lead_self,Lead tự tạo,253,G01463,1,LEAD,1,False,True,Thư,,,MAPPING_OR_PAYMENT_APPROVAL_PENDING,OWNER_APPROVAL_PENDING
lead_self,Lead tự tạo,254,G01464,2,LEAD,1,False,True,Bình,,,MAPPING_OR_PAYMENT_APPROVAL_PENDING,OWNER_APPROVAL_PENDING
lead_self,Lead tự tạo,255,G01465,1,LEAD,1,False,True,Bình,,,MAPPING_OR_PAYMENT_APPROVAL_PENDING,OWNER_APPROVAL_PENDING
lead_self,Lead tự tạo,256,G01466,2,LEAD,1,False,True,Bình,,,MAPPING_OR_PAYMENT_APPROVAL_PENDING,OWNER_APPROVAL_PENDING
lead_self,Lead tự tạo,257,G01467,1,LEAD,1,False,True,Thư,,,MAPPING_OR_PAYMENT_APPROVAL_PENDING,OWNER_APPROVAL_PENDING
lead_self,Lead tự tạo,258,G01468,1,LEAD,1,False,True,Bình,,,MAPPING_OR_PAYMENT_APPROVAL_PENDING,OWNER_APPROVAL_PENDING
lead_self,Lead tự tạo,259,G01469,1,LEAD,1,False,True,Thư,,,MAPPING_OR_PAYMENT_APPROVAL_PENDING,OWNER_APPROVAL_PENDING
lead_self,Lead tự tạo,260,G01470,2,LEAD,1,False,True,Bình,,,MAPPING_OR_PAYMENT_APPROVAL_PENDING,OWNER_APPROVAL_PENDING
lead_self,Lead tự tạo,261,G01471,1,LEAD,1,False,True,Bình,,,MAPPING_OR_PAYMENT_APPROVAL_PENDING,OWNER_APPROVAL_PENDING
lead_self,Lead tự tạo,262,G01472,2,LEAD,1,False,True,Bình,,,MAPPING_OR_PAYMENT_APPROVAL_PENDING,OWNER_APPROVAL_PENDING
lead_self,Lead tự tạo,263,G01473,1,LEAD,1,False,True,Thư,,,MAPPING_OR_PAYMENT_APPROVAL_PENDING,OWNER_APPROVAL_PENDING
lead_self,Lead tự tạo,264,G01474,1,LEAD,1,False,True,Bình,,,MAPPING_OR_PAYMENT_APPROVAL_PENDING,OWNER_APPROVAL_PENDING
lead_self,Lead tự tạo,265,G01475,1,LEAD,1,False,True,Thư,,,MAPPING_OR_PAYMENT_APPROVAL_PENDING,OWNER_APPROVAL_PENDING
lead_self,Lead tự tạo,266,G01476,2,LEAD,1,False,True,Thư,,,MAPPING_OR_PAYMENT_APPROVAL_PENDING,OWNER_APPROVAL_PENDING
lead_self,Lead tự tạo,267,G00458,3,LEAD,1,False,True,Bình,,,MAPPING_OR_PAYMENT_APPROVAL_PENDING,OWNER_APPROVAL_PENDING
lead_self,Lead tự tạo,268,G01477,1,LEAD,1,False,True,Trinh,,,MAPPING_OR_PAYMENT_APPROVAL_PENDING,OWNER_APPROVAL_PENDING
lead_self,Lead tự tạo,269,G01478,1,LEAD,1,False,True,Bình,,,MAPPING_OR_PAYMENT_APPROVAL_PENDING,OWNER_APPROVAL_PENDING
lead_self,Lead tự tạo,270,G01479,1,LEAD,1,False,True,Bình,,,MAPPING_OR_PAYMENT_APPROVAL_PENDING,OWNER_APPROVAL_PENDING
lead_self,Lead tự tạo,271,G01480,1,LEAD,1,False,True,Trinh,,,MAPPING_OR_PAYMENT_APPROVAL_PENDING,OWNER_APPROVAL_PENDING
lead_self,Lead tự tạo,272,G01481,1,LEAD,1,False,True,Trinh,,,MAPPING_OR_PAYMENT_APPROVAL_PENDING,OWNER_APPROVAL_PENDING
lead_self,Lead tự tạo,273,G01482,1,LEAD,1,False,True,Bình,,,MAPPING_OR_PAYMENT_APPROVAL_PENDING,OWNER_APPROVAL_PENDING
lead_self,Lead tự tạo,274,G01483,1,LEAD,1,False,True,Thư,,,MAPPING_OR_PAYMENT_APPROVAL_PENDING,OWNER_APPROVAL_PENDING
lead_self,Lead tự tạo,275,G01484,1,LEAD,1,False,True,Bình,,,MAPPING_OR_PAYMENT_APPROVAL_PENDING,OWNER_APPROVAL_PENDING
lead_self,Lead tự tạo,276,G01485,1,LEAD,1,False,True,Thư,,,MAPPING_OR_PAYMENT_APPROVAL_PENDING,OWNER_APPROVAL_PENDING
lead_self,Lead tự tạo,277,G01486,1,LEAD,1,False,True,Thư,,,MAPPING_OR_PAYMENT_APPROVAL_PENDING,OWNER_APPROVAL_PENDING
lead_self,Lead tự tạo,278,G01487,2,LEAD,1,False,True,Thư,,,MAPPING_OR_PAYMENT_APPROVAL_PENDING,OWNER_APPROVAL_PENDING
lead_self,Lead tự tạo,279,G01488,2,LEAD,1,False,True,Bình,,,MAPPING_OR_PAYMENT_APPROVAL_PENDING,OWNER_APPROVAL_PENDING
lead_self,Lead tự tạo,280,G01489,1,LEAD,1,False,True,Thư,,,MAPPING_OR_PAYMENT_APPROVAL_PENDING,OWNER_APPROVAL_PENDING
lead_self,Lead tự tạo,281,G01490,2,LEAD,1,False,True,Bình,,,MAPPING_OR_PAYMENT_APPROVAL_PENDING,OWNER_APPROVAL_PENDING
lead_self,Lead tự tạo,282,G01491,1,LEAD,1,False,True,Trinh,,,MAPPING_OR_PAYMENT_APPROVAL_PENDING,OWNER_APPROVAL_PENDING
lead_self,Lead tự tạo,283,G01492,1,LEAD,1,False,True,Bình,,,MAPPING_OR_PAYMENT_APPROVAL_PENDING,OWNER_APPROVAL_PENDING
lead_self,Lead tự tạo,284,G01493,1,LEAD,1,False,True,Thư,,,MAPPING_OR_PAYMENT_APPROVAL_PENDING,OWNER_APPROVAL_PENDING
lead_self,Lead tự tạo,285,G01494,2,LEAD,1,False,True,Trinh,,,MAPPING_OR_PAYMENT_APPROVAL_PENDING,OWNER_APPROVAL_PENDING
lead_self,Lead tự tạo,286,G01495,2,LEAD,1,False,True,Trinh,,,MAPPING_OR_PAYMENT_APPROVAL_PENDING,OWNER_APPROVAL_PENDING
lead_self,Lead tự tạo,287,G01496,1,LEAD,1,False,True,Bình,,,MAPPING_OR_PAYMENT_APPROVAL_PENDING,OWNER_APPROVAL_PENDING
lead_self,Lead tự tạo,288,G01497,2,LEAD,1,False,True,Bình,,,MAPPING_OR_PAYMENT_APPROVAL_PENDING,OWNER_APPROVAL_PENDING
lead_self,Lead tự tạo,289,G01498,1,LEAD,1,False,False,Bình,,,MAPPING_OR_PAYMENT_APPROVAL_PENDING,OWNER_APPROVAL_PENDING
lead_self,Lead tự tạo,290,G01499,1,LEAD,1,False,True,Thư,,,MAPPING_OR_PAYMENT_APPROVAL_PENDING,OWNER_APPROVAL_PENDING
lead_self,Lead tự tạo,291,G01500,1,LEAD,1,False,True,Bình,,,MAPPING_OR_PAYMENT_APPROVAL_PENDING,OWNER_APPROVAL_PENDING
lead_self,Lead tự tạo,292,G01501,2,LEAD,1,False,True,Thư,,,MAPPING_OR_PAYMENT_APPROVAL_PENDING,OWNER_APPROVAL_PENDING
lead_self,Lead tự tạo,293,G01502,1,LEAD,1,False,True,Bình,,,MAPPING_OR_PAYMENT_APPROVAL_PENDING,OWNER_APPROVAL_PENDING
lead_self,Lead tự tạo,294,G01503,2,LEAD,1,False,True,Thư,,,MAPPING_OR_PAYMENT_APPROVAL_PENDING,OWNER_APPROVAL_PENDING
lead_self,Lead tự tạo,295,G01504,1,LEAD,1,False,False,Bình,,,MAPPING_OR_PAYMENT_APPROVAL_PENDING,OWNER_APPROVAL_PENDING
lead_self,Lead tự tạo,296,G01505,1,LEAD,1,False,True,Trinh,,,MAPPING_OR_PAYMENT_APPROVAL_PENDING,OWNER_APPROVAL_PENDING
lead_self,Lead tự tạo,297,G00470,4,LEAD,1,False,True,Trinh,,,MAPPING_OR_PAYMENT_APPROVAL_PENDING,OWNER_APPROVAL_PENDING
lead_self,Lead tự tạo,298,G01506,1,LEAD,1,False,True,Trinh,,,MAPPING_OR_PAYMENT_APPROVAL_PENDING,OWNER_APPROVAL_PENDING
lead_self,Lead tự tạo,299,G01507,2,LEAD,1,False,True,Thư,,,MAPPING_OR_PAYMENT_APPROVAL_PENDING,OWNER_APPROVAL_PENDING
lead_self,Lead tự tạo,300,G01508,1,LEAD,1,False,True,Thư,,,MAPPING_OR_PAYMENT_APPROVAL_PENDING,OWNER_APPROVAL_PENDING
lead_self,Lead tự tạo,301,G01509,1,LEAD,2,False,True,Bình,,,MAPPING_OR_PAYMENT_APPROVAL_PENDING,OWNER_APPROVAL_PENDING
lead_self,Lead tự tạo,302,G01510,1,LEAD,2,False,False,Thư,,,MAPPING_OR_PAYMENT_APPROVAL_PENDING,OWNER_APPROVAL_PENDING
lead_self,Lead tự tạo,303,G01511,1,LEAD,1,False,False,Bình,,,MAPPING_OR_PAYMENT_APPROVAL_PENDING,OWNER_APPROVAL_PENDING
lead_self,Lead tự tạo,304,G01512,2,LEAD,1,False,True,Bình,,,MAPPING_OR_PAYMENT_APPROVAL_PENDING,OWNER_APPROVAL_PENDING
lead_self,Lead tự tạo,305,G01513,1,LEAD,1,False,True,Thư,,,MAPPING_OR_PAYMENT_APPROVAL_PENDING,OWNER_APPROVAL_PENDING
lead_self,Lead tự tạo,306,G01514,1,LEAD,1,False,True,Bình,,,MAPPING_OR_PAYMENT_APPROVAL_PENDING,OWNER_APPROVAL_PENDING
lead_self,Lead tự tạo,307,G01515,2,LEAD,1,False,True,Thư,,,MAPPING_OR_PAYMENT_APPROVAL_PENDING,OWNER_APPROVAL_PENDING
lead_self,Lead tự tạo,308,G01516,1,LEAD,1,False,True,Trinh,,,MAPPING_OR_PAYMENT_APPROVAL_PENDING,OWNER_APPROVAL_PENDING
lead_self,Lead tự tạo,309,G01517,1,LEAD,1,False,True,Thư,,,MAPPING_OR_PAYMENT_APPROVAL_PENDING,OWNER_APPROVAL_PENDING
lead_self,Lead tự tạo,310,G01518,1,LEAD,1,False,True,Thư,,,MAPPING_OR_PAYMENT_APPROVAL_PENDING,OWNER_APPROVAL_PENDING
lead_self,Lead tự tạo,311,G01519,2,LEAD,1,False,True,Bình,,,MAPPING_OR_PAYMENT_APPROVAL_PENDING,OWNER_APPROVAL_PENDING
lead_self,Lead tự tạo,312,G01520,2,LEAD,1,False,True,Thư,,,MAPPING_OR_PAYMENT_APPROVAL_PENDING,OWNER_APPROVAL_PENDING
lead_self,Lead tự tạo,313,G01521,2,LEAD,1,False,True,Bình,,,MAPPING_OR_PAYMENT_APPROVAL_PENDING,OWNER_APPROVAL_PENDING
lead_self,Lead tự tạo,314,G01522,2,LEAD,1,False,True,Thư,,,MAPPING_OR_PAYMENT_APPROVAL_PENDING,OWNER_APPROVAL_PENDING
lead_self,Lead tự tạo,315,G01523,1,LEAD,1,False,True,Bình,,,MAPPING_OR_PAYMENT_APPROVAL_PENDING,OWNER_APPROVAL_PENDING
lead_self,Lead tự tạo,316,G01524,1,LEAD,0,False,True,Thư,,,REVIEW_STRUCTURE,NO_VALID_CONTACT|OWNER_APPROVAL_PENDING
lead_self,Lead tự tạo,317,G01525,1,LEAD,1,False,False,Bình,,,MAPPING_OR_PAYMENT_APPROVAL_PENDING,OWNER_APPROVAL_PENDING
lead_self,Lead tự tạo,318,G01526,2,LEAD,1,False,False,Bình,,,MAPPING_OR_PAYMENT_APPROVAL_PENDING,OWNER_APPROVAL_PENDING
lead_self,Lead tự tạo,319,G01527,1,LEAD,1,False,True,Thư,,,MAPPING_OR_PAYMENT_APPROVAL_PENDING,OWNER_APPROVAL_PENDING
lead_self,Lead tự tạo,320,G01528,1,LEAD,1,False,True,Trinh,,,MAPPING_OR_PAYMENT_APPROVAL_PENDING,OWNER_APPROVAL_PENDING
lead_self,Lead tự tạo,321,G01529,1,LEAD,1,False,True,Bình,,,MAPPING_OR_PAYMENT_APPROVAL_PENDING,OWNER_APPROVAL_PENDING
lead_self,Lead tự tạo,322,G01530,1,LEAD,1,False,True,Thư,,,MAPPING_OR_PAYMENT_APPROVAL_PENDING,OWNER_APPROVAL_PENDING
lead_self,Lead tự tạo,323,G01531,1,LEAD,1,False,True,Thư,,,MAPPING_OR_PAYMENT_APPROVAL_PENDING,OWNER_APPROVAL_PENDING
lead_self,Lead tự tạo,324,G01532,1,LEAD,1,False,False,Bình,,,MAPPING_OR_PAYMENT_APPROVAL_PENDING,OWNER_APPROVAL_PENDING
lead_self,Lead tự tạo,325,G01533,1,LEAD,1,False,True,Thư,,,MAPPING_OR_PAYMENT_APPROVAL_PENDING,OWNER_APPROVAL_PENDING
lead_self,Lead tự tạo,326,G01534,1,LEAD,1,False,False,Bình,,,MAPPING_OR_PAYMENT_APPROVAL_PENDING,OWNER_APPROVAL_PENDING
lead_self,Lead tự tạo,327,G01535,1,LEAD,1,False,True,Thư,,,MAPPING_OR_PAYMENT_APPROVAL_PENDING,OWNER_APPROVAL_PENDING
lead_self,Lead tự tạo,328,G01536,1,LEAD,1,False,False,Bình,,,MAPPING_OR_PAYMENT_APPROVAL_PENDING,OWNER_APPROVAL_PENDING
lead_self,Lead tự tạo,329,G01537,1,LEAD,1,False,False,Thư,,,MAPPING_OR_PAYMENT_APPROVAL_PENDING,OWNER_APPROVAL_PENDING
lead_self,Lead tự tạo,330,G01538,1,LEAD,1,False,False,Bình,,,MAPPING_OR_PAYMENT_APPROVAL_PENDING,OWNER_APPROVAL_PENDING
lead_self,Lead tự tạo,331,G01539,1,LEAD,1,False,True,Trinh,,,MAPPING_OR_PAYMENT_APPROVAL_PENDING,OWNER_APPROVAL_PENDING
lead_self,Lead tự tạo,332,G01540,1,LEAD,1,False,True,Thư,,,MAPPING_OR_PAYMENT_APPROVAL_PENDING,OWNER_APPROVAL_PENDING
lead_self,Lead tự tạo,333,G01541,2,LEAD,1,False,False,Thư,,,MAPPING_OR_PAYMENT_APPROVAL_PENDING,OWNER_APPROVAL_PENDING
lead_self,Lead tự tạo,334,G01542,1,LEAD,1,False,False,Thư,,,MAPPING_OR_PAYMENT_APPROVAL_PENDING,OWNER_APPROVAL_PENDING
lead_self,Lead tự tạo,335,G01543,2,LEAD,1,False,True,Trinh,,,MAPPING_OR_PAYMENT_APPROVAL_PENDING,OWNER_APPROVAL_PENDING
lead_self,Lead tự tạo,336,G01544,1,LEAD,1,False,True,Trinh,,,MAPPING_OR_PAYMENT_APPROVAL_PENDING,OWNER_APPROVAL_PENDING
lead_self,Lead tự tạo,337,G01545,1,LEAD,1,False,True,Bình,,,MAPPING_OR_PAYMENT_APPROVAL_PENDING,OWNER_APPROVAL_PENDING
lead_self,Lead tự tạo,338,G01546,1,LEAD,1,False,True,Trinh,,,MAPPING_OR_PAYMENT_APPROVAL_PENDING,OWNER_APPROVAL_PENDING
lead_self,Lead tự tạo,339,G01547,1,LEAD,1,False,True,Trinh,,,MAPPING_OR_PAYMENT_APPROVAL_PENDING,OWNER_APPROVAL_PENDING
lead_self,Lead tự tạo,340,G01548,1,LEAD,0,False,True,Trinh,,,REVIEW_STRUCTURE,NO_VALID_CONTACT|OWNER_APPROVAL_PENDING
lead_self,Lead tự tạo,341,G01549,1,LEAD,1,False,True,Trinh,,,MAPPING_OR_PAYMENT_APPROVAL_PENDING,OWNER_APPROVAL_PENDING
lead_self,Lead tự tạo,342,G01550,2,LEAD,1,False,True,Trinh,,,MAPPING_OR_PAYMENT_APPROVAL_PENDING,OWNER_APPROVAL_PENDING
lead_self,Lead tự tạo,343,G01551,1,LEAD,1,False,False,Thư,,,MAPPING_OR_PAYMENT_APPROVAL_PENDING,OWNER_APPROVAL_PENDING
lead_self,Lead tự tạo,344,G01552,2,LEAD,1,False,True,Thư,,,MAPPING_OR_PAYMENT_APPROVAL_PENDING,OWNER_APPROVAL_PENDING
lead_self,Lead tự tạo,345,G01553,1,LEAD,1,False,False,Bình,,,MAPPING_OR_PAYMENT_APPROVAL_PENDING,OWNER_APPROVAL_PENDING
lead_self,Lead tự tạo,346,G01554,1,LEAD,1,False,True,Thư,,,MAPPING_OR_PAYMENT_APPROVAL_PENDING,OWNER_APPROVAL_PENDING
lead_self,Lead tự tạo,347,G01555,1,LEAD,1,False,True,Bình,,,MAPPING_OR_PAYMENT_APPROVAL_PENDING,OWNER_APPROVAL_PENDING
lead_self,Lead tự tạo,348,G01556,1,LEAD,1,False,True,Thư,,,MAPPING_OR_PAYMENT_APPROVAL_PENDING,OWNER_APPROVAL_PENDING
lead_self,Lead tự tạo,349,G01557,2,LEAD,1,False,True,Trinh,,,MAPPING_OR_PAYMENT_APPROVAL_PENDING,OWNER_APPROVAL_PENDING
lead_self,Lead tự tạo,350,G01558,1,LEAD,0,False,False,Bình,,,REVIEW_STRUCTURE,NO_VALID_CONTACT|OWNER_APPROVAL_PENDING
lead_self,Lead tự tạo,351,G01559,1,LEAD,1,False,True,Thư,,,MAPPING_OR_PAYMENT_APPROVAL_PENDING,OWNER_APPROVAL_PENDING
lead_self,Lead tự tạo,352,G01560,1,LEAD,0,False,False,Bình,,,REVIEW_STRUCTURE,NO_VALID_CONTACT|OWNER_APPROVAL_PENDING
lead_self,Lead tự tạo,353,G01561,1,LEAD,1,False,False,Thư,,,MAPPING_OR_PAYMENT_APPROVAL_PENDING,OWNER_APPROVAL_PENDING
lead_self,Lead tự tạo,354,G01562,1,LEAD,1,False,False,Bình,,,MAPPING_OR_PAYMENT_APPROVAL_PENDING,OWNER_APPROVAL_PENDING
lead_self,Lead tự tạo,355,G01563,1,LEAD,1,False,False,Bình,,,MAPPING_OR_PAYMENT_APPROVAL_PENDING,OWNER_APPROVAL_PENDING
lead_self,Lead tự tạo,356,G01564,1,LEAD,1,False,True,Thư,,,MAPPING_OR_PAYMENT_APPROVAL_PENDING,OWNER_APPROVAL_PENDING
lead_self,Lead tự tạo,357,G01565,1,LEAD,1,False,False,Bình,,,MAPPING_OR_PAYMENT_APPROVAL_PENDING,OWNER_APPROVAL_PENDING
lead_self,Lead tự tạo,358,G01566,1,LEAD,0,False,True,Thư,,,REVIEW_STRUCTURE,NO_VALID_CONTACT|OWNER_APPROVAL_PENDING
lead_self,Lead tự tạo,359,G01567,1,LEAD,1,False,False,Thư,,,MAPPING_OR_PAYMENT_APPROVAL_PENDING,OWNER_APPROVAL_PENDING
lead_self,Lead tự tạo,360,G01568,1,LEAD,1,False,False,Bình,,,MAPPING_OR_PAYMENT_APPROVAL_PENDING,OWNER_APPROVAL_PENDING
lead_self,Lead tự tạo,361,G01569,1,LEAD,1,False,True,Bình,,,MAPPING_OR_PAYMENT_APPROVAL_PENDING,OWNER_APPROVAL_PENDING
lead_self,Lead tự tạo,362,G01570,1,LEAD,0,False,True,Trinh,,,REVIEW_STRUCTURE,NO_VALID_CONTACT|OWNER_APPROVAL_PENDING
lead_self,Lead tự tạo,363,G01571,2,LEAD,1,False,True,Trinh,,,MAPPING_OR_PAYMENT_APPROVAL_PENDING,OWNER_APPROVAL_PENDING
lead_self,Lead tự tạo,364,G01572,2,LEAD,1,False,False,Thư,,,MAPPING_OR_PAYMENT_APPROVAL_PENDING,OWNER_APPROVAL_PENDING
lead_self,Lead tự tạo,365,G01573,1,LEAD,1,False,False,Bình,,,MAPPING_OR_PAYMENT_APPROVAL_PENDING,OWNER_APPROVAL_PENDING
lead_self,Lead tự tạo,366,G01574,2,LEAD,1,False,False,Thư,,,MAPPING_OR_PAYMENT_APPROVAL_PENDING,OWNER_APPROVAL_PENDING
lead_self,Lead tự tạo,367,G01575,2,LEAD,1,False,False,Bình,,,MAPPING_OR_PAYMENT_APPROVAL_PENDING,OWNER_APPROVAL_PENDING
lead_self,Lead tự tạo,368,G01576,1,LEAD,1,False,False,Thư,,,MAPPING_OR_PAYMENT_APPROVAL_PENDING,OWNER_APPROVAL_PENDING
lead_self,Lead tự tạo,369,G01577,1,LEAD,1,False,False,Bình,,,MAPPING_OR_PAYMENT_APPROVAL_PENDING,OWNER_APPROVAL_PENDING
lead_self,Lead tự tạo,370,G01578,2,LEAD,1,False,True,Thư,,,MAPPING_OR_PAYMENT_APPROVAL_PENDING,OWNER_APPROVAL_PENDING
lead_self,Lead tự tạo,371,G01579,2,LEAD,1,False,False,Bình,,,MAPPING_OR_PAYMENT_APPROVAL_PENDING,OWNER_APPROVAL_PENDING
lead_self,Lead tự tạo,372,G01580,2,LEAD,1,False,False,Thư,,,MAPPING_OR_PAYMENT_APPROVAL_PENDING,OWNER_APPROVAL_PENDING
lead_self,Lead tự tạo,373,G01581,2,LEAD,1,False,False,Bình,,,MAPPING_OR_PAYMENT_APPROVAL_PENDING,OWNER_APPROVAL_PENDING
lead_self,Lead tự tạo,374,G00497,3,LEAD,1,False,False,Thư,,,MAPPING_OR_PAYMENT_APPROVAL_PENDING,OWNER_APPROVAL_PENDING
lead_self,Lead tự tạo,375,G00492,3,LEAD,1,False,False,Trinh,,,MAPPING_OR_PAYMENT_APPROVAL_PENDING,OWNER_APPROVAL_PENDING
lead_self,Lead tự tạo,376,G01582,1,LEAD,1,False,False,Trinh,,,MAPPING_OR_PAYMENT_APPROVAL_PENDING,OWNER_APPROVAL_PENDING
lead_self,Lead tự tạo,377,G00494,3,LEAD,1,False,False,Thư,,,MAPPING_OR_PAYMENT_APPROVAL_PENDING,OWNER_APPROVAL_PENDING
lead_self,Lead tự tạo,378,G01583,1,LEAD,1,False,False,Trinh,,,MAPPING_OR_PAYMENT_APPROVAL_PENDING,OWNER_APPROVAL_PENDING
lead_self,Lead tự tạo,379,G01584,2,LEAD,1,False,False,Trinh,,,MAPPING_OR_PAYMENT_APPROVAL_PENDING,OWNER_APPROVAL_PENDING
lead_self,Lead tự tạo,380,G01585,2,LEAD,1,False,False,Bình,,,MAPPING_OR_PAYMENT_APPROVAL_PENDING,OWNER_APPROVAL_PENDING
lead_self,Lead tự tạo,381,G00495,3,LEAD,1,False,False,Trinh,,,MAPPING_OR_PAYMENT_APPROVAL_PENDING,OWNER_APPROVAL_PENDING
lead_self,Lead tự tạo,382,G01586,2,LEAD,1,False,False,Trinh,,,MAPPING_OR_PAYMENT_APPROVAL_PENDING,OWNER_APPROVAL_PENDING
lead_self,Lead tự tạo,383,G01587,2,LEAD,1,False,False,Trinh,,,MAPPING_OR_PAYMENT_APPROVAL_PENDING,OWNER_APPROVAL_PENDING
lead_self,Lead tự tạo,384,G01588,1,LEAD,1,False,False,Trinh,,,MAPPING_OR_PAYMENT_APPROVAL_PENDING,OWNER_APPROVAL_PENDING
lead_self,Lead tự tạo,385,G01589,2,LEAD,1,False,False,Bình,,,MAPPING_OR_PAYMENT_APPROVAL_PENDING,OWNER_APPROVAL_PENDING
lead_self,Lead tự tạo,386,G01590,1,LEAD,1,False,False,Thư,,,MAPPING_OR_PAYMENT_APPROVAL_PENDING,OWNER_APPROVAL_PENDING
lead_self,Lead tự tạo,387,G01591,1,LEAD,1,False,False,Bình,,,MAPPING_OR_PAYMENT_APPROVAL_PENDING,OWNER_APPROVAL_PENDING
lead_self,Lead tự tạo,388,G01592,1,LEAD,1,False,True,Thư,,,MAPPING_OR_PAYMENT_APPROVAL_PENDING,OWNER_APPROVAL_PENDING
lead_self,Lead tự tạo,389,G01593,1,LEAD,1,False,True,Bình,,,MAPPING_OR_PAYMENT_APPROVAL_PENDING,OWNER_APPROVAL_PENDING
lead_self,Lead tự tạo,390,G01594,1,LEAD,1,False,True,Thư,,,MAPPING_OR_PAYMENT_APPROVAL_PENDING,OWNER_APPROVAL_PENDING
lead_self,Lead tự tạo,391,G01595,1,LEAD,0,False,False,Bình,,,REVIEW_STRUCTURE,NO_VALID_CONTACT|OWNER_APPROVAL_PENDING
lead_self,Lead tự tạo,392,G01596,1,LEAD,1,False,True,Thư,,,MAPPING_OR_PAYMENT_APPROVAL_PENDING,OWNER_APPROVAL_PENDING
lead_self,Lead tự tạo,393,G01597,1,LEAD,1,False,True,Bình,,,MAPPING_OR_PAYMENT_APPROVAL_PENDING,OWNER_APPROVAL_PENDING
lead_self,Lead tự tạo,394,G01617,2,LEAD,1,False,True,Thư,,,MAPPING_OR_PAYMENT_APPROVAL_PENDING,OWNER_APPROVAL_PENDING
lead_self,Lead tự tạo,395,G01598,1,LEAD,1,False,True,Bình,,,MAPPING_OR_PAYMENT_APPROVAL_PENDING,OWNER_APPROVAL_PENDING
lead_self,Lead tự tạo,396,G01599,1,LEAD,1,False,True,Thư,,,MAPPING_OR_PAYMENT_APPROVAL_PENDING,OWNER_APPROVAL_PENDING
lead_self,Lead tự tạo,397,G01600,1,LEAD,1,False,False,Bình,,,MAPPING_OR_PAYMENT_APPROVAL_PENDING,OWNER_APPROVAL_PENDING
lead_self,Lead tự tạo,398,G01601,1,LEAD,1,False,True,Thư,,,MAPPING_OR_PAYMENT_APPROVAL_PENDING,OWNER_APPROVAL_PENDING
lead_self,Lead tự tạo,399,G01602,1,LEAD,1,False,False,Bình,,,MAPPING_OR_PAYMENT_APPROVAL_PENDING,OWNER_APPROVAL_PENDING
lead_self,Lead tự tạo,400,G01603,1,LEAD,1,False,True,Thư,,,MAPPING_OR_PAYMENT_APPROVAL_PENDING,OWNER_APPROVAL_PENDING
lead_self,Lead tự tạo,401,G01604,1,LEAD,1,False,True,Bình,,,MAPPING_OR_PAYMENT_APPROVAL_PENDING,OWNER_APPROVAL_PENDING
lead_self,Lead tự tạo,402,G01605,1,LEAD,1,False,True,Thư,,,MAPPING_OR_PAYMENT_APPROVAL_PENDING,OWNER_APPROVAL_PENDING
lead_self,Lead tự tạo,403,G01606,1,LEAD,1,False,True,Bình,,,MAPPING_OR_PAYMENT_APPROVAL_PENDING,OWNER_APPROVAL_PENDING
lead_self,Lead tự tạo,404,G00524,3,LEAD,1,False,True,Thư,,,MAPPING_OR_PAYMENT_APPROVAL_PENDING,OWNER_APPROVAL_PENDING
lead_self,Lead tự tạo,405,G01607,1,LEAD,1,False,True,Thư,,,MAPPING_OR_PAYMENT_APPROVAL_PENDING,OWNER_APPROVAL_PENDING
lead_self,Lead tự tạo,406,G01608,1,LEAD,1,False,True,Bình,,,MAPPING_OR_PAYMENT_APPROVAL_PENDING,OWNER_APPROVAL_PENDING
lead_self,Lead tự tạo,407,G01609,1,LEAD,1,False,True,Thư,,,MAPPING_OR_PAYMENT_APPROVAL_PENDING,OWNER_APPROVAL_PENDING
lead_self,Lead tự tạo,409,G01610,1,LEAD,1,False,True,Thư,,,MAPPING_OR_PAYMENT_APPROVAL_PENDING,OWNER_APPROVAL_PENDING
lead_self,Lead tự tạo,410,G01611,1,LEAD,1,False,True,Bình,,,MAPPING_OR_PAYMENT_APPROVAL_PENDING,OWNER_APPROVAL_PENDING
lead_self,Lead tự tạo,411,G01612,1,LEAD,1,False,True,Thư,,,MAPPING_OR_PAYMENT_APPROVAL_PENDING,OWNER_APPROVAL_PENDING
lead_self,Lead tự tạo,412,G01613,1,LEAD,1,False,True,Bình,,,MAPPING_OR_PAYMENT_APPROVAL_PENDING,OWNER_APPROVAL_PENDING
lead_self,Lead tự tạo,413,G01614,1,LEAD,1,False,True,Thư,,,MAPPING_OR_PAYMENT_APPROVAL_PENDING,OWNER_APPROVAL_PENDING
lead_self,Lead tự tạo,414,G01615,1,LEAD,1,False,True,Thư,,,MAPPING_OR_PAYMENT_APPROVAL_PENDING,OWNER_APPROVAL_PENDING
lead_self,Lead tự tạo,415,G01616,1,LEAD,1,False,True,Bình,,,MAPPING_OR_PAYMENT_APPROVAL_PENDING,OWNER_APPROVAL_PENDING
lead_self,Lead tự tạo,416,G01617,2,LEAD,1,False,True,Bình,,,MAPPING_OR_PAYMENT_APPROVAL_PENDING,OWNER_APPROVAL_PENDING
lead_self,Lead tự tạo,417,G01618,1,LEAD,1,False,False,Thư,,,MAPPING_OR_PAYMENT_APPROVAL_PENDING,OWNER_APPROVAL_PENDING
lead_self,Lead tự tạo,418,G01619,1,LEAD,2,False,True,Bình,,,MAPPING_OR_PAYMENT_APPROVAL_PENDING,OWNER_APPROVAL_PENDING
lead_self,Lead tự tạo,419,G01630,2,LEAD,1,False,True,Thư,,,MAPPING_OR_PAYMENT_APPROVAL_PENDING,OWNER_APPROVAL_PENDING
lead_self,Lead tự tạo,420,G01620,1,LEAD,1,False,False,Bình,,,MAPPING_OR_PAYMENT_APPROVAL_PENDING,OWNER_APPROVAL_PENDING
lead_self,Lead tự tạo,421,G01621,1,LEAD,1,False,False,Bình,,,MAPPING_OR_PAYMENT_APPROVAL_PENDING,OWNER_APPROVAL_PENDING
lead_self,Lead tự tạo,422,G01622,1,LEAD,1,False,False,Thư,,,MAPPING_OR_PAYMENT_APPROVAL_PENDING,OWNER_APPROVAL_PENDING
lead_self,Lead tự tạo,423,G00538,3,LEAD,1,False,True,Bình,,,MAPPING_OR_PAYMENT_APPROVAL_PENDING,OWNER_APPROVAL_PENDING
lead_self,Lead tự tạo,424,G00539,3,LEAD,1,False,True,Thư,,,MAPPING_OR_PAYMENT_APPROVAL_PENDING,OWNER_APPROVAL_PENDING
lead_self,Lead tự tạo,425,G01623,1,LEAD,1,False,True,Bình,,,MAPPING_OR_PAYMENT_APPROVAL_PENDING,OWNER_APPROVAL_PENDING
lead_self,Lead tự tạo,426,G01624,1,LEAD,1,False,True,Thư,,,MAPPING_OR_PAYMENT_APPROVAL_PENDING,OWNER_APPROVAL_PENDING
lead_self,Lead tự tạo,427,G01625,1,LEAD,1,False,False,Bình,,,MAPPING_OR_PAYMENT_APPROVAL_PENDING,OWNER_APPROVAL_PENDING
lead_self,Lead tự tạo,428,G01626,1,LEAD,1,False,True,Thư,,,MAPPING_OR_PAYMENT_APPROVAL_PENDING,OWNER_APPROVAL_PENDING
lead_self,Lead tự tạo,429,G01627,1,LEAD,1,False,True,Bình,,,MAPPING_OR_PAYMENT_APPROVAL_PENDING,OWNER_APPROVAL_PENDING
lead_self,Lead tự tạo,430,G01628,1,LEAD,1,False,True,Thư,,,MAPPING_OR_PAYMENT_APPROVAL_PENDING,OWNER_APPROVAL_PENDING
lead_self,Lead tự tạo,431,G01629,1,LEAD,1,False,False,Bình,,,MAPPING_OR_PAYMENT_APPROVAL_PENDING,OWNER_APPROVAL_PENDING
lead_self,Lead tự tạo,432,G00545,3,LEAD,1,False,True,Thư,,,MAPPING_OR_PAYMENT_APPROVAL_PENDING,OWNER_APPROVAL_PENDING
lead_self,Lead tự tạo,433,G01630,2,LEAD,1,False,True,Bình,,,MAPPING_OR_PAYMENT_APPROVAL_PENDING,OWNER_APPROVAL_PENDING
lead_self,Lead tự tạo,434,G01631,1,LEAD,1,False,True,Thư,,,MAPPING_OR_PAYMENT_APPROVAL_PENDING,OWNER_APPROVAL_PENDING
lead_self,Lead tự tạo,435,G01632,1,LEAD,1,False,True,Bình,,,MAPPING_OR_PAYMENT_APPROVAL_PENDING,OWNER_APPROVAL_PENDING
lead_self,Lead tự tạo,436,G01633,1,LEAD,1,False,True,Thư,,,MAPPING_OR_PAYMENT_APPROVAL_PENDING,OWNER_APPROVAL_PENDING
lead_self,Lead tự tạo,437,G01634,1,LEAD,1,False,False,Bình,,,MAPPING_OR_PAYMENT_APPROVAL_PENDING,OWNER_APPROVAL_PENDING
lead_self,Lead tự tạo,438,G01635,1,LEAD,1,False,False,Thư,,,MAPPING_OR_PAYMENT_APPROVAL_PENDING,OWNER_APPROVAL_PENDING
lead_self,Lead tự tạo,439,G01636,1,LEAD,1,False,False,Bình,,,MAPPING_OR_PAYMENT_APPROVAL_PENDING,OWNER_APPROVAL_PENDING
lead_self,Lead tự tạo,440,G01637,1,LEAD,1,False,False,Thư,,,MAPPING_OR_PAYMENT_APPROVAL_PENDING,OWNER_APPROVAL_PENDING
lead_self,Lead tự tạo,441,G01638,1,LEAD,1,False,False,Bình,,,MAPPING_OR_PAYMENT_APPROVAL_PENDING,OWNER_APPROVAL_PENDING
lead_self,Lead tự tạo,442,G01639,1,LEAD,1,False,False,Thư,,,MAPPING_OR_PAYMENT_APPROVAL_PENDING,OWNER_APPROVAL_PENDING
lead_self,Lead tự tạo,443,G01640,1,LEAD,1,False,False,Bình,,,MAPPING_OR_PAYMENT_APPROVAL_PENDING,OWNER_APPROVAL_PENDING
lead_self,Lead tự tạo,444,G01641,1,LEAD,1,False,False,Thư,,,MAPPING_OR_PAYMENT_APPROVAL_PENDING,OWNER_APPROVAL_PENDING
lead_self,Lead tự tạo,445,G01642,1,LEAD,1,False,False,Bình,,,MAPPING_OR_PAYMENT_APPROVAL_PENDING,OWNER_APPROVAL_PENDING
lead_self,Lead tự tạo,446,G01643,1,LEAD,1,False,False,Thư,,,MAPPING_OR_PAYMENT_APPROVAL_PENDING,OWNER_APPROVAL_PENDING
lead_self,Lead tự tạo,447,G01644,1,LEAD,1,False,False,Bình,,,MAPPING_OR_PAYMENT_APPROVAL_PENDING,OWNER_APPROVAL_PENDING
lead_self,Lead tự tạo,448,G01645,1,LEAD,1,False,False,Thư,,,MAPPING_OR_PAYMENT_APPROVAL_PENDING,OWNER_APPROVAL_PENDING
lead_self,Lead tự tạo,449,G01646,1,LEAD,1,False,False,Bình,,,MAPPING_OR_PAYMENT_APPROVAL_PENDING,OWNER_APPROVAL_PENDING
lead_self,Lead tự tạo,450,G01647,1,LEAD,1,False,False,Thư,,,MAPPING_OR_PAYMENT_APPROVAL_PENDING,OWNER_APPROVAL_PENDING
lead_self,Lead tự tạo,451,G01648,1,LEAD,1,False,False,Trinh,,,MAPPING_OR_PAYMENT_APPROVAL_PENDING,OWNER_APPROVAL_PENDING
lead_self,Lead tự tạo,452,G01649,1,LEAD,1,False,False,Trinh,,,MAPPING_OR_PAYMENT_APPROVAL_PENDING,OWNER_APPROVAL_PENDING
lead_self,Lead tự tạo,453,G01650,1,LEAD,1,False,False,Bình,,,MAPPING_OR_PAYMENT_APPROVAL_PENDING,OWNER_APPROVAL_PENDING
lead_self,Lead tự tạo,454,G01651,1,LEAD,1,False,True,Trinh,,,MAPPING_OR_PAYMENT_APPROVAL_PENDING,OWNER_APPROVAL_PENDING
lead_self,Lead tự tạo,455,G01652,2,LEAD,1,False,True,Trinh,,,MAPPING_OR_PAYMENT_APPROVAL_PENDING,OWNER_APPROVAL_PENDING
lead_self,Lead tự tạo,456,G01653,1,LEAD,1,False,False,Thư,,,MAPPING_OR_PAYMENT_APPROVAL_PENDING,OWNER_APPROVAL_PENDING
lead_self,Lead tự tạo,457,G01654,1,LEAD,1,False,True,Trinh,,,MAPPING_OR_PAYMENT_APPROVAL_PENDING,OWNER_APPROVAL_PENDING
lead_self,Lead tự tạo,458,G01655,1,LEAD,1,False,True,Tính,,,MAPPING_OR_PAYMENT_APPROVAL_PENDING,OWNER_APPROVAL_PENDING
lead_self,Lead tự tạo,459,G01656,1,LEAD,1,False,True,Bình,,,MAPPING_OR_PAYMENT_APPROVAL_PENDING,OWNER_APPROVAL_PENDING
lead_self,Lead tự tạo,460,G01657,1,LEAD,1,False,True,Thư,,,MAPPING_OR_PAYMENT_APPROVAL_PENDING,OWNER_APPROVAL_PENDING
lead_self,Lead tự tạo,461,G01658,1,LEAD,1,False,True,Trinh,,,MAPPING_OR_PAYMENT_APPROVAL_PENDING,OWNER_APPROVAL_PENDING
lead_self,Lead tự tạo,462,G01659,1,LEAD,1,False,True,Tính,,,MAPPING_OR_PAYMENT_APPROVAL_PENDING,OWNER_APPROVAL_PENDING
lead_self,Lead tự tạo,463,G01660,1,LEAD,1,False,True,Bình,,,MAPPING_OR_PAYMENT_APPROVAL_PENDING,OWNER_APPROVAL_PENDING
lead_self,Lead tự tạo,464,G00630,3,LEAD,1,False,True,Thư,,,MAPPING_OR_PAYMENT_APPROVAL_PENDING,OWNER_APPROVAL_PENDING
lead_self,Lead tự tạo,465,G01661,1,LEAD,1,False,True,Trinh,,,MAPPING_OR_PAYMENT_APPROVAL_PENDING,OWNER_APPROVAL_PENDING
lead_self,Lead tự tạo,466,G01662,1,LEAD,1,False,True,Trinh,,,MAPPING_OR_PAYMENT_APPROVAL_PENDING,OWNER_APPROVAL_PENDING
lead_self,Lead tự tạo,467,G01663,1,LEAD,0,False,True,Trinh,,,REVIEW_STRUCTURE,NO_VALID_CONTACT|OWNER_APPROVAL_PENDING
lead_self,Lead tự tạo,468,G01664,1,LEAD,1,False,True,Tính,,,MAPPING_OR_PAYMENT_APPROVAL_PENDING,OWNER_APPROVAL_PENDING
lead_self,Lead tự tạo,469,G01665,1,LEAD,1,False,True,Bình,,,MAPPING_OR_PAYMENT_APPROVAL_PENDING,OWNER_APPROVAL_PENDING
lead_self,Lead tự tạo,470,G01666,1,LEAD,1,False,True,Thư,,,MAPPING_OR_PAYMENT_APPROVAL_PENDING,OWNER_APPROVAL_PENDING
zalo_oa,Zalo OA,2,G01667,1,LEAD,1,False,True,Thư,,,MAPPING_OR_PAYMENT_APPROVAL_PENDING,OWNER_APPROVAL_PENDING
zalo_oa,Zalo OA,3,G01668,1,LEAD,1,False,True,Tính,,,MAPPING_OR_PAYMENT_APPROVAL_PENDING,OWNER_APPROVAL_PENDING
web_gmail,Web gmail Viện,2,G01669,2,LEAD,1,False,True,Thư,,,MAPPING_OR_PAYMENT_APPROVAL_PENDING,OWNER_APPROVAL_PENDING
web_gmail,Web gmail Viện,3,G01670,1,LEAD,1,False,True,Tính,,,MAPPING_OR_PAYMENT_APPROVAL_PENDING,OWNER_APPROVAL_PENDING
web_gmail,Web gmail Viện,4,G01671,1,LEAD,1,False,True,Bình,,,MAPPING_OR_PAYMENT_APPROVAL_PENDING,OWNER_APPROVAL_PENDING
web_gmail,Web gmail Viện,5,G01672,2,LEAD,1,False,True,Dương,,,MAPPING_OR_PAYMENT_APPROVAL_PENDING,OWNER_APPROVAL_PENDING
web_gmail,Web gmail Viện,6,G01673,1,LEAD,1,False,True,Trinh,,,MAPPING_OR_PAYMENT_APPROVAL_PENDING,OWNER_APPROVAL_PENDING
